row_id,label,n_chars,n_words,n_subwords
axg-00000,fake,77,18,26
axg-00001,fake,41,9,14
axg-00002,fake,46,10,16
axg-00003,fake,90,18,29
axg-00004,fake,85,18,27
axg-00005,fake,67,15,19
axg-00006,fake,60,12,20
axg-00007,fake,31,6,12
axg-00008,fake,108,22,34
axg-00009,fake,78,15,18
axg-00010,fake,63,14,16
axg-00011,fake,51,10,13
axg-00012,fake,53,10,14
axg-00013,fake,79,17,19
axg-00014,fake,47,9,16
axg-00015,fake,80,19,26
axg-00016,fake,36,7,9
axg-00017,fake,53,12,18
axg-00018,fake,57,11,16
axg-00019,fake,65,13,21
axg-00020,fake,80,21,26
axg-00021,fake,40,8,15
axg-00022,fake,52,12,21
axg-00023,fake,64,12,22
axg-00024,fake,56,11,21
axg-00025,fake,56,11,22
axg-00026,fake,65,14,20
axg-00027,fake,47,9,15
axg-00028,fake,83,19,23
axg-00029,fake,41,10,12
axg-00030,fake,67,15,19
axg-00031,fake,48,11,15
axg-00032,fake,123,23,32
axg-00033,fake,114,21,37
axg-00034,fake,81,18,24
axg-00035,fake,94,19,27
axg-00036,fake,65,15,20
axg-00037,fake,77,16,25
axg-00038,fake,64,12,21
axg-00039,fake,46,10,12
axg-00040,fake,45,11,19
axg-00041,fake,102,23,32
axg-00042,fake,81,16,26
axg-00043,fake,104,23,30
axg-00044,fake,164,35,45
axg-00045,fake,55,14,17
axg-00046,fake,66,14,21
axg-00047,fake,72,15,20
axg-00048,fake,75,17,23
axg-00049,fake,106,22,33
axg-00050,fake,51,11,13
axg-00051,fake,44,10,14
axg-00052,fake,140,30,42
axg-00053,fake,32,4,14
axg-00054,fake,97,21,32
axg-00055,fake,33,6,9
axg-00056,fake,38,8,12
axg-00057,fake,120,26,39
axg-00058,fake,72,15,19
axg-00059,fake,138,29,41
axg-00060,fake,70,14,19
axg-00061,fake,44,11,14
axg-00062,fake,69,13,27
axg-00063,fake,58,12,18
axg-00064,fake,95,21,29
axg-00065,fake,73,16,26
axg-00066,fake,60,12,18
axg-00067,fake,55,13,18
axg-00068,fake,38,8,10
axg-00069,fake,85,18,27
axg-00070,fake,66,14,18
axg-00071,fake,56,12,22
axg-00072,fake,67,13,21
axg-00073,fake,45,10,13
axg-00074,fake,62,12,23
axg-00075,fake,80,18,28
axg-00076,fake,68,16,23
axg-00077,fake,75,16,28
axg-00078,fake,59,12,20
axg-00079,fake,25,4,13
axg-00080,fake,71,14,26
axg-00081,fake,90,19,26
axg-00082,fake,90,21,32
axg-00083,fake,98,20,29
axg-00084,fake,67,13,23
axg-00085,fake,47,12,18
axg-00086,fake,109,21,26
axg-00087,fake,71,17,25
axg-00088,fake,207,45,57
axg-00089,fake,191,42,47
axg-00090,fake,253,53,67
axg-00091,fake,206,44,62
axg-00092,fake,198,41,60
axg-00093,fake,177,37,55
axg-00094,fake,82,16,19
axg-00095,fake,256,55,83
axg-00096,fake,203,43,54
axg-00097,fake,88,22,24
axg-00098,fake,100,20,26
axg-00099,fake,181,37,61
axg-00100,fake,80,16,20
axg-00101,fake,206,45,48
axg-00102,fake,266,58,72
axg-00103,fake,58,11,13
axg-00104,fake,143,29,33
axg-00105,fake,94,20,28
axg-00106,fake,176,40,50
axg-00107,fake,102,22,30
axg-00108,fake,82,17,19
axg-00109,fake,80,16,18
axg-00110,fake,33,7,14
axg-00111,fake,63,13,19
axg-00112,fake,83,18,25
axg-00113,fake,87,19,31
axg-00114,fake,75,14,22
axg-00115,fake,88,18,26
axg-00116,fake,70,15,21
axg-00117,fake,113,26,30
axg-00118,fake,295,60,75
axg-00119,fake,120,26,37
axg-00120,fake,230,54,69
axg-00121,fake,233,50,71
axg-00122,fake,250,54,65
axg-00123,fake,193,39,55
axg-00124,fake,162,33,47
axg-00125,fake,177,43,55
axg-00126,fake,155,33,45
axg-00127,fake,137,30,39
axg-00128,fake,179,39,47
axg-00129,fake,181,45,53
axg-00130,fake,98,21,27
axg-00131,fake,229,50,59
axg-00132,fake,164,38,44
axg-00133,fake,295,66,81
axg-00134,fake,277,59,82
axg-00135,fake,185,38,43
axg-00136,fake,192,42,54
axg-00137,fake,114,29,35
axg-00138,fake,193,43,58
axg-00139,fake,289,66,77
axg-00140,fake,216,46,62
axg-00141,fake,185,44,59
axg-00142,fake,209,44,59
axg-00143,fake,410,93,119
axg-00144,fake,73,16,20
axg-00145,fake,221,44,65
axg-00146,fake,83,17,23
axg-00147,fake,121,26,31
axg-00148,fake,127,27,34
axg-00149,fake,192,42,55
axg-00150,fake,181,36,50
axg-00151,fake,125,31,37
axg-00152,fake,35,6,15
axg-00153,fake,154,32,56
axg-00154,fake,16,4,9
axg-00155,fake,24,5,10
axg-00156,fake,43,10,14
axg-00157,fake,96,19,28
axg-00158,fake,97,21,26
axg-00159,fake,71,17,26
axg-00160,fake,159,36,44
axg-00161,fake,218,47,60
axg-00162,fake,167,38,43
axg-00163,fake,45,9,18
axg-00164,fake,87,20,25
axg-00165,fake,40,8,12
axg-00166,fake,95,18,26
axg-00167,fake,40,9,15
axg-00168,fake,74,16,22
axg-00169,fake,55,12,14
axg-00170,fake,61,13,16
axg-00171,fake,59,11,20
axg-00172,fake,90,19,23
axg-00173,fake,58,13,17
axg-00174,fake,58,12,16
axg-00175,fake,59,12,20
axg-00176,fake,80,17,24
axg-00177,fake,50,10,18
axg-00178,fake,55,12,14
axg-00179,fake,48,9,14
axg-00180,fake,42,9,13
axg-00181,fake,52,11,15
axg-00182,fake,67,13,18
axg-00183,fake,69,13,23
axg-00184,fake,44,9,13
axg-00185,fake,68,13,18
axg-00186,fake,53,11,20
axg-00187,fake,39,8,13
axg-00188,fake,70,13,19
axg-00189,fake,137,27,41
axg-00190,fake,50,9,15
axg-00191,fake,63,14,19
axg-00192,fake,56,10,15
axg-00193,fake,66,12,18
axg-00194,fake,30,6,10
axg-00195,fake,58,9,16
axg-00196,fake,65,14,21
axg-00197,fake,51,10,15
axg-00198,fake,88,16,26
axg-00199,fake,123,28,33
axg-00200,fake,80,15,20
axg-00201,fake,137,28,38
axg-00202,fake,60,13,17
axg-00203,fake,62,12,19
axg-00204,fake,118,26,39
axg-00205,fake,131,31,44
axg-00206,fake,187,40,52
axg-00207,fake,162,36,49
axg-00208,fake,58,11,18
axg-00209,fake,52,9,16
axg-00210,fake,71,14,19
axg-00211,fake,60,13,16
axg-00212,fake,67,14,16
axg-00213,fake,81,18,23
axg-00214,fake,53,11,13
axg-00215,fake,78,17,26
axg-00216,fake,88,18,22
axg-00217,fake,104,20,27
axg-00218,fake,84,18,27
axg-00219,fake,133,29,35
axg-00220,fake,194,44,53
axg-00221,fake,133,29,36
axg-00222,fake,81,17,21
axg-00223,fake,234,53,70
axg-00224,fake,71,15,19
axg-00225,fake,72,14,16
axg-00226,fake,153,32,38
axg-00227,fake,60,12,16
axg-00228,fake,91,18,23
axg-00229,fake,38,9,12
axg-00230,fake,78,15,21
axg-00231,fake,41,8,11
axg-00232,fake,49,10,17
axg-00233,fake,104,22,33
axg-00234,fake,111,23,25
axg-00235,fake,77,16,23
axg-00236,fake,110,25,30
axg-00237,fake,59,11,16
axg-00238,fake,100,20,23
axg-00239,fake,67,16,19
axg-00240,fake,66,14,18
axg-00241,fake,105,20,30
axg-00242,fake,111,23,30
axg-00243,fake,48,10,14
axg-00244,fake,115,25,30
axg-00245,fake,89,16,25
axg-00246,fake,107,22,29
axg-00247,fake,61,15,19
axg-00248,fake,76,15,21
axg-00249,fake,99,19,24
axg-00250,fake,69,16,22
axg-00251,fake,107,23,30
axg-00252,fake,105,24,34
axg-00253,fake,82,16,23
axg-00254,fake,173,35,41
axg-00255,fake,61,11,16
axg-00256,fake,51,10,13
axg-00257,fake,88,19,23
axg-00258,fake,94,20,30
axg-00259,fake,49,10,12
axg-00260,fake,70,14,19
axg-00261,fake,49,9,12
axg-00262,fake,134,26,36
axg-00263,fake,56,9,16
axg-00264,fake,91,18,26
axg-00265,fake,98,19,24
axg-00266,fake,81,15,20
axg-00267,fake,81,17,24
axg-00268,fake,142,32,49
axg-00269,fake,107,20,28
axg-00270,fake,95,20,27
axg-00271,fake,77,16,22
axg-00272,fake,122,27,35
axg-00273,fake,111,25,31
axg-00274,fake,81,18,22
axg-00275,fake,110,21,30
axg-00276,fake,109,24,33
axg-00277,fake,98,22,28
axg-00278,fake,126,25,32
axg-00279,fake,72,15,21
axg-00280,fake,83,17,25
axg-00281,fake,129,26,33
axg-00282,fake,110,22,34
axg-00283,fake,100,19,29
axg-00284,fake,84,17,25
axg-00285,fake,53,10,18
axg-00286,fake,109,22,32
axg-00287,fake,41,8,11
axg-00288,fake,72,14,22
axg-00289,fake,101,21,25
axg-00290,fake,86,16,23
axg-00291,fake,108,24,32
axg-00292,fake,71,14,23
axg-00293,fake,136,29,36
axg-00294,fake,71,14,21
axg-00295,fake,54,11,16
axg-00296,fake,130,27,35
axg-00297,fake,121,24,35
axg-00298,fake,67,13,22
axg-00299,fake,76,15,24
axg-00300,fake,75,16,26
axg-00301,fake,101,22,33
axg-00302,fake,73,16,23
axg-00303,fake,98,19,30
axg-00304,fake,67,14,21
axg-00305,fake,87,18,22
axg-00306,fake,69,12,21
axg-00307,fake,79,17,22
axg-00308,fake,88,19,26
axg-00309,fake,152,29,46
axg-00310,fake,99,20,25
axg-00311,fake,106,22,29
axg-00312,fake,102,22,30
axg-00313,fake,72,15,20
axg-00314,fake,146,31,42
axg-00315,fake,117,25,33
axg-00316,fake,105,23,32
axg-00317,fake,200,43,51
axg-00318,fake,132,28,36
axg-00319,fake,102,21,27
axg-00320,fake,89,18,24
axg-00321,fake,82,17,20
axg-00322,fake,75,17,27
axg-00323,fake,39,7,14
axg-00324,fake,71,14,21
axg-00325,fake,75,19,23
axg-00326,fake,92,22,31
axg-00327,fake,75,17,22
axg-00328,fake,108,26,30
axg-00329,fake,63,14,21
axg-00330,fake,114,22,33
axg-00331,fake,117,26,31
axg-00332,fake,116,26,34
axg-00333,fake,53,11,20
axg-00334,fake,85,21,28
axg-00335,fake,66,13,23
axg-00336,fake,39,7,15
axg-00337,fake,73,16,20
axg-00338,fake,78,15,19
axg-00339,fake,101,19,26
axg-00340,fake,64,14,19
axg-00341,fake,83,18,25
axg-00342,fake,49,9,16
axg-00343,fake,84,18,23
axg-00344,fake,43,8,15
axg-00345,fake,45,9,13
axg-00346,fake,117,27,32
axg-00347,fake,58,12,16
axg-00348,fake,54,13,17
axg-00349,fake,118,23,29
axg-00350,fake,71,16,21
axg-00351,fake,65,13,20
axg-00352,fake,49,9,18
axg-00353,fake,50,10,18
axg-00354,fake,87,18,24
axg-00355,fake,135,28,37
axg-00356,fake,92,18,25
axg-00357,fake,95,20,28
axg-00358,fake,62,12,16
axg-00359,fake,76,14,19
axg-00360,fake,242,52,63
axg-00361,fake,155,30,37
axg-00362,fake,59,11,15
axg-00363,fake,70,14,20
axg-00364,fake,34,7,12
axg-00365,fake,96,21,26
axg-00366,fake,113,25,34
axg-00367,fake,100,23,33
axg-00368,fake,194,39,58
axg-00369,fake,87,18,23
axg-00370,fake,116,24,36
axg-00371,fake,73,14,18
axg-00372,fake,96,18,29
axg-00373,fake,30,8,12
axg-00374,fake,71,15,18
axg-00375,fake,57,11,17
axg-00376,fake,81,19,26
axg-00377,fake,99,22,27
axg-00378,fake,87,19,25
axg-00379,fake,106,23,32
axg-00380,fake,75,15,22
axg-00381,fake,49,10,13
axg-00382,fake,140,29,37
axg-00383,fake,116,24,32
axg-00384,fake,54,10,19
axg-00385,fake,84,17,22
axg-00386,fake,86,19,25
axg-00387,fake,77,16,20
axg-00388,fake,112,25,32
axg-00389,fake,78,17,26
axg-00390,fake,72,14,19
axg-00391,fake,64,13,20
axg-00392,fake,43,10,13
axg-00393,fake,81,17,21
axg-00394,fake,48,9,16
axg-00395,fake,125,25,31
axg-00396,fake,73,14,22
axg-00397,fake,38,7,14
axg-00398,fake,71,13,23
axg-00399,fake,72,15,24
axg-00400,fake,70,13,21
axg-00401,fake,68,14,24
axg-00402,fake,103,18,27
axg-00403,fake,67,13,23
axg-00404,fake,120,24,34
axg-00405,fake,81,18,25
axg-00406,fake,82,16,25
axg-00407,fake,627,138,157
axg-00408,fake,122,27,42
axg-00409,fake,326,71,93
axg-00410,fake,146,29,37
axg-00411,fake,67,14,23
axg-00412,fake,395,91,109
axg-00413,fake,187,36,56
axg-00414,fake,68,13,18
axg-00415,fake,110,24,32
axg-00416,fake,75,16,20
axg-00417,fake,55,13,18
axg-00418,fake,75,13,24
axg-00419,fake,45,12,15
axg-00420,fake,90,17,31
axg-00421,fake,81,16,25
axg-00422,fake,79,15,22
axg-00423,fake,53,10,18
axg-00424,fake,91,19,24
axg-00425,fake,75,16,24
axg-00426,fake,142,31,37
axg-00427,fake,49,9,15
axg-00428,fake,43,9,11
axg-00429,fake,80,17,24
axg-00430,fake,39,9,13
axg-00431,fake,57,12,16
axg-00432,fake,82,17,23
axg-00433,fake,57,12,17
axg-00434,fake,113,27,34
axg-00435,fake,63,12,17
axg-00436,fake,62,13,16
axg-00437,fake,313,66,77
axg-00438,fake,75,15,18
axg-00439,fake,108,20,27
axg-00440,fake,200,43,63
axg-00441,fake,68,14,21
axg-00442,fake,89,20,25
axg-00443,fake,62,14,18
axg-00444,fake,81,18,27
axg-00445,fake,92,20,23
axg-00446,fake,57,12,18
axg-00447,fake,242,52,66
axg-00448,fake,38,8,13
axg-00449,fake,43,8,13
axg-00450,fake,64,12,18
axg-00451,fake,120,26,33
axg-00452,fake,198,47,52
axg-00453,fake,109,22,36
axg-00454,fake,56,11,16
axg-00455,fake,74,16,24
axg-00456,fake,13,3,8
axg-00457,fake,56,12,18
axg-00458,fake,113,26,35
axg-00459,fake,87,18,24
axg-00460,fake,83,20,26
axg-00461,fake,53,11,15
axg-00462,fake,76,18,23
axg-00463,fake,100,22,26
axg-00464,fake,137,32,40
axg-00465,fake,91,20,30
axg-00466,fake,44,10,16
axg-00467,fake,102,23,33
axg-00468,fake,128,28,38
axg-00469,fake,72,13,17
axg-00470,fake,112,21,30
axg-00471,fake,77,16,23
axg-00472,fake,71,15,19
axg-00473,fake,71,15,18
axg-00474,fake,91,17,26
axg-00475,fake,127,26,41
axg-00476,fake,90,18,26
axg-00477,fake,82,15,25
axg-00478,fake,88,17,23
axg-00479,fake,95,21,27
axg-00480,fake,87,18,25
axg-00481,fake,93,19,30
axg-00482,fake,88,17,21
axg-00483,fake,102,20,27
axg-00484,fake,73,16,24
axg-00485,fake,87,17,23
axg-00486,fake,67,13,19
axg-00487,fake,79,17,21
axg-00488,fake,49,11,15
axg-00489,fake,73,13,19
axg-00490,fake,59,11,19
axg-00491,fake,130,27,32
axg-00492,fake,51,10,12
axg-00493,fake,79,15,17
axg-00494,fake,88,20,30
axg-00495,fake,68,15,22
axg-00496,fake,96,19,28
axg-00497,fake,87,18,25
axg-00498,fake,94,21,24
axg-00499,fake,103,20,27
axg-00500,fake,82,15,23
axg-00501,fake,82,16,20
axg-00502,fake,82,19,27
axg-00503,fake,57,11,16
axg-00504,fake,73,15,18
axg-00505,fake,74,16,23
axg-00506,fake,98,19,27
axg-00507,fake,92,18,21
axg-00508,fake,75,14,22
axg-00509,fake,126,25,38
axg-00510,fake,75,14,25
axg-00511,fake,75,17,22
axg-00512,fake,104,23,27
axg-00513,fake,80,18,25
axg-00514,fake,33,7,11
axg-00515,fake,102,20,29
axg-00516,fake,50,10,14
axg-00517,fake,111,25,33
axg-00518,fake,55,11,19
axg-00519,fake,54,12,16
axg-00520,fake,90,20,24
axg-00521,fake,61,13,19
axg-00522,fake,151,32,38
axg-00523,fake,135,27,30
axg-00524,fake,73,16,20
axg-00525,fake,69,16,20
axg-00526,fake,99,23,33
axg-00527,fake,86,18,27
axg-00528,fake,58,12,18
axg-00529,fake,136,25,40
axg-00530,fake,90,19,28
axg-00531,fake,87,19,22
axg-00532,fake,100,22,27
axg-00533,fake,91,17,28
axg-00534,fake,44,11,16
axg-00535,fake,160,35,42
axg-00536,fake,42,8,10
axg-00537,fake,46,10,14
axg-00538,fake,98,21,24
axg-00539,fake,111,23,28
axg-00540,fake,86,18,26
axg-00541,fake,93,19,21
axg-00542,fake,96,21,32
axg-00543,fake,70,17,21
axg-00544,fake,63,14,20
axg-00545,fake,60,12,15
axg-00546,fake,87,17,24
axg-00547,fake,71,14,20
axg-00548,fake,56,11,17
axg-00549,fake,69,13,19
axg-00550,fake,59,12,15
axg-00551,fake,65,14,17
axg-00552,fake,118,27,35
axg-00553,fake,88,18,21
axg-00554,fake,78,15,17
axg-00555,fake,68,14,20
axg-00556,fake,63,11,15
axg-00557,fake,115,26,31
axg-00558,fake,113,21,30
axg-00559,fake,75,16,20
axg-00560,fake,77,17,20
axg-00561,fake,37,9,12
axg-00562,fake,62,13,18
axg-00563,fake,36,8,11
axg-00564,fake,106,21,33
axg-00565,fake,67,13,15
axg-00566,fake,104,22,24
axg-00567,fake,40,9,16
axg-00568,fake,78,16,22
axg-00569,fake,115,22,30
axg-00570,fake,88,20,26
axg-00571,fake,61,10,17
axg-00572,fake,59,12,19
axg-00573,fake,161,35,45
axg-00574,fake,72,17,20
axg-00575,fake,162,35,42
axg-00576,fake,138,31,41
axg-00577,fake,152,34,45
axg-00578,fake,99,19,31
axg-00579,fake,107,23,34
axg-00580,fake,111,25,35
axg-00581,fake,122,25,31
axg-00582,fake,90,19,28
axg-00583,fake,65,13,17
axg-00584,fake,110,24,32
axg-00585,fake,108,23,28
axg-00586,fake,90,19,24
axg-00587,fake,58,14,17
axg-00588,fake,102,23,29
axg-00589,fake,83,17,21
axg-00590,fake,522,118,129
axg-00591,fake,356,78,96
axg-00592,fake,84,16,20
axg-00593,fake,82,16,23
axg-00594,fake,110,22,26
axg-00595,fake,59,14,19
axg-00596,fake,186,36,55
axg-00597,fake,77,17,22
axg-00598,fake,88,19,25
axg-00599,fake,180,40,51
axg-00600,fake,69,15,22
axg-00601,fake,59,12,15
axg-00602,fake,85,19,27
axg-00603,fake,77,15,23
axg-00604,fake,73,17,23
axg-00605,fake,33,7,11
axg-00606,fake,84,17,22
axg-00607,fake,67,15,21
axg-00608,fake,43,10,13
axg-00609,fake,46,10,13
axg-00610,fake,152,33,40
axg-00611,fake,41,9,14
axg-00612,fake,81,18,25
axg-00613,fake,65,13,20
axg-00614,fake,76,16,21
axg-00615,fake,65,13,15
axg-00616,fake,217,48,58
axg-00617,fake,53,11,16
axg-00618,fake,62,12,21
axg-00619,fake,115,27,31
axg-00620,fake,225,50,59
axg-00621,fake,50,9,19
axg-00622,fake,66,13,19
axg-00623,fake,59,13,16
axg-00624,fake,73,14,21
axg-00625,fake,84,16,22
axg-00626,fake,64,14,17
axg-00627,fake,132,27,39
axg-00628,fake,82,15,21
axg-00629,fake,112,24,31
axg-00630,fake,53,10,17
axg-00631,fake,47,9,13
axg-00632,fake,54,11,16
axg-00633,fake,120,26,33
axg-00634,fake,126,26,35
axg-00635,fake,68,14,18
axg-00636,fake,81,17,20
axg-00637,fake,49,12,16
axg-00638,fake,90,21,25
axg-00639,fake,82,17,22
axg-00640,fake,73,16,23
axg-00641,fake,62,14,19
axg-00642,fake,79,16,25
axg-00643,fake,105,21,27
axg-00644,fake,86,18,24
axg-00645,fake,109,24,33
axg-00646,fake,106,24,32
axg-00647,fake,78,16,23
axg-00648,fake,502,108,154
axg-00649,fake,463,102,120
axg-00650,fake,777,155,203
axg-00651,fake,1813,384,436
axg-00652,fake,493,107,141
axg-00653,fake,674,138,196
axg-00654,fake,1597,363,428
axg-00655,fake,988,203,266
axg-00656,fake,1830,408,500
axg-00657,fake,639,136,197
axg-00658,fake,569,128,152
axg-00659,fake,798,177,229
axg-00660,fake,1542,326,426
axg-00661,fake,377,86,106
axg-00662,fake,720,163,219
axg-00663,fake,821,168,225
axg-00664,fake,831,175,225
axg-00665,fake,1011,217,277
axg-00666,fake,2055,422,593
axg-00667,fake,64,11,18
axg-00668,fake,86,18,22
axg-00669,fake,44,10,14
axg-00670,fake,47,10,13
axg-00671,fake,35,7,11
axg-00672,fake,49,10,15
axg-00673,fake,53,12,15
axg-00674,fake,32,7,10
axg-00675,fake,49,11,15
axg-00676,fake,63,13,18
axg-00677,fake,71,17,21
axg-00678,fake,121,26,31
axg-00679,fake,56,12,19
axg-00680,fake,62,12,19
axg-00681,fake,66,15,19
axg-00682,fake,46,10,15
axg-00683,fake,121,26,31
axg-00684,fake,71,17,21
axg-00685,fake,63,13,18
axg-00686,fake,49,11,15
axg-00687,fake,44,10,14
axg-00688,fake,36,8,14
axg-00689,fake,79,19,22
axg-00690,fake,124,26,34
axg-00691,fake,39,9,12
axg-00692,fake,143,33,39
axg-00693,fake,57,13,19
axg-00694,fake,115,27,30
axg-00695,fake,63,14,18
axg-00696,fake,49,12,14
axg-00697,fake,49,10,14
axg-00698,fake,44,10,12
axg-00699,fake,58,13,19
axg-00700,fake,73,15,17
axg-00701,fake,57,11,19
axg-00702,fake,83,19,25
axg-00703,fake,101,22,26
axg-00704,fake,74,15,24
axg-00705,fake,96,19,23
axg-00706,fake,84,20,24
axg-00707,fake,59,13,15
axg-00708,fake,120,25,33
axg-00709,fake,65,15,20
axg-00710,fake,158,33,44
axg-00711,fake,91,23,27
axg-00712,fake,110,24,33
axg-00713,fake,116,25,33
axg-00714,fake,60,15,20
axg-00715,fake,83,19,21
axg-00716,fake,74,16,20
axg-00717,fake,162,36,40
axg-00718,fake,171,38,50
axg-00719,fake,112,24,30
axg-00720,fake,185,40,46
axg-00721,fake,132,28,33
axg-00722,fake,148,29,42
axg-00723,fake,82,17,23
axg-00724,fake,119,27,34
axg-00725,fake,73,14,20
axg-00726,fake,120,25,29
axg-00727,fake,83,17,26
axg-00728,fake,62,14,20
axg-00729,fake,51,10,19
axg-00730,fake,88,20,27
axg-00731,fake,123,25,35
axg-00732,fake,108,24,33
axg-00733,fake,107,23,27
axg-00734,fake,114,24,35
axg-00735,fake,131,30,35
axg-00736,fake,61,14,22
axg-00737,fake,120,30,38
axg-00738,fake,137,29,35
axg-00739,fake,81,20,22
axg-00740,fake,92,20,29
axg-00741,fake,125,29,36
axg-00742,fake,101,22,30
axg-00743,fake,100,23,26
axg-00744,fake,109,26,33
axg-00745,fake,105,25,29
axg-00746,fake,82,21,25
axg-00747,fake,91,20,29
axg-00748,fake,136,31,37
axg-00749,fake,96,20,24
axg-00750,fake,99,22,33
axg-00751,fake,107,26,30
axg-00752,fake,86,20,25
axg-00753,fake,150,33,41
axg-00754,fake,69,17,19
axg-00755,fake,62,14,18
axg-00756,fake,90,19,27
axg-00757,fake,78,16,24
axg-00758,fake,82,18,25
axg-00759,fake,104,26,32
axg-00760,fake,130,27,35
axg-00761,fake,109,27,29
axg-00762,fake,154,36,44
axg-00763,fake,121,26,41
axg-00764,fake,75,15,21
axg-00765,fake,360,77,105
axg-00766,fake,166,38,51
axg-00767,fake,109,22,28
axg-00768,fake,56,12,17
axg-00769,fake,70,15,25
axg-00770,fake,76,16,20
axg-00771,fake,97,21,26
axg-00772,fake,110,22,34
axg-00773,fake,87,17,23
axg-00774,fake,151,32,39
axg-00775,fake,148,34,42
axg-00776,fake,204,44,60
axg-00777,fake,139,32,35
axg-00778,fake,50,12,16
axg-00779,fake,45,10,15
axg-00780,fake,69,15,20
axg-00781,fake,45,8,15
axg-00782,fake,49,11,16
axg-00783,fake,120,26,32
axg-00784,fake,84,18,24
axg-00785,fake,74,18,24
axg-00786,fake,152,31,44
axg-00787,fake,176,35,62
axg-00788,fake,133,27,43
axg-00789,fake,74,17,21
axg-00790,fake,57,12,18
axg-00791,fake,97,20,28
axg-00792,fake,57,13,20
axg-00793,fake,54,11,20
axg-00794,fake,73,14,20
axg-00795,fake,84,18,22
axg-00796,fake,46,9,13
axg-00797,fake,79,19,28
axg-00798,fake,82,19,21
axg-00799,fake,66,15,21
axg-00800,fake,43,10,12
axg-00801,fake,70,15,17
axg-00802,fake,48,11,16
axg-00803,fake,250,57,62
axg-00804,fake,144,33,41
axg-00805,fake,115,26,32
axg-00806,fake,141,32,36
axg-00807,fake,143,34,40
axg-00808,fake,183,42,57
axg-00809,fake,91,20,26
axg-00810,fake,195,39,46
axg-00811,fake,163,38,43
axg-00812,fake,82,17,21
axg-00813,fake,161,33,38
axg-00814,fake,121,30,34
axg-00815,fake,64,13,16
axg-00816,fake,140,31,40
axg-00817,fake,106,25,28
axg-00818,fake,67,14,21
axg-00819,fake,91,20,24
axg-00820,fake,101,21,27
axg-00821,fake,68,13,21
axg-00822,fake,80,16,26
axg-00823,fake,67,15,19
axg-00824,fake,93,17,26
axg-00825,fake,105,23,27
axg-00826,fake,77,16,20
axg-00827,fake,132,26,31
axg-00828,fake,104,21,26
axg-00829,fake,151,33,41
axg-00830,fake,119,27,30
axg-00831,fake,101,19,25
axg-00832,fake,96,24,30
axg-00833,fake,113,25,32
axg-00834,fake,125,27,31
axg-00835,fake,138,30,40
axg-00836,fake,98,22,27
axg-00837,fake,134,27,31
axg-00838,fake,94,21,27
axg-00839,fake,115,27,36
axg-00840,fake,96,20,29
axg-00841,fake,107,23,27
axg-00842,fake,122,27,33
axg-00843,fake,78,15,21
axg-00844,fake,115,23,26
axg-00845,fake,125,25,34
axg-00846,fake,92,18,24
axg-00847,fake,91,19,24
axg-00848,fake,88,20,24
axg-00849,fake,124,26,33
axg-00850,fake,109,22,26
axg-00851,fake,89,21,26
axg-00852,fake,87,19,24
axg-00853,fake,91,20,27
axg-00854,fake,138,30,41
axg-00855,fake,122,28,33
axg-00856,fake,142,31,36
axg-00857,fake,101,20,28
axg-00858,fake,101,22,26
axg-00859,fake,119,26,30
axg-00860,fake,102,22,26
axg-00861,fake,137,33,39
axg-00862,fake,75,18,22
axg-00863,fake,88,18,21
axg-00864,fake,81,17,24
axg-00865,fake,70,16,22
axg-00866,fake,62,13,20
axg-00867,fake,121,29,32
axg-00868,fake,75,17,19
axg-00869,fake,75,18,25
axg-00870,fake,83,18,26
axg-00871,fake,78,17,22
axg-00872,fake,62,14,16
axg-00873,fake,81,17,20
axg-00874,fake,130,26,38
axg-00875,fake,87,19,26
axg-00876,fake,102,20,25
axg-00877,fake,109,25,32
axg-00878,fake,163,38,51
axg-00879,fake,157,35,45
axg-00880,fake,117,24,31
axg-00881,fake,100,22,30
axg-00882,fake,127,29,40
axg-00883,fake,72,17,25
axg-00884,fake,115,22,33
axg-00885,fake,196,43,56
axg-00886,fake,123,28,35
axg-00887,fake,90,20,31
axg-00888,fake,51,11,15
axg-00889,fake,90,21,25
axg-00890,fake,91,19,22
axg-00891,fake,70,15,19
axg-00892,fake,131,25,31
axg-00893,fake,65,14,18
axg-00894,fake,61,13,19
axg-00895,fake,61,14,17
axg-00896,fake,109,25,31
axg-00897,fake,142,31,33
axg-00898,fake,65,16,19
axg-00899,fake,117,28,33
axg-00900,fake,49,10,14
axg-00901,fake,55,12,18
axg-00902,fake,77,18,22
axg-00903,fake,47,11,13
axg-00904,fake,66,15,22
axg-00905,fake,93,19,23
axg-00906,fake,137,28,40
axg-00907,fake,62,13,18
axg-00908,fake,80,17,24
axg-00909,fake,97,22,29
axg-00910,fake,85,18,24
axg-00911,fake,97,21,28
axg-00912,fake,72,14,28
axg-00913,fake,76,16,21
axg-00914,fake,105,22,25
axg-00915,fake,86,17,28
axg-00916,fake,76,15,20
axg-00917,fake,112,26,29
axg-00918,fake,92,19,30
axg-00919,fake,102,22,26
axg-00920,fake,74,15,22
axg-00921,fake,136,30,40
axg-00922,fake,134,32,38
axg-00923,fake,76,19,23
axg-00924,fake,101,21,30
axg-00925,fake,185,39,53
axg-00926,fake,295,67,85
axg-00927,fake,132,32,36
axg-00928,fake,245,50,66
axg-00929,fake,889,203,235
axg-00930,fake,2201,484,604
axg-00931,fake,109,21,34
axg-00932,fake,1085,230,299
axg-00933,fake,197,41,56
axg-00934,fake,290,65,77
axg-00935,fake,803,179,208
axg-00936,fake,178,37,43
axg-00937,fake,215,46,56
axg-00938,fake,148,31,40
axg-00939,fake,104,23,32
axg-00940,fake,208,45,61
axg-00941,fake,195,41,52
axg-00942,fake,185,40,47
axg-00943,fake,99,25,30
axg-00944,fake,95,22,28
axg-00945,fake,182,44,55
axg-00946,fake,204,43,58
axg-00947,fake,150,33,42
axg-00948,fake,168,38,55
axg-00949,fake,205,41,56
axg-00950,fake,203,41,67
axg-00951,fake,248,49,66
axg-00952,fake,151,36,47
axg-00953,fake,281,57,80
axg-00954,fake,127,27,39
axg-00955,fake,144,28,45
axg-00956,fake,128,27,39
axg-00957,fake,107,21,31
axg-00958,fake,132,26,36
axg-00959,fake,186,36,55
axg-00960,fake,137,28,44
axg-00961,fake,201,43,60
axg-00962,fake,209,45,64
axg-00963,fake,121,26,38
axg-00964,fake,62,13,18
axg-00965,fake,89,20,28
axg-00966,fake,70,15,20
axg-00967,fake,87,18,22
axg-00968,fake,125,26,41
axg-00969,fake,111,24,29
axg-00970,fake,122,28,35
axg-00971,fake,64,15,19
axg-00972,fake,145,31,40
axg-00973,fake,154,32,44
axg-00974,fake,118,27,31
axg-00975,fake,327,73,92
axg-00976,fake,324,70,88
axg-00977,fake,244,53,59
axg-00978,fake,268,57,60
axg-00979,fake,360,81,96
axg-00980,fake,395,87,101
axg-00981,fake,242,53,62
axg-00982,fake,413,94,117
axg-00983,fake,346,73,86
axg-00984,fake,523,126,142
axg-00985,fake,289,69,75
axg-00986,fake,85,16,18
axg-00987,fake,381,79,92
axg-00988,fake,87,20,26
axg-00989,fake,61,12,19
axg-00990,fake,282,61,67
axg-00991,fake,225,50,55
axg-00992,fake,279,63,76
axg-00993,fake,319,66,74
axg-00994,fake,209,44,51
axg-00995,fake,173,36,44
axg-00996,fake,198,43,50
axg-00997,fake,171,35,42
axg-00998,fake,359,74,87
axg-00999,fake,438,100,115
axg-01000,fake,331,72,79
axg-01001,fake,209,42,52
axg-01002,fake,240,53,70
axg-01003,fake,345,79,85
axg-01004,fake,308,69,81
axg-01005,fake,427,94,114
axg-01006,fake,290,63,79
axg-01007,fake,300,67,83
axg-01008,fake,456,100,114
axg-01009,fake,320,78,87
axg-01010,fake,696,147,173
axg-01011,fake,542,116,136
axg-01012,fake,521,107,133
axg-01013,fake,2480,538,615
axg-01014,fake,994,211,282
axg-01015,fake,1460,307,407
axg-01016,fake,1915,413,507
axg-01017,fake,1236,275,313
axg-01018,fake,1877,397,478
axg-01019,fake,953,195,252
axg-01020,fake,1402,308,380
axg-01021,fake,644,146,188
axg-01022,fake,703,143,185
axg-01023,fake,1237,251,341
axg-01024,fake,1014,197,283
axg-01025,fake,994,212,246
axg-01026,fake,751,163,200
axg-01027,fake,343,75,103
axg-01028,fake,1015,211,287
axg-01029,fake,997,221,292
axg-01030,fake,1116,236,275
axg-01031,fake,1402,309,335
axg-01032,fake,1562,342,420
axg-01033,fake,2108,442,521
axg-01034,fake,2134,458,526
axg-01035,fake,876,199,249
axg-01036,fake,1026,232,294
axg-01037,fake,884,192,252
axg-01038,fake,3130,706,837
axg-01039,fake,605,139,167
axg-01040,fake,1322,278,353
axg-01041,fake,2467,556,662
axg-01042,fake,1072,244,289
axg-01043,fake,1124,252,293
axg-01044,fake,4027,910,1076
axg-01045,fake,455,106,121
axg-01046,fake,502,104,133
axg-01047,fake,1559,347,416
axg-01048,fake,1194,256,318
axg-01049,fake,1796,391,483
axg-01050,fake,651,149,176
axg-01051,fake,1055,230,279
axg-01052,fake,2066,455,578
axg-01053,fake,2112,448,572
axg-01054,fake,1421,318,421
axg-01055,fake,795,165,210
axg-01056,fake,520,103,158
axg-01057,fake,2197,476,590
axg-01058,fake,632,129,177
axg-01059,fake,897,197,259
axg-01060,fake,1636,319,508
axg-01061,fake,340,78,91
axg-01062,fake,385,90,101
axg-01063,fake,246,50,60
axg-01064,fake,212,48,57
axg-01065,fake,248,54,56
axg-01066,fake,256,58,64
axg-01067,fake,265,57,67
axg-01068,fake,165,40,47
axg-01069,fake,189,40,48
axg-01070,fake,259,54,65
axg-01071,fake,234,52,58
axg-01072,fake,236,53,57
axg-01073,fake,370,84,90
axg-01074,fake,261,60,70
axg-01075,fake,156,35,41
axg-01076,fake,169,36,46
axg-01077,fake,313,67,84
axg-01078,fake,353,78,86
axg-01079,fake,259,59,79
axg-01080,fake,192,41,47
axg-01081,fake,105,22,29
axg-01082,fake,145,30,32
axg-01083,fake,105,24,32
axg-01084,fake,223,50,57
axg-01085,fake,77,17,22
axg-01086,fake,103,23,27
axg-01087,fake,160,34,44
axg-01088,fake,69,15,20
axg-01089,fake,395,91,115
axg-01090,fake,346,81,88
axg-01091,fake,385,92,103
axg-01092,fake,285,66,80
axg-01093,fake,348,82,95
axg-01094,fake,423,99,113
axg-01095,fake,269,57,71
axg-01096,fake,367,76,80
axg-01097,fake,363,82,99
axg-01098,fake,341,82,99
axg-01099,fake,301,68,70
axg-01100,fake,353,74,84
axg-01101,fake,336,71,88
axg-01102,fake,343,75,84
axg-01103,fake,292,67,79
axg-01104,fake,417,86,106
axg-01105,fake,1087,234,318
axg-01106,fake,558,109,174
axg-01107,fake,395,82,118
axg-01108,fake,93,20,24
axg-01109,fake,57,11,17
axg-01110,fake,119,25,33
axg-01111,fake,64,13,18
axg-01112,fake,137,29,34
axg-01113,fake,196,36,59
axg-01114,fake,161,29,45
axg-01115,fake,94,21,28
axg-01116,fake,80,16,24
axg-01117,fake,98,23,28
axg-01118,fake,242,57,65
axg-01119,fake,43,9,12
axg-01120,fake,56,12,14
axg-01121,fake,65,15,22
axg-01122,fake,144,32,42
axg-01123,fake,33,6,10
axg-01124,fake,72,13,22
axg-01125,fake,85,19,24
axg-01126,fake,43,8,12
axg-01127,fake,59,13,18
axg-01128,fake,53,10,14
axg-01129,fake,89,18,26
axg-01130,fake,78,18,20
axg-01131,fake,42,9,14
axg-01132,fake,92,18,25
axg-01133,fake,37,8,14
axg-01134,fake,71,15,19
axg-01135,fake,97,24,32
axg-01136,fake,93,19,25
axg-01137,fake,78,16,27
axg-01138,fake,65,12,18
axg-01139,fake,77,17,20
axg-01140,fake,573,124,180
axg-01141,fake,86,19,29
axg-01142,fake,156,31,38
axg-01143,fake,45,9,13
axg-01144,fake,101,20,28
axg-01145,fake,486,109,139
axg-01146,fake,233,51,57
axg-01147,fake,436,101,110
axg-01148,fake,312,72,86
axg-01149,fake,465,102,127
axg-01150,fake,506,111,129
axg-01151,fake,303,69,79
axg-01152,fake,466,100,115
axg-01153,fake,475,97,118
axg-01154,fake,501,110,124
axg-01155,fake,331,72,91
axg-01156,fake,671,140,167
axg-01157,fake,351,82,87
axg-01158,fake,429,88,111
axg-01159,fake,676,147,175
axg-01160,fake,336,69,86
axg-01161,fake,370,81,93
axg-01162,fake,519,109,133
axg-01163,fake,408,88,106
axg-01164,fake,444,96,111
axg-01165,fake,496,113,135
axg-01166,fake,667,143,176
axg-01167,fake,378,83,103
axg-01168,fake,398,87,102
axg-01169,fake,459,108,130
axg-01170,fake,486,98,127
axg-01171,fake,358,79,101
axg-01172,fake,55,9,14
axg-01173,fake,70,15,20
axg-01174,fake,302,62,90
axg-01175,fake,78,16,19
axg-01176,fake,118,25,34
axg-01177,fake,40,8,12
axg-01178,fake,33,7,13
axg-01179,fake,120,27,34
axg-01180,fake,50,10,15
axg-01181,fake,74,15,26
axg-01182,fake,29,5,13
axg-01183,fake,54,10,16
axg-01184,fake,69,13,23
axg-01185,fake,266,61,69
axg-01186,fake,59,12,17
axg-01187,fake,66,13,21
axg-01188,fake,60,11,16
axg-01189,fake,143,31,43
axg-01190,fake,174,38,44
axg-01191,fake,99,21,29
axg-01192,fake,87,17,27
axg-01193,fake,105,22,27
axg-01194,fake,54,10,15
axg-01195,fake,65,12,19
axg-01196,fake,138,29,39
axg-01197,fake,58,12,20
axg-01198,fake,140,32,39
axg-01199,fake,253,53,75
axg-01200,fake,315,68,84
axg-01201,fake,203,45,55
axg-01202,fake,75,16,23
axg-01203,fake,73,16,22
axg-01204,fake,65,12,18
axg-01205,fake,88,19,25
axg-01206,fake,75,15,17
axg-01207,fake,69,14,17
axg-01208,fake,79,15,23
axg-01209,fake,66,15,19
axg-01210,fake,73,15,25
axg-01211,fake,77,16,22
axg-01212,fake,104,20,27
axg-01213,fake,65,14,19
axg-01214,fake,124,24,38
axg-01215,fake,42,8,11
axg-01216,fake,39,7,12
axg-01217,fake,69,14,23
axg-01218,fake,60,12,22
axg-01219,fake,55,11,18
axg-01220,fake,75,16,21
axg-01221,fake,79,15,20
axg-01222,fake,89,18,24
axg-01223,fake,44,9,13
axg-01224,fake,98,20,29
axg-01225,fake,292,64,81
axg-01226,fake,65,14,23
axg-01227,fake,60,13,21
axg-01228,fake,109,21,27
axg-01229,fake,124,25,32
axg-01230,fake,55,11,18
axg-01231,fake,98,23,28
axg-01232,fake,45,9,14
axg-01233,fake,300,64,72
axg-01234,fake,62,14,18
axg-01235,fake,418,87,115
axg-01236,fake,100,21,28
axg-01237,fake,59,11,17
axg-01238,fake,49,8,17
axg-01239,fake,67,14,19
axg-01240,fake,555,122,162
axg-01241,fake,54,11,18
axg-01242,fake,60,13,21
axg-01243,fake,49,9,14
axg-01244,fake,55,12,16
axg-01245,fake,85,18,27
axg-01246,fake,66,15,17
axg-01247,fake,65,12,16
axg-01248,fake,39,8,12
axg-01249,fake,77,16,19
axg-01250,fake,104,22,29
axg-01251,fake,101,23,34
axg-01252,fake,45,9,12
axg-01253,fake,101,19,28
axg-01254,fake,191,38,47
axg-01255,fake,41,9,13
axg-01256,fake,36,8,11
axg-01257,fake,77,17,23
axg-01258,fake,52,12,16
axg-01259,fake,61,14,20
axg-01260,fake,80,17,24
axg-01261,fake,31,7,11
axg-01262,fake,97,20,32
axg-01263,fake,43,9,13
axg-01264,fake,140,34,41
axg-01265,fake,89,19,25
axg-01266,fake,78,18,22
axg-01267,fake,49,10,16
axg-01268,fake,42,10,13
axg-01269,fake,68,15,27
axg-01270,fake,58,10,14
axg-01271,fake,62,12,19
axg-01272,fake,130,31,35
axg-01273,fake,117,26,41
axg-01274,fake,68,14,19
axg-01275,fake,59,13,18
axg-01276,fake,76,15,20
axg-01277,fake,98,20,26
axg-01278,fake,51,11,15
axg-01279,fake,135,28,34
axg-01280,fake,94,20,27
axg-01281,fake,80,17,20
axg-01282,fake,64,14,17
axg-01283,fake,60,13,15
axg-01284,fake,64,13,19
axg-01285,fake,91,20,24
axg-01286,fake,51,9,14
axg-01287,fake,66,13,19
axg-01288,fake,62,13,17
axg-01289,fake,51,11,13
axg-01290,fake,63,14,24
axg-01291,fake,40,7,12
axg-01292,fake,74,15,22
axg-01293,fake,98,19,22
axg-01294,fake,67,12,19
axg-01295,fake,38,7,11
axg-01296,fake,110,24,30
axg-01297,fake,97,21,27
axg-01298,fake,90,19,25
axg-01299,fake,92,18,24
axg-01300,fake,292,63,80
axg-01301,fake,279,59,74
axg-01302,fake,54,11,16
axg-01303,fake,97,20,29
axg-01304,fake,54,11,15
axg-01305,fake,75,15,23
axg-01306,fake,96,21,29
axg-01307,fake,92,20,25
axg-01308,fake,76,15,21
axg-01309,fake,63,12,19
axg-01310,fake,47,9,12
axg-01311,fake,64,12,17
axg-01312,fake,44,9,12
axg-01313,fake,67,13,22
axg-01314,fake,42,8,12
axg-01315,fake,125,26,36
axg-01316,fake,61,12,18
axg-01317,fake,76,17,25
axg-01318,fake,59,12,15
axg-01319,fake,66,17,20
axg-01320,fake,84,19,23
axg-01321,fake,83,19,23
axg-01322,fake,56,12,18
axg-01323,fake,55,12,16
axg-01324,fake,43,11,14
axg-01325,fake,41,8,13
axg-01326,fake,69,13,20
axg-01327,fake,128,29,37
axg-01328,fake,96,19,30
axg-01329,fake,111,26,30
axg-01330,fake,36,9,11
axg-01331,fake,73,15,21
axg-01332,fake,93,19,25
axg-01333,fake,82,18,28
axg-01334,fake,59,11,16
axg-01335,fake,74,14,20
axg-01336,fake,81,18,28
axg-01337,fake,48,12,15
axg-01338,fake,87,18,22
axg-01339,fake,65,13,19
axg-01340,fake,75,17,22
axg-01341,fake,102,21,34
axg-01342,fake,87,17,21
axg-01343,fake,85,17,20
axg-01344,fake,47,10,13
axg-01345,fake,68,15,19
axg-01346,fake,79,16,24
axg-01347,fake,71,13,19
axg-01348,fake,123,26,35
axg-01349,fake,76,14,25
axg-01350,fake,61,14,21
axg-01351,fake,96,17,24
axg-01352,fake,89,17,26
axg-01353,fake,223,50,65
axg-01354,fake,188,38,49
axg-01355,fake,74,15,20
axg-01356,fake,107,24,37
axg-01357,fake,59,12,16
axg-01358,fake,61,12,17
axg-01359,fake,51,11,15
axg-01360,fake,60,12,18
axg-01361,fake,67,14,19
axg-01362,fake,89,20,25
axg-01363,fake,68,15,19
axg-01364,fake,75,15,23
axg-01365,fake,62,14,19
axg-01366,fake,89,18,23
axg-01367,fake,77,14,20
axg-01368,fake,145,35,38
axg-01369,fake,40,8,12
axg-01370,fake,48,11,15
axg-01371,fake,90,18,23
axg-01372,fake,45,11,17
axg-01373,fake,116,24,35
axg-01374,fake,78,15,24
axg-01375,fake,55,12,17
axg-01376,fake,74,16,19
axg-01377,fake,108,24,30
axg-01378,fake,61,14,17
axg-01379,fake,146,32,44
axg-01380,fake,45,8,10
axg-01381,fake,107,21,33
axg-01382,fake,99,22,28
axg-01383,fake,93,18,27
axg-01384,fake,49,12,14
axg-01385,fake,58,12,18
axg-01386,fake,57,11,19
axg-01387,fake,52,9,16
axg-01388,fake,74,15,24
axg-01389,fake,120,28,33
axg-01390,fake,134,28,37
axg-01391,fake,97,23,32
axg-01392,fake,54,11,16
axg-01393,fake,81,19,27
axg-01394,fake,55,10,18
axg-01395,fake,134,28,36
axg-01396,fake,70,13,23
axg-01397,fake,90,19,27
axg-01398,fake,79,17,20
axg-01399,fake,51,10,17
axg-01400,fake,39,6,15
axg-01401,fake,101,22,31
axg-01402,fake,34,5,15
axg-01403,fake,54,12,16
axg-01404,fake,49,9,14
axg-01405,fake,71,14,22
axg-01406,fake,116,25,35
axg-01407,fake,68,15,20
axg-01408,fake,71,13,21
axg-01409,fake,56,10,15
axg-01410,fake,61,10,22
axg-01411,fake,30,6,8
axg-01412,fake,69,14,17
axg-01413,fake,88,20,27
axg-01414,fake,94,18,24
axg-01415,fake,95,19,28
axg-01416,fake,56,10,17
axg-01417,fake,82,17,25
axg-01418,fake,65,11,22
axg-01419,fake,46,9,11
axg-01420,fake,40,9,15
axg-01421,fake,63,14,18
axg-01422,fake,39,7,14
axg-01423,fake,62,13,20
axg-01424,fake,45,9,12
axg-01425,fake,71,15,20
axg-01426,fake,40,7,15
axg-01427,fake,43,9,13
axg-01428,fake,56,11,22
axg-01429,fake,19,4,7
axg-01430,fake,89,18,26
axg-01431,fake,84,18,25
axg-01432,fake,134,29,33
axg-01433,fake,61,16,22
axg-01434,fake,69,13,17
axg-01435,fake,278,57,75
axg-01436,fake,40,7,14
axg-01437,fake,220,52,58
axg-01438,fake,55,13,19
axg-01439,fake,51,10,18
axg-01440,fake,81,15,24
axg-01441,fake,543,120,141
axg-01442,fake,98,18,27
axg-01443,fake,94,18,27
axg-01444,fake,76,13,19
axg-01445,fake,50,10,13
axg-01446,fake,100,19,28
axg-01447,fake,86,15,24
axg-01448,fake,94,20,32
axg-01449,fake,78,17,21
axg-01450,fake,86,17,26
axg-01451,fake,77,16,22
axg-01452,fake,73,13,19
axg-01453,fake,388,84,103
axg-01454,fake,644,144,176
axg-01455,fake,543,114,142
axg-01456,fake,604,126,152
axg-01457,fake,450,93,123
axg-01458,fake,373,82,93
axg-01459,fake,487,105,135
axg-01460,fake,802,168,225
axg-01461,fake,1016,217,275
axg-01462,fake,617,127,159
axg-01463,fake,569,125,151
axg-01464,fake,66,14,20
axg-01465,fake,86,18,27
axg-01466,fake,49,11,17
axg-01467,fake,683,147,183
axg-01468,fake,293,67,85
axg-01469,fake,65,15,19
axg-01470,fake,305,68,89
axg-01471,fake,402,86,108
axg-01472,fake,257,57,73
axg-01473,fake,387,85,107
axg-01474,fake,523,115,140
axg-01475,fake,554,121,150
axg-01476,fake,305,67,86
axg-01477,fake,60,13,16
axg-01478,fake,398,93,121
axg-01479,fake,22,4,9
axg-01480,fake,46,9,12
axg-01481,fake,36,8,12
axg-01482,fake,129,29,40
axg-01483,fake,135,32,37
axg-01484,fake,49,11,17
axg-01485,fake,415,93,111
axg-01486,fake,553,122,153
axg-01487,fake,40,6,14
axg-01488,fake,26,5,7
axg-01489,fake,75,15,22
axg-01490,fake,54,10,20
axg-01491,fake,130,25,41
axg-01492,fake,56,12,16
axg-01493,fake,71,16,21
axg-01494,fake,51,11,15
axg-01495,fake,301,67,83
axg-01496,fake,79,17,26
axg-01497,fake,57,12,17
axg-01498,fake,95,21,33
axg-01499,fake,65,14,17
axg-01500,fake,58,11,18
axg-01501,fake,57,11,16
axg-01502,fake,191,42,52
axg-01503,fake,73,16,26
axg-01504,fake,45,8,14
axg-01505,fake,63,14,19
axg-01506,fake,67,14,20
axg-01507,fake,63,14,21
axg-01508,fake,75,14,26
axg-01509,fake,73,14,23
axg-01510,fake,83,18,26
axg-01511,fake,51,10,20
axg-01512,fake,40,9,12
axg-01513,fake,367,76,80
axg-01514,fake,363,82,99
axg-01515,fake,469,104,128
axg-01516,fake,301,68,70
axg-01517,fake,353,74,84
axg-01518,fake,336,71,88
axg-01519,fake,343,75,84
axg-01520,fake,292,67,79
axg-01521,fake,417,86,106
axg-01522,fake,549,116,161
axg-01523,fake,1087,234,318
axg-01524,fake,558,109,174
axg-01525,fake,385,92,103
axg-01526,fake,285,66,80
axg-01527,fake,348,82,95
axg-01528,fake,423,99,113
axg-01529,fake,103,23,27
axg-01530,fake,160,34,44
axg-01531,fake,69,15,20
axg-01532,fake,395,91,115
axg-01533,fake,349,78,99
axg-01534,fake,105,24,32
axg-01535,fake,105,22,29
axg-01536,fake,313,67,84
axg-01537,fake,353,78,86
axg-01538,fake,259,59,79
axg-01539,fake,192,41,47
axg-01540,fake,197,46,60
axg-01541,fake,234,52,58
axg-01542,fake,165,40,47
axg-01543,fake,274,65,76
axg-01544,fake,164,36,40
axg-01545,fake,231,53,58
axg-01546,fake,261,59,81
axg-01547,fake,173,36,46
axg-01548,fake,252,57,66
axg-01549,fake,256,58,64
axg-01550,fake,210,47,53
axg-01551,fake,218,51,59
axg-01552,fake,246,50,60
axg-01553,fake,1131,235,360
axg-01554,fake,930,214,271
axg-01555,fake,330,71,105
axg-01556,fake,724,158,183
axg-01557,fake,729,148,218
axg-01558,fake,809,174,218
axg-01559,fake,440,96,124
axg-01560,fake,439,84,139
axg-01561,fake,1034,234,292
axg-01562,fake,661,152,199
axg-01563,fake,683,144,166
axg-01564,fake,493,107,134
axg-01565,fake,1016,216,283
axg-01566,fake,2077,438,582
axg-01567,fake,890,211,254
axg-01568,fake,722,159,218
axg-01569,fake,762,161,189
axg-01570,fake,1341,293,385
axg-01571,fake,908,201,250
axg-01572,fake,1114,256,316
axg-01573,fake,620,133,180
axg-01574,fake,735,153,209
axg-01575,fake,1102,237,325
axg-01576,fake,1030,216,281
axg-01577,fake,1625,332,466
axg-01578,fake,1611,319,498
axg-01579,fake,580,133,152
axg-01580,fake,340,78,91
axg-01581,fake,334,73,94
axg-01582,fake,299,68,79
axg-01583,fake,1523,312,448
axg-01584,fake,467,99,124
axg-01585,fake,543,117,153
axg-01586,fake,2210,485,555
axg-01587,fake,641,136,173
axg-01588,fake,427,87,110
axg-01589,fake,3366,734,995
axg-01590,fake,705,148,228
axg-01591,fake,619,135,187
axg-01592,fake,623,133,175
axg-01593,fake,1488,312,480
axg-01594,fake,1181,256,318
axg-01595,fake,1092,252,291
axg-01596,fake,973,212,262
axg-01597,fake,1634,366,460
axg-01598,fake,1372,317,382
axg-01599,fake,639,133,176
axg-01600,fake,640,128,189
axg-01601,fake,1316,290,340
axg-01602,fake,2830,629,736
axg-01603,fake,2112,448,572
axg-01604,fake,1274,283,378
axg-01605,fake,1798,394,513
axg-01606,fake,914,199,267
axg-01607,fake,2672,577,751
axg-01608,fake,1656,347,467
axg-01609,fake,1125,243,301
axg-01610,fake,1111,244,289
axg-01611,fake,818,179,220
axg-01612,fake,1098,234,302
axg-01613,fake,1421,318,421
axg-01614,fake,795,165,210
axg-01615,fake,520,103,158
axg-01616,fake,77,18,21
axg-01617,fake,55,12,16
axg-01618,fake,2107,450,568
axg-01619,fake,1220,267,360
axg-01620,fake,826,179,248
axg-01621,fake,448,95,125
axg-01622,fake,632,129,177
axg-01623,fake,1240,262,358
axg-01624,fake,989,214,294
axg-01625,fake,897,197,259
axg-01626,fake,762,171,199
axg-01627,fake,1425,309,428
axg-01628,fake,820,184,240
axg-01629,fake,1238,254,344
axg-01630,fake,1450,314,384
axg-01631,fake,493,106,148
axg-01632,fake,560,109,163
axg-01633,fake,1201,245,339
axg-01634,fake,614,134,183
axg-01635,fake,1086,242,323
axg-01636,fake,992,218,301
axg-01637,fake,1151,258,316
axg-01638,fake,1058,238,309
axg-01639,fake,641,131,188
axg-01640,fake,798,173,219
axg-01641,fake,1024,229,275
axg-01642,fake,662,137,197
axg-01643,fake,1051,238,277
axg-01644,fake,1356,296,395
axg-01645,fake,2094,432,546
axg-01646,fake,2193,482,606
axg-01647,fake,1021,222,256
axg-01648,fake,986,230,285
axg-01649,fake,1019,226,262
axg-01650,fake,920,206,246
axg-01651,fake,952,202,241
axg-01652,fake,1243,272,316
axg-01653,fake,1257,271,346
axg-01654,fake,596,134,187
axg-01655,fake,576,128,167
axg-01656,fake,1225,252,371
axg-01657,fake,894,194,247
axg-01658,fake,1394,323,393
axg-01659,fake,1175,256,337
axg-01660,fake,471,99,154
axg-01661,fake,723,158,195
axg-01662,fake,375,80,107
axg-01663,fake,1090,231,294
axg-01664,fake,1116,244,314
axg-01665,fake,1074,240,311
axg-01666,fake,992,215,309
axg-01667,fake,1079,217,287
axg-01668,fake,1368,279,431
axg-01669,fake,908,186,252
axg-01670,fake,336,68,104
axg-01671,fake,1088,220,308
axg-01672,fake,937,191,263
axg-01673,fake,1822,390,522
axg-01674,fake,1219,254,337
axg-01675,fake,610,126,204
axg-01676,fake,940,204,283
axg-01677,fake,888,194,267
axg-01678,fake,548,106,167
axg-01679,fake,1756,386,508
axg-01680,fake,1074,233,303
axg-01681,fake,1387,288,338
axg-01682,fake,1150,249,306
axg-01683,fake,2971,644,782
axg-01684,fake,1890,395,537
axg-01685,fake,1837,391,500
axg-01686,fake,631,133,167
axg-01687,fake,1001,219,270
axg-01688,fake,1200,261,309
axg-01689,fake,1144,254,299
axg-01690,fake,596,133,158
axg-01691,fake,1282,287,357
axg-01692,fake,1025,218,269
axg-01693,fake,1116,246,337
axg-01694,fake,732,163,190
axg-01695,fake,583,130,153
axg-01696,fake,1343,293,333
axg-01697,fake,1267,272,301
axg-01698,fake,1078,242,317
axg-01699,fake,731,159,201
axg-01700,fake,1521,322,415
axg-01701,fake,777,168,210
axg-01702,fake,493,102,134
axg-01703,fake,423,90,139
axg-01704,fake,1034,239,290
axg-01705,fake,1504,326,408
axg-01706,fake,864,181,273
axg-01707,fake,1179,249,288
axg-01708,fake,1046,224,277
axg-01709,fake,739,161,220
axg-01710,fake,1188,260,291
axg-01711,fake,1258,261,326
axg-01712,fake,1223,263,313
axg-01713,fake,2180,472,583
axg-01714,fake,3439,752,921
axg-01715,fake,1410,304,355
axg-01716,fake,551,113,169
axg-01717,fake,1186,232,379
axg-01718,fake,1415,327,404
axg-01719,fake,1123,234,360
axg-01720,fake,1327,282,370
axg-01721,fake,1290,268,375
axg-01722,fake,458,88,134
axg-01723,fake,1259,271,369
axg-01724,fake,1574,320,444
axg-01725,fake,1111,256,341
axg-01726,fake,885,191,276
axg-01727,fake,821,178,262
axg-01728,fake,1070,230,330
axg-01729,fake,805,185,230
axg-01730,fake,748,161,220
axg-01731,fake,1086,232,304
axg-01732,fake,934,194,275
axg-01733,fake,1547,322,430
axg-01734,fake,1301,274,412
axg-01735,fake,1636,319,508
axg-01736,fake,926,206,281
axg-01737,fake,422,89,128
axg-01738,fake,556,122,157
axg-01739,fake,764,164,220
axg-01740,fake,1086,229,311
axg-01741,fake,389,83,104
axg-01742,fake,451,91,143
axg-01743,fake,1015,222,280
axg-01744,fake,2217,486,664
axg-01745,fake,964,208,272
axg-01746,fake,925,199,250
axg-01747,fake,1559,347,416
axg-01748,fake,1194,256,318
axg-01749,fake,1796,391,483
axg-01750,fake,1230,276,348
axg-01751,fake,730,154,208
axg-01752,fake,66,13,19
axg-01753,fake,677,142,180
axg-01754,fake,171,35,42
axg-01755,fake,836,179,233
axg-01756,fake,486,101,138
axg-01757,fake,1182,246,320
axg-01758,fake,501,101,135
axg-01759,fake,357,77,99
axg-01760,fake,308,68,88
axg-01761,fake,755,164,207
axg-01762,fake,359,74,87
axg-01763,fake,692,151,192
axg-01764,fake,516,114,142
axg-01765,fake,667,142,193
axg-01766,fake,460,103,123
axg-01767,fake,808,167,224
axg-01768,fake,509,116,135
axg-01769,fake,404,92,105
axg-01770,fake,487,104,131
axg-01771,fake,686,147,181
axg-01772,fake,795,166,223
axg-01773,fake,772,163,215
axg-01774,fake,613,143,176
axg-01775,fake,246,57,72
axg-01776,fake,605,139,171
axg-01777,fake,714,158,186
axg-01778,fake,527,121,145
axg-01779,fake,373,81,110
axg-01780,fake,391,86,108
axg-01781,fake,549,121,144
axg-01782,fake,577,128,155
axg-01783,fake,499,114,139
axg-01784,fake,384,86,105
axg-01785,fake,487,104,136
axg-01786,fake,648,139,173
axg-01787,fake,553,119,153
axg-01788,fake,400,87,106
axg-01789,fake,727,151,205
axg-01790,fake,427,88,120
axg-01791,fake,703,152,190
axg-01792,fake,842,185,230
axg-01793,fake,602,131,162
axg-01794,fake,691,150,177
axg-01795,fake,482,105,133
axg-01796,fake,547,114,142
axg-01797,fake,810,177,210
axg-01798,fake,695,148,178
axg-01799,fake,1002,226,289
axg-01800,fake,645,141,180
axg-01801,fake,824,178,223
axg-01802,fake,711,150,188
axg-01803,fake,849,179,212
axg-01804,fake,662,143,185
axg-01805,fake,315,71,79
axg-01806,fake,817,182,220
axg-01807,fake,692,151,182
axg-01808,fake,893,194,235
axg-01809,fake,495,109,120
axg-01810,fake,696,143,191
axg-01811,fake,707,151,173
axg-01812,fake,730,161,195
axg-01813,fake,711,157,203
axg-01814,fake,648,146,169
axg-01815,fake,736,159,203
axg-01816,fake,932,203,245
axg-01817,fake,665,149,173
axg-01818,fake,703,156,186
axg-01819,fake,648,135,173
axg-01820,fake,830,179,225
axg-01821,fake,806,177,227
axg-01822,fake,647,139,179
axg-01823,fake,786,168,203
axg-01824,fake,496,104,123
axg-01825,fake,930,198,232
axg-01826,fake,497,108,135
axg-01827,fake,764,160,225
axg-01828,fake,704,150,188
axg-01829,fake,545,116,139
axg-01830,fake,626,136,174
axg-01831,fake,650,137,180
axg-01832,fake,771,158,210
axg-01833,fake,697,152,191
axg-01834,fake,817,168,217
axg-01835,fake,560,119,146
axg-01836,fake,711,155,194
axg-01837,fake,769,167,208
axg-01838,fake,438,96,114
axg-01839,fake,600,129,154
axg-01840,fake,431,94,118
axg-01841,fake,680,147,182
axg-01842,fake,600,126,173
axg-01843,fake,470,105,123
axg-01844,fake,992,210,253
axg-01845,fake,812,174,211
axg-01846,fake,736,153,212
axg-01847,fake,828,175,229
axg-01848,fake,625,135,161
axg-01849,fake,931,196,253
axg-01850,fake,438,100,115
axg-01851,fake,331,72,79
axg-01852,fake,209,42,52
axg-01853,fake,240,53,70
axg-01854,fake,345,79,85
axg-01855,fake,308,69,81
axg-01856,fake,427,94,114
axg-01857,fake,290,63,79
axg-01858,fake,300,67,83
axg-01859,fake,456,100,114
axg-01860,fake,320,78,87
axg-01861,fake,696,147,173
axg-01862,fake,542,116,136
axg-01863,fake,535,128,142
axg-01864,fake,510,122,138
axg-01865,fake,498,120,144
axg-01866,fake,503,115,124
axg-01867,fake,585,129,143
axg-01868,fake,521,107,133
axg-01869,fake,1057,235,295
axg-01870,fake,1959,430,548
axg-01871,fake,1955,414,548
axg-01872,fake,1117,250,307
axg-01873,fake,1195,251,331
axg-01874,fake,1368,299,374
axg-01875,fake,1147,247,355
axg-01876,fake,759,157,201
axg-01877,fake,2480,538,615
axg-01878,fake,1636,370,479
axg-01879,fake,581,131,170
axg-01880,fake,709,158,200
axg-01881,fake,994,211,282
axg-01882,fake,1460,307,407
axg-01883,fake,1915,413,507
axg-01884,fake,1236,275,313
axg-01885,fake,1877,397,478
axg-01886,fake,953,195,252
axg-01887,fake,680,140,178
axg-01888,fake,743,159,201
axg-01889,fake,1402,308,380
axg-01890,fake,644,146,188
axg-01891,fake,703,143,185
axg-01892,fake,1237,251,341
axg-01893,fake,697,147,172
axg-01894,fake,1014,197,283
axg-01895,fake,994,212,246
axg-01896,fake,751,163,200
axg-01897,fake,343,75,103
axg-01898,fake,1015,211,287
axg-01899,fake,997,221,292
axg-01900,fake,1116,236,275
axg-01901,fake,1402,309,335
axg-01902,fake,783,171,227
axg-01903,fake,1562,342,420
axg-01904,fake,920,208,252
axg-01905,fake,682,151,192
axg-01906,fake,969,210,258
axg-01907,fake,2108,442,521
axg-01908,fake,1704,344,496
axg-01909,fake,2134,458,526
axg-01910,fake,774,162,200
axg-01911,fake,1520,319,380
axg-01912,fake,907,178,229
axg-01913,fake,562,124,157
axg-01914,fake,1111,241,310
axg-01915,fake,750,171,216
axg-01916,fake,619,144,172
axg-01917,fake,2625,606,680
axg-01918,fake,753,164,211
axg-01919,fake,876,199,249
axg-01920,fake,1026,232,294
axg-01921,fake,797,174,224
axg-01922,fake,884,192,252
axg-01923,fake,3130,706,837
axg-01924,fake,605,139,167
axg-01925,fake,918,197,252
axg-01926,fake,725,161,190
axg-01927,fake,773,173,223
axg-01928,fake,1570,344,434
axg-01929,fake,1322,278,353
axg-01930,fake,2467,556,662
axg-01931,fake,1709,385,451
axg-01932,fake,905,186,222
axg-01933,fake,1871,405,500
axg-01934,fake,2593,586,737
axg-01935,fake,1177,261,320
axg-01936,fake,939,208,275
axg-01937,fake,1072,244,289
axg-01938,fake,1124,252,293
axg-01939,fake,1716,373,457
axg-01940,fake,4027,910,1076
axg-01941,fake,2260,495,634
axg-01942,fake,1558,350,451
axg-01943,fake,1480,317,412
axg-01944,fake,209,44,51
axg-01945,fake,647,136,161
axg-01946,fake,173,39,46
axg-01947,fake,794,173,218
axg-01948,fake,173,36,44
axg-01949,fake,635,142,180
axg-01950,fake,612,125,158
axg-01951,fake,585,126,173
axg-01952,fake,724,149,199
axg-01953,fake,823,174,209
axg-01954,fake,549,116,137
axg-01955,fake,77,17,24
axg-01956,fake,61,12,19
axg-01957,fake,97,21,26
axg-01958,fake,667,145,185
axg-01959,fake,439,101,136
axg-01960,fake,282,61,67
axg-01961,fake,394,92,110
axg-01962,fake,714,151,185
axg-01963,fake,792,165,194
axg-01964,fake,225,50,55
axg-01965,fake,560,121,145
axg-01966,fake,857,183,264
axg-01967,fake,279,63,76
axg-01968,fake,680,148,175
axg-01969,fake,971,200,272
axg-01970,fake,666,138,181
axg-01971,fake,499,114,139
axg-01972,fake,390,83,99
axg-01973,fake,523,112,134
axg-01974,fake,685,147,178
axg-01975,fake,399,88,99
axg-01976,fake,319,66,74
axg-01977,fake,733,155,193
axg-01978,fake,504,111,131
axg-01979,fake,743,162,207
axg-01980,fake,71,16,24
axg-01981,fake,118,27,31
axg-01982,fake,68,14,22
axg-01983,fake,676,140,187
axg-01984,fake,553,118,151
axg-01985,fake,728,158,191
axg-01986,fake,327,73,92
axg-01987,fake,324,70,88
axg-01988,fake,327,78,85
axg-01989,fake,617,132,159
axg-01990,fake,786,170,209
axg-01991,fake,575,121,151
axg-01992,fake,243,53,61
axg-01993,fake,448,102,119
axg-01994,fake,788,168,193
axg-01995,fake,244,53,59
axg-01996,fake,939,202,266
axg-01997,fake,202,44,52
axg-01998,fake,348,81,92
axg-01999,fake,333,73,100
axg-02000,fake,727,158,191
axg-02001,fake,703,152,189
axg-02002,fake,268,57,60
axg-02003,fake,252,56,69
axg-02004,fake,727,152,191
axg-02005,fake,360,81,96
axg-02006,fake,909,198,250
axg-02007,fake,520,125,145
axg-02008,fake,395,87,101
axg-02009,fake,242,53,62
axg-02010,fake,664,144,180
axg-02011,fake,659,139,161
axg-02012,fake,413,94,117
axg-02013,fake,192,42,64
axg-02014,fake,268,57,78
axg-02015,fake,225,50,65
axg-02016,fake,218,50,56
axg-02017,fake,231,54,68
axg-02018,fake,256,59,72
axg-02019,fake,327,74,88
axg-02020,fake,244,53,68
axg-02021,fake,218,43,64
axg-02022,fake,775,164,208
axg-02023,fake,487,104,135
axg-02024,fake,670,143,180
axg-02025,fake,439,97,117
axg-02026,fake,843,177,209
axg-02027,fake,631,138,176
axg-02028,fake,844,187,226
axg-02029,fake,652,137,173
axg-02030,fake,558,116,141
axg-02031,fake,346,73,86
axg-02032,fake,803,174,216
axg-02033,fake,247,57,72
axg-02034,fake,403,93,118
axg-02035,fake,523,126,142
axg-02036,fake,809,183,223
axg-02037,fake,636,132,179
axg-02038,fake,573,117,157
axg-02039,fake,604,135,163
axg-02040,fake,619,139,172
axg-02041,fake,761,159,205
axg-02042,fake,594,126,153
axg-02043,fake,289,69,75
axg-02044,fake,760,167,205
axg-02045,fake,512,110,145
axg-02046,fake,812,172,204
axg-02047,fake,699,150,192
axg-02048,fake,418,96,110
axg-02049,fake,687,148,196
axg-02050,fake,693,153,189
axg-02051,fake,694,158,192
axg-02052,fake,735,154,188
axg-02053,fake,647,139,173
axg-02054,fake,822,180,218
axg-02055,fake,623,144,161
axg-02056,fake,665,148,182
axg-02057,fake,738,177,203
axg-02058,fake,575,133,172
axg-02059,fake,628,140,175
axg-02060,fake,740,175,201
axg-02061,fake,812,170,228
axg-02062,fake,883,190,218
axg-02063,fake,504,109,148
axg-02064,fake,468,103,127
axg-02065,fake,449,94,126
axg-02066,fake,635,147,173
axg-02067,fake,746,173,210
axg-02068,fake,603,131,157
axg-02069,fake,610,138,164
axg-02070,fake,801,187,226
axg-02071,fake,610,137,171
axg-02072,fake,432,102,131
axg-02073,fake,826,174,224
axg-02074,fake,517,120,132
axg-02075,fake,430,97,114
axg-02076,fake,487,111,139
axg-02077,fake,643,146,178
axg-02078,fake,755,165,225
axg-02079,fake,724,157,204
axg-02080,fake,205,44,66
axg-02081,fake,398,91,109
axg-02082,fake,178,40,51
axg-02083,fake,387,86,102
axg-02084,fake,422,97,124
axg-02085,fake,418,99,123
axg-02086,fake,473,108,152
axg-02087,fake,222,54,73
axg-02088,fake,219,46,65
axg-02089,fake,642,147,177
axg-02090,fake,267,61,83
axg-02091,fake,374,85,111
axg-02092,fake,277,60,80
axg-02093,fake,489,106,142
axg-02094,fake,288,64,89
axg-02095,fake,230,54,65
axg-02096,fake,368,83,102
axg-02097,fake,423,93,121
axg-02098,fake,481,106,122
axg-02099,fake,439,110,144
axg-02100,fake,420,96,108
axg-02101,fake,210,45,64
axg-02102,fake,226,53,69
axg-02103,fake,206,43,54
axg-02104,fake,286,62,87
axg-02105,fake,553,128,156
axg-02106,fake,485,106,156
axg-02107,fake,445,98,118
axg-02108,fake,517,111,176
axg-02109,fake,461,113,141
axg-02110,fake,426,96,140
axg-02111,fake,487,103,143
axg-02112,fake,479,107,127
axg-02113,fake,452,104,132
axg-02114,fake,413,89,116
axg-02115,fake,473,100,130
axg-02116,fake,180,39,50
axg-02117,fake,381,86,97
axg-02118,fake,328,72,85
axg-02119,fake,508,106,148
axg-02120,fake,226,47,58
axg-02121,fake,209,45,64
axg-02122,fake,500,114,149
axg-02123,fake,171,40,50
axg-02124,fake,385,83,105
axg-02125,fake,237,54,64
axg-02126,fake,487,112,145
axg-02127,fake,414,87,123
axg-02128,fake,446,103,121
axg-02129,fake,653,137,174
axg-02130,fake,272,59,85
axg-02131,fake,436,98,133
axg-02132,fake,358,80,112
axg-02133,fake,175,42,62
axg-02134,fake,329,77,93
axg-02135,fake,204,47,60
axg-02136,fake,340,73,86
axg-02137,fake,348,80,104
axg-02138,fake,358,84,105
axg-02139,fake,512,115,144
axg-02140,fake,333,79,100
axg-02141,fake,548,115,162
axg-02142,fake,557,123,159
axg-02143,fake,463,99,139
axg-02144,fake,412,90,130
axg-02145,fake,508,107,165
axg-02146,fake,331,76,107
axg-02147,fake,342,79,92
axg-02148,fake,331,79,98
axg-02149,fake,260,58,72
axg-02150,fake,421,96,109
axg-02151,fake,494,108,137
axg-02152,fake,408,92,116
axg-02153,fake,228,52,64
axg-02154,fake,505,111,144
axg-02155,fake,215,46,64
axg-02156,fake,441,98,129
axg-02157,fake,420,92,128
axg-02158,fake,284,65,98
axg-02159,fake,385,85,100
axg-02160,fake,337,74,98
axg-02161,fake,370,86,104
axg-02162,fake,244,54,73
axg-02163,fake,412,89,112
axg-02164,fake,493,106,143
axg-02165,fake,185,39,55
axg-02166,fake,265,57,77
axg-02167,fake,336,71,99
axg-02168,fake,174,39,45
axg-02169,fake,257,60,76
axg-02170,fake,165,39,50
axg-02171,fake,238,55,65
axg-02172,fake,323,73,93
axg-02173,fake,210,46,57
axg-02174,fake,175,34,53
axg-02175,fake,262,62,75
axg-02176,fake,210,47,56
axg-02177,fake,319,72,91
axg-02178,fake,251,56,76
axg-02179,fake,296,59,78
axg-02180,fake,437,89,110
axg-02181,fake,200,44,52
axg-02182,fake,212,45,51
axg-02183,fake,200,42,64
axg-02184,fake,168,36,42
axg-02185,fake,169,36,49
axg-02186,fake,275,56,71
axg-02187,fake,458,95,115
axg-02188,fake,629,126,174
axg-02189,fake,149,35,45
axg-02190,fake,216,48,58
axg-02191,fake,116,27,38
axg-02192,fake,214,47,57
axg-02193,fake,373,77,103
axg-02194,fake,288,67,80
axg-02195,fake,395,92,105
axg-02196,fake,265,69,75
axg-02197,fake,458,111,128
axg-02198,fake,177,41,47
axg-02199,fake,247,54,71
axg-02200,fake,262,57,72
axg-02201,fake,2597,545,809
axg-02202,fake,177,40,50
axg-02203,fake,316,69,75
axg-02204,fake,430,95,121
axg-02205,fake,353,76,96
axg-02206,fake,567,132,174
axg-02207,fake,281,58,76
axg-02208,fake,229,50,59
axg-02209,fake,262,57,75
axg-02210,fake,212,43,60
axg-02211,fake,263,54,70
axg-02212,fake,271,62,77
axg-02213,fake,359,78,99
axg-02214,fake,484,100,125
axg-02215,fake,262,56,70
axg-02216,fake,214,44,55
axg-02217,fake,299,66,83
axg-02218,fake,413,93,119
axg-02219,fake,230,52,65
axg-02220,fake,423,97,124
axg-02221,fake,447,101,132
axg-02222,fake,358,85,106
axg-02223,fake,399,87,111
axg-02224,fake,442,97,118
axg-02225,fake,213,45,67
axg-02226,fake,211,49,53
axg-02227,fake,179,39,49
axg-02228,fake,206,49,70
axg-02229,fake,194,44,62
axg-02230,fake,186,42,62
axg-02231,fake,204,46,63
axg-02232,fake,284,62,79
axg-02233,fake,221,47,71
axg-02234,fake,282,63,80
axg-02235,fake,220,47,61
axg-02236,fake,594,134,164
axg-02237,fake,179,41,47
axg-02238,fake,264,56,79
axg-02239,fake,183,38,54
axg-02240,fake,283,58,70
axg-02241,fake,276,61,80
axg-02242,fake,305,62,81
axg-02243,fake,309,67,81
axg-02244,fake,191,46,51
axg-02245,fake,215,53,69
axg-02246,fake,306,66,73
axg-02247,fake,327,70,100
axg-02248,fake,397,92,112
axg-02249,fake,293,62,73
axg-02250,fake,386,87,108
axg-02251,fake,349,77,101
axg-02252,fake,389,89,116
axg-02253,fake,406,90,119
axg-02254,fake,245,54,68
axg-02255,fake,303,64,89
axg-02256,fake,403,96,108
axg-02257,fake,300,64,86
axg-02258,fake,332,72,93
axg-02259,fake,446,98,130
axg-02260,fake,423,97,108
axg-02261,fake,303,69,83
axg-02262,fake,524,114,143
axg-02263,fake,425,90,115
axg-02264,fake,419,98,120
axg-02265,fake,561,128,160
axg-02266,fake,304,72,81
axg-02267,fake,266,53,66
axg-02268,fake,800,181,223
axg-02269,fake,229,53,65
axg-02270,fake,317,67,91
axg-02271,fake,407,94,107
axg-02272,fake,357,82,101
axg-02273,fake,390,90,115
axg-02274,fake,370,82,101
axg-02275,fake,396,89,116
axg-02276,fake,274,64,78
axg-02277,fake,391,87,106
axg-02278,fake,323,71,92
axg-02279,fake,529,114,141
axg-02280,fake,396,86,106
axg-02281,fake,494,105,138
axg-02282,fake,451,103,127
axg-02283,fake,427,97,116
axg-02284,fake,409,94,105
axg-02285,fake,336,74,92
axg-02286,fake,443,100,110
axg-02287,fake,370,83,101
axg-02288,fake,196,45,52
axg-02289,fake,334,74,90
axg-02290,fake,394,89,108
axg-02291,fake,414,91,116
axg-02292,fake,336,72,85
axg-02293,fake,343,77,93
axg-02294,fake,365,84,103
axg-02295,fake,424,97,114
axg-02296,fake,308,72,81
axg-02297,fake,246,55,64
axg-02298,fake,155,38,41
axg-02299,fake,200,45,59
axg-02300,fake,250,56,62
axg-02301,fake,160,37,45
axg-02302,fake,153,34,44
axg-02303,fake,265,59,71
axg-02304,fake,161,37,45
axg-02305,fake,175,43,49
axg-02306,fake,219,46,62
axg-02307,fake,250,58,62
axg-02308,fake,209,47,56
axg-02309,fake,164,38,47
axg-02310,fake,153,37,51
axg-02311,fake,244,51,57
axg-02312,fake,189,42,50
axg-02313,fake,206,48,59
axg-02314,fake,163,37,43
axg-02315,fake,235,53,63
axg-02316,fake,222,51,61
axg-02317,fake,203,48,62
axg-02318,fake,138,30,35
axg-02319,fake,127,29,38
axg-02320,fake,78,15,24
axg-02321,fake,196,40,61
axg-02322,fake,148,31,47
axg-02323,fake,132,27,42
axg-02324,fake,124,28,36
axg-02325,fake,208,46,49
axg-02326,fake,192,46,57
axg-02327,fake,192,43,57
axg-02328,fake,290,66,86
axg-02329,fake,276,59,75
axg-02330,fake,151,33,44
axg-02331,fake,178,39,50
axg-02332,fake,113,27,35
axg-02333,fake,257,60,82
axg-02334,fake,111,25,33
axg-02335,fake,180,40,59
axg-02336,fake,194,40,50
axg-02337,fake,645,140,179
axg-02338,fake,679,148,175
axg-02339,fake,666,133,169
axg-02340,fake,758,155,200
axg-02341,fake,486,101,129
axg-02342,fake,621,128,166
axg-02343,fake,52,10,20
axg-02344,fake,95,20,32
axg-02345,fake,117,24,37
axg-02346,fake,113,24,35
axg-02347,fake,175,39,47
axg-02348,fake,123,28,34
axg-02349,fake,101,21,30
axg-02350,fake,112,26,33
axg-02351,fake,76,16,19
axg-02352,fake,111,24,29
axg-02353,fake,103,21,32
axg-02354,fake,111,25,36
axg-02355,fake,87,20,25
axg-02356,fake,58,11,20
axg-02357,fake,88,20,23
axg-02358,fake,63,14,20
axg-02359,fake,137,28,44
axg-02360,fake,201,43,60
axg-02361,fake,209,45,64
axg-02362,fake,121,26,38
axg-02363,fake,77,15,24
axg-02364,fake,88,19,25
axg-02365,fake,62,13,18
axg-02366,fake,138,31,37
axg-02367,fake,107,21,31
axg-02368,fake,127,27,39
axg-02369,fake,144,28,45
axg-02370,fake,130,28,40
axg-02371,fake,203,41,67
axg-02372,fake,248,49,66
axg-02373,fake,151,36,47
axg-02374,fake,281,57,80
axg-02375,fake,180,44,53
axg-02376,fake,337,74,89
axg-02377,fake,204,43,58
axg-02378,fake,150,33,42
axg-02379,fake,166,33,40
axg-02380,fake,191,42,54
axg-02381,fake,168,38,55
axg-02382,fake,205,41,56
axg-02383,fake,502,108,154
axg-02384,fake,463,102,120
axg-02385,fake,734,161,185
axg-02386,fake,777,155,203
axg-02387,fake,1813,384,436
axg-02388,fake,713,148,173
axg-02389,fake,493,107,141
axg-02390,fake,964,188,286
axg-02391,fake,674,138,196
axg-02392,fake,1597,363,428
axg-02393,fake,1227,265,312
axg-02394,fake,510,109,144
axg-02395,fake,794,169,217
axg-02396,fake,459,91,135
axg-02397,fake,1319,295,347
axg-02398,fake,1560,347,439
axg-02399,fake,305,57,111
axg-02400,fake,1317,275,375
axg-02401,fake,1833,423,562
axg-02402,fake,1336,305,385
axg-02403,fake,965,213,267
axg-02404,fake,641,141,166
axg-02405,fake,1512,322,417
axg-02406,fake,1602,356,446
axg-02407,fake,1754,388,501
axg-02408,fake,1841,397,533
axg-02409,fake,469,98,149
axg-02410,fake,869,180,232
axg-02411,fake,2054,415,611
axg-02412,fake,1435,315,374
axg-02413,fake,1206,252,324
axg-02414,fake,1940,430,566
axg-02415,fake,2069,432,604
axg-02416,fake,531,107,158
axg-02417,fake,911,194,269
axg-02418,fake,992,208,274
axg-02419,fake,1264,281,381
axg-02420,fake,1171,260,350
axg-02421,fake,1538,333,449
axg-02422,fake,879,183,230
axg-02423,fake,946,199,277
axg-02424,fake,671,154,203
axg-02425,fake,824,167,290
axg-02426,fake,1109,237,313
axg-02427,fake,808,168,222
axg-02428,fake,562,117,168
axg-02429,fake,328,63,102
axg-02430,fake,759,162,205
axg-02431,fake,1352,271,373
axg-02432,fake,782,164,220
axg-02433,fake,1155,244,342
axg-02434,fake,1210,258,354
axg-02435,fake,1288,272,348
axg-02436,fake,1198,268,357
axg-02437,fake,362,81,95
axg-02438,fake,462,98,140
axg-02439,fake,553,120,155
axg-02440,fake,1169,262,328
axg-02441,fake,967,200,257
axg-02442,fake,927,207,250
axg-02443,fake,711,141,202
axg-02444,fake,1630,345,454
axg-02445,fake,1053,225,290
axg-02446,fake,1075,240,274
axg-02447,fake,1512,339,405
axg-02448,fake,1935,425,550
axg-02449,fake,1509,324,406
axg-02450,fake,988,203,266
axg-02451,fake,1830,408,500
axg-02452,fake,988,201,290
axg-02453,fake,639,136,197
axg-02454,fake,569,128,152
axg-02455,fake,798,177,229
axg-02456,fake,1542,326,426
axg-02457,fake,377,86,106
axg-02458,fake,791,173,224
axg-02459,fake,721,147,218
axg-02460,fake,720,163,219
axg-02461,fake,1624,359,494
axg-02462,fake,821,168,225
axg-02463,fake,831,175,225
axg-02464,fake,1011,217,277
axg-02465,fake,1383,306,359
axg-02466,fake,2055,422,593
axg-02467,fake,580,127,178
axg-02468,fake,1066,241,286
axg-02469,fake,427,91,113
axg-02470,fake,75,15,20
axg-02471,fake,98,22,29
axg-02472,fake,68,13,23
axg-02473,fake,128,27,37
axg-02474,fake,104,18,35
axg-02475,fake,120,25,43
axg-02476,fake,117,27,34
axg-02477,fake,84,17,26
axg-02478,fake,120,26,30
axg-02479,fake,81,15,24
axg-02480,fake,117,23,35
axg-02481,fake,150,31,53
axg-02482,fake,81,17,22
axg-02483,fake,91,20,31
axg-02484,fake,93,19,29
axg-02485,fake,97,19,28
axg-02486,fake,90,20,32
axg-02487,fake,86,17,22
axg-02488,fake,85,21,25
axg-02489,fake,95,22,26
axg-02490,fake,123,29,37
axg-02491,fake,75,16,21
axg-02492,fake,96,22,28
axg-02493,fake,78,17,29
axg-02494,fake,102,21,26
axg-02495,fake,77,17,20
axg-02496,fake,92,22,28
axg-02497,fake,134,29,38
axg-02498,fake,86,16,23
axg-02499,fake,76,15,23
axg-02500,fake,85,17,22
axg-02501,fake,74,17,22
axg-02502,fake,81,19,23
axg-02503,fake,162,33,45
axg-02504,fake,86,17,26
axg-02505,fake,63,13,22
axg-02506,fake,104,22,25
axg-02507,fake,70,14,18
axg-02508,fake,71,14,18
axg-02509,fake,76,15,23
axg-02510,fake,107,23,31
axg-02511,fake,79,15,22
axg-02512,fake,92,20,25
axg-02513,fake,103,23,31
axg-02514,fake,146,31,45
axg-02515,fake,95,17,29
axg-02516,fake,98,20,32
axg-02517,fake,112,22,38
axg-02518,fake,102,21,31
axg-02519,fake,75,16,24
axg-02520,fake,72,15,19
axg-02521,fake,138,29,43
axg-02522,fake,74,16,25
axg-02523,fake,76,14,19
axg-02524,fake,52,11,17
axg-02525,fake,79,17,26
axg-02526,fake,79,15,23
axg-02527,fake,112,20,35
axg-02528,fake,99,21,31
axg-02529,fake,99,23,36
axg-02530,fake,137,28,37
axg-02531,fake,88,17,26
axg-02532,fake,148,29,42
axg-02533,fake,121,27,37
axg-02534,fake,153,28,49
axg-02535,fake,104,20,30
axg-02536,fake,122,27,39
axg-02537,fake,106,23,34
axg-02538,fake,85,17,26
axg-02539,fake,82,18,28
axg-02540,fake,95,19,24
axg-02541,fake,84,18,22
axg-02542,fake,79,18,26
axg-02543,fake,98,19,29
axg-02544,fake,121,27,40
axg-02545,fake,88,19,21
axg-02546,fake,118,27,37
axg-02547,fake,89,19,28
axg-02548,fake,85,19,25
axg-02549,fake,85,18,23
axg-02550,fake,85,18,23
axg-02551,fake,76,15,18
axg-02552,fake,114,26,32
axg-02553,fake,88,21,29
axg-02554,fake,135,29,40
axg-02555,fake,100,21,28
axg-02556,fake,99,21,29
axg-02557,fake,105,23,30
axg-02558,fake,93,21,36
axg-02559,fake,85,19,25
axg-02560,fake,70,14,20
axg-02561,fake,65,14,19
axg-02562,fake,115,23,34
axg-02563,fake,94,21,24
axg-02564,fake,80,17,23
axg-02565,fake,73,16,25
axg-02566,fake,75,15,20
axg-02567,fake,93,20,25
axg-02568,fake,177,37,50
axg-02569,fake,94,20,27
axg-02570,fake,167,36,47
axg-02571,fake,134,29,38
axg-02572,fake,121,25,37
axg-02573,fake,154,35,46
axg-02574,fake,87,19,28
axg-02575,fake,126,29,35
axg-02576,fake,163,35,47
axg-02577,fake,67,15,19
axg-02578,fake,82,16,26
axg-02579,fake,92,17,35
axg-02580,fake,73,14,20
axg-02581,fake,80,18,27
axg-02582,fake,83,16,33
axg-02583,fake,106,23,32
axg-02584,fake,101,22,31
axg-02585,fake,108,23,34
axg-02586,fake,88,18,28
axg-02587,fake,170,36,49
axg-02588,fake,160,34,38
axg-02589,fake,121,29,36
axg-02590,fake,101,23,33
axg-02591,fake,100,23,34
axg-02592,fake,66,14,19
axg-02593,fake,136,31,38
axg-02594,fake,142,32,42
axg-02595,fake,88,21,25
axg-02596,fake,100,23,33
axg-02597,fake,83,18,24
axg-02598,fake,83,16,19
axg-02599,fake,95,19,30
axg-02600,fake,102,21,26
axg-02601,fake,93,19,23
axg-02602,fake,82,19,21
axg-02603,fake,64,15,26
axg-02604,fake,87,16,32
axg-02605,fake,74,16,21
axg-02606,fake,106,23,32
axg-02607,fake,70,14,21
axg-02608,fake,82,17,25
axg-02609,fake,94,19,27
axg-02610,fake,115,23,33
axg-02611,fake,97,20,26
axg-02612,fake,109,21,37
axg-02613,fake,91,18,27
axg-02614,fake,114,24,30
axg-02615,fake,131,27,36
axg-02616,fake,107,23,30
axg-02617,fake,148,32,50
axg-02618,fake,140,28,37
axg-02619,fake,80,15,26
axg-02620,fake,197,40,55
axg-02621,fake,125,26,35
axg-02622,fake,89,17,25
axg-02623,fake,85,19,25
axg-02624,fake,68,16,21
axg-02625,fake,70,14,19
axg-02626,fake,91,20,26
axg-02627,fake,54,12,17
axg-02628,fake,115,22,36
axg-02629,fake,96,17,25
axg-02630,fake,149,32,38
axg-02631,fake,100,24,29
axg-02632,fake,129,27,37
axg-02633,fake,67,14,18
axg-02634,fake,98,21,32
axg-02635,fake,72,16,23
axg-02636,fake,82,18,29
axg-02637,fake,69,17,24
axg-02638,fake,101,22,28
axg-02639,fake,97,21,29
axg-02640,fake,73,17,23
axg-02641,fake,77,18,26
axg-02642,fake,78,17,29
axg-02643,fake,73,17,22
axg-02644,fake,71,16,26
axg-02645,fake,98,20,30
axg-02646,fake,101,22,28
axg-02647,fake,147,32,43
axg-02648,fake,100,21,30
axg-02649,fake,114,24,38
axg-02650,fake,101,22,26
axg-02651,fake,153,30,47
axg-02652,fake,211,44,59
axg-02653,fake,124,26,36
axg-02654,fake,100,21,37
axg-02655,fake,115,25,34
axg-02656,fake,141,28,37
axg-02657,fake,87,19,28
axg-02658,fake,97,20,29
axg-02659,fake,112,25,34
axg-02660,fake,82,18,26
axg-02661,fake,100,22,30
axg-02662,fake,91,19,30
axg-02663,fake,137,29,36
axg-02664,fake,167,37,50
axg-02665,fake,99,21,32
axg-02666,fake,140,29,40
axg-02667,fake,153,31,52
axg-02668,fake,204,41,58
axg-02669,fake,147,34,45
axg-02670,fake,123,27,44
axg-02671,fake,147,33,41
axg-02672,fake,219,48,57
axg-02673,fake,93,20,26
axg-02674,fake,120,28,40
axg-02675,fake,112,24,33
axg-02676,fake,143,32,47
axg-02677,fake,107,23,30
axg-02678,fake,104,22,32
axg-02679,fake,69,12,23
axg-02680,fake,102,24,38
axg-02681,fake,119,23,42
axg-02682,fake,93,21,30
axg-02683,fake,124,29,37
axg-02684,fake,112,22,28
axg-02685,fake,105,23,32
axg-02686,fake,85,18,26
axg-02687,fake,106,22,30
axg-02688,fake,102,20,38
axg-02689,fake,104,21,38
axg-02690,fake,92,18,35
axg-02691,fake,93,19,26
axg-02692,fake,131,26,34
axg-02693,fake,105,22,33
axg-02694,fake,154,36,49
axg-02695,fake,103,24,34
axg-02696,fake,123,26,36
axg-02697,fake,134,25,32
axg-02698,fake,129,29,37
axg-02699,fake,113,24,33
axg-02700,fake,123,28,36
axg-02701,fake,214,47,59
axg-02702,fake,129,26,37
axg-02703,fake,109,24,31
axg-02704,fake,100,21,32
axg-02705,fake,91,19,31
axg-02706,fake,105,19,34
axg-02707,fake,116,29,36
axg-02708,fake,123,26,35
axg-02709,fake,100,18,35
axg-02710,fake,100,21,35
axg-02711,fake,87,19,24
axg-02712,fake,110,24,34
axg-02713,fake,91,20,32
axg-02714,fake,105,24,30
axg-02715,fake,89,20,29
axg-02716,fake,84,20,28
axg-02717,fake,142,32,41
axg-02718,fake,136,25,35
axg-02719,fake,1930,408,562
axg-02720,fake,3311,687,1038
axg-02721,fake,2540,581,682
axg-02722,fake,2074,477,592
axg-02723,fake,1438,316,414
axg-02724,fake,2452,540,685
axg-02725,fake,1908,426,516
axg-02726,fake,1773,397,520
axg-02727,fake,1872,384,484
axg-02728,fake,2046,440,576
axg-02729,fake,4868,1000,1312
axg-02730,fake,2709,616,797
axg-02731,fake,4798,1049,1364
axg-02732,fake,2159,480,598
axg-02733,fake,3354,758,956
axg-02734,fake,2796,612,760
axg-02735,fake,1568,360,433
axg-02736,fake,4874,1068,1381
axg-02737,fake,2081,465,557
axg-02738,fake,2412,516,635
axg-02739,fake,4652,1010,1256
axg-02740,fake,2127,496,597
axg-02741,fake,1622,363,491
axg-02742,fake,734,158,217
axg-02743,fake,1933,433,559
axg-02744,fake,2625,589,727
axg-02745,fake,1772,396,513
axg-02746,fake,4363,926,1291
axg-02747,fake,1780,389,522
axg-02748,fake,4635,989,1382
axg-02749,fake,1744,384,507
axg-02750,fake,2441,536,677
axg-02751,fake,1291,292,390
axg-02752,fake,1142,260,340
axg-02753,fake,2706,604,740
axg-02754,fake,3697,841,1052
axg-02755,fake,1875,417,516
axg-02756,fake,2069,446,552
axg-02757,fake,1680,379,468
axg-02758,fake,2755,612,778
axg-02759,fake,1004,219,298
axg-02760,fake,2421,533,639
axg-02761,fake,1355,291,385
axg-02762,fake,3291,730,901
axg-02763,fake,1269,281,339
axg-02764,fake,2241,517,627
axg-02765,fake,3734,811,1003
axg-02766,fake,2623,579,726
axg-02767,fake,2727,619,757
axg-02768,fake,1568,354,460
axg-02769,fake,3136,702,844
axg-02770,fake,1097,241,326
axg-02771,fake,2109,462,598
axg-02772,fake,1228,265,328
axg-02773,fake,2911,639,808
axg-02774,fake,1605,361,423
axg-02775,fake,2078,439,588
axg-02776,fake,3934,868,1080
axg-02777,fake,1120,253,331
axg-02778,fake,3325,776,932
axg-02779,fake,2477,555,708
axg-02780,fake,4880,1110,1359
axg-02781,fake,1774,388,517
axg-02782,fake,4640,982,1290
axg-02783,fake,3685,815,1024
axg-02784,fake,3158,731,847
axg-02785,fake,1945,431,530
axg-02786,fake,1951,418,550
axg-02787,fake,3318,735,931
axg-02788,fake,1634,358,466
axg-02789,fake,3453,749,974
axg-02790,fake,2015,422,573
axg-02791,fake,2214,474,616
axg-02792,fake,4830,1034,1329
axg-02793,fake,4927,1079,1368
axg-02794,fake,3353,766,988
axg-02795,fake,1534,318,392
axg-02796,fake,2568,565,691
axg-02797,fake,1903,407,555
axg-02798,fake,987,221,282
axg-02799,fake,3337,770,936
axg-02800,fake,2520,542,690
axg-02801,fake,1710,373,467
axg-02802,fake,2210,483,629
axg-02803,fake,1202,262,360
axg-02804,fake,830,176,236
axg-02805,fake,4787,1088,1376
axg-02806,fake,3467,755,921
axg-02807,fake,2446,526,668
axg-02808,fake,1969,426,518
axg-02809,fake,3468,804,988
axg-02810,fake,2084,450,588
axg-02811,fake,1629,355,470
axg-02812,fake,1529,345,434
axg-02813,fake,4431,1003,1303
axg-02814,fake,4694,1027,1318
axg-02815,fake,4532,1006,1198
axg-02816,fake,1829,412,513
axg-02817,fake,4867,1056,1427
axg-02818,fake,2276,507,622
axg-02819,fake,915,199,257
axg-02820,fake,4677,1006,1205
axg-02821,fake,3098,700,878
axg-02822,fake,4784,1079,1346
axg-02823,fake,3747,800,1021
axg-02824,fake,2753,619,738
axg-02825,fake,2120,464,587
axg-02826,fake,2092,468,572
axg-02827,fake,2870,646,796
axg-02828,fake,4591,1018,1279
axg-02829,fake,302,67,83
axg-02830,fake,1814,404,506
axg-02831,fake,3344,746,982
axg-02832,fake,4925,1094,1375
axg-02833,fake,4481,1023,1270
axg-02834,fake,3344,724,983
axg-02835,fake,1264,278,363
axg-02836,fake,1092,243,281
axg-02837,fake,737,157,211
axg-02838,fake,4768,1042,1252
axg-02839,fake,1287,278,356
axg-02840,fake,1950,457,541
axg-02841,fake,5010,1114,1342
axg-02842,fake,2303,513,650
axg-02843,fake,4636,1018,1282
axg-02844,fake,2905,665,862
axg-02845,fake,624,140,184
axg-02846,fake,2379,487,620
axg-02847,fake,2857,650,779
axg-02848,fake,3987,861,1110
axg-02849,fake,2423,551,680
axg-02850,fake,4755,1029,1270
axg-02851,fake,2124,465,579
axg-02852,fake,2822,604,826
axg-02853,fake,2304,512,652
axg-02854,fake,1627,354,434
axg-02855,fake,1497,337,448
axg-02856,fake,2562,589,700
axg-02857,fake,4421,991,1160
axg-02858,fake,2707,607,731
axg-02859,fake,1614,346,434
axg-02860,fake,1330,310,376
axg-02861,fake,2009,433,568
axg-02862,fake,631,140,187
axg-02863,fake,2687,591,743
axg-02864,fake,2437,546,711
axg-02865,fake,946,196,275
axg-02866,fake,4915,1056,1384
axg-02867,fake,1700,361,438
axg-02868,fake,881,191,244
axg-02869,fake,4961,1107,1375
axg-02870,fake,2760,611,767
axg-02871,fake,724,167,203
axg-02872,fake,470,105,136
axg-02873,fake,1874,417,546
axg-02874,fake,4788,1048,1308
axg-02875,fake,1689,377,485
axg-02876,fake,2072,453,611
axg-02877,fake,2394,512,653
axg-02878,fake,3624,812,995
axg-02879,fake,2761,606,752
axg-02880,fake,2043,443,533
axg-02881,fake,3702,816,1081
axg-02882,fake,978,219,301
axg-02883,fake,4619,1007,1325
axg-02884,fake,3389,763,915
axg-02885,fake,2710,614,761
axg-02886,fake,2514,563,690
axg-02887,fake,869,189,242
axg-02888,fake,1192,261,336
axg-02889,fake,2170,474,588
axg-02890,fake,4023,885,1182
axg-02891,fake,3210,741,922
axg-02892,fake,2719,603,753
axg-02893,fake,2204,486,622
axg-02894,fake,916,204,258
axg-02895,fake,2333,519,645
axg-02896,fake,979,211,244
axg-02897,fake,2777,620,762
axg-02898,fake,4517,1008,1295
axg-02899,fake,3839,843,1044
axg-02900,fake,2217,490,611
axg-02901,fake,2235,497,613
axg-02902,fake,2478,547,678
axg-02903,fake,566,118,163
axg-02904,fake,2296,503,640
axg-02905,fake,2116,469,595
axg-02906,fake,2433,546,655
axg-02907,fake,1820,401,507
axg-02908,fake,3810,845,999
axg-02909,fake,3091,694,869
axg-02910,fake,3312,741,930
axg-02911,fake,4485,1006,1256
axg-02912,fake,2394,506,731
axg-02913,fake,2531,576,706
axg-02914,fake,1003,214,293
axg-02915,fake,2935,653,819
axg-02916,fake,4964,1081,1351
axg-02917,fake,3316,750,929
axg-02918,fake,498,105,136
axg-02919,fake,2751,631,757
axg-02920,fake,3150,731,883
axg-02921,fake,1420,322,412
axg-02922,fake,3685,819,998
axg-02923,fake,4653,1060,1297
axg-02924,fake,452,99,137
axg-02925,fake,3719,804,1067
axg-02926,fake,4560,983,1233
axg-02927,fake,1382,315,409
axg-02928,fake,369,76,105
axg-02929,fake,1078,248,322
axg-02930,fake,2261,494,626
axg-02931,fake,3441,772,945
axg-02932,fake,930,203,258
axg-02933,fake,1416,309,425
axg-02934,fake,1827,409,525
axg-02935,fake,4645,1028,1293
axg-02936,fake,1967,433,541
axg-02937,fake,811,188,234
axg-02938,fake,3270,750,929
axg-02939,fake,2442,564,669
axg-02940,fake,1534,355,424
axg-02941,fake,3211,712,897
axg-02942,fake,2518,577,719
axg-02943,fake,3083,706,879
axg-02944,fake,4936,1105,1374
axg-02945,fake,2636,606,753
axg-02946,fake,2007,442,570
axg-02947,fake,3883,843,1037
axg-02948,fake,2357,523,685
axg-02949,fake,2622,569,772
axg-02950,fake,1332,294,368
axg-02951,fake,2055,462,552
axg-02952,fake,1208,281,349
axg-02953,fake,3189,746,903
axg-02954,fake,2713,605,754
axg-02955,fake,1300,287,364
axg-02956,fake,3111,721,900
axg-02957,fake,2567,584,698
axg-02958,fake,1561,356,444
axg-02959,fake,1862,431,520
axg-02960,fake,2559,573,731
axg-02961,fake,2963,644,820
axg-02962,fake,1821,406,507
axg-02963,fake,1764,390,493
axg-02964,fake,3196,705,880
axg-02965,fake,1317,281,368
axg-02966,fake,1507,326,391
axg-02967,fake,1775,388,502
axg-02968,fake,3644,820,1004
axg-02969,fake,4129,966,1153
axg-02970,fake,4695,1011,1201
axg-02971,fake,1203,282,332
axg-02972,fake,2418,553,683
axg-02973,fake,4752,1052,1382
axg-02974,fake,1410,305,383
axg-02975,fake,1990,422,568
axg-02976,fake,2418,544,667
axg-02977,fake,3292,700,938
axg-02978,fake,3261,734,913
axg-02979,fake,4084,897,1095
axg-02980,fake,2174,489,621
axg-02981,fake,917,195,279
axg-02982,fake,667,152,191
axg-02983,fake,2290,497,645
axg-02984,fake,1930,430,563
axg-02985,fake,4089,923,1102
axg-02986,fake,2183,501,607
axg-02987,fake,2683,582,741
axg-02988,fake,1159,258,290
axg-02989,fake,4036,914,1118
axg-02990,fake,1854,418,504
axg-02991,fake,1400,324,383
axg-02992,fake,2807,618,810
axg-02993,fake,2758,623,737
axg-02994,fake,2273,491,636
axg-02995,fake,864,180,257
axg-02996,fake,1530,335,443
axg-02997,fake,2460,557,706
axg-02998,fake,2723,591,785
axg-02999,fake,3837,841,1072
axg-03000,fake,4292,954,1116
axg-03001,fake,1393,320,360
axg-03002,fake,2204,503,640
axg-03003,fake,1751,387,460
axg-03004,fake,1855,427,512
axg-03005,fake,2952,654,886
axg-03006,fake,5220,1188,1420
axg-03007,fake,2096,462,575
axg-03008,fake,2055,458,637
axg-03009,fake,2606,569,749
axg-03010,fake,2058,467,563
axg-03011,fake,1604,358,465
axg-03012,fake,2653,604,704
axg-03013,fake,2120,479,577
axg-03014,fake,4730,1000,1235
axg-03015,fake,4713,1034,1285
axg-03016,fake,1464,323,405
axg-03017,fake,2021,431,592
axg-03018,fake,1876,401,532
axg-03019,fake,1855,426,517
axg-03020,fake,3538,765,973
axg-03021,fake,5056,1111,1364
axg-03022,fake,4887,1084,1339
axg-03023,fake,4226,909,1089
axg-03024,fake,2796,630,751
axg-03025,fake,2616,600,724
axg-03026,fake,1131,247,317
axg-03027,fake,3687,828,1084
axg-03028,fake,2015,444,571
axg-03029,fake,3946,900,1074
axg-03030,fake,639,150,171
axg-03031,fake,2314,504,640
axg-03032,fake,3191,758,876
axg-03033,fake,1883,414,479
axg-03034,fake,3010,670,817
axg-03035,fake,1495,351,423
axg-03036,fake,4298,926,1253
axg-03037,fake,2841,638,816
axg-03038,fake,4319,881,1167
axg-03039,fake,1923,441,552
axg-03040,fake,1678,366,445
axg-03041,fake,1716,392,488
axg-03042,fake,2492,559,753
axg-03043,fake,1709,371,456
axg-03044,fake,2541,587,704
axg-03045,fake,1869,402,504
axg-03046,fake,4585,997,1276
axg-03047,fake,652,153,195
axg-03048,fake,3099,704,875
axg-03049,fake,1346,294,393
axg-03050,fake,3104,688,832
axg-03051,fake,2154,494,587
axg-03052,fake,1072,233,295
axg-03053,fake,1737,381,516
axg-03054,fake,2251,479,588
axg-03055,fake,3017,679,835
axg-03056,fake,916,204,259
axg-03057,fake,2017,448,547
axg-03058,fake,3749,847,1026
axg-03059,fake,3168,693,852
axg-03060,fake,2731,616,727
axg-03061,fake,2210,495,603
axg-03062,fake,2524,562,676
axg-03063,fake,2220,482,555
axg-03064,fake,1518,349,417
axg-03065,fake,1776,391,497
axg-03066,fake,1573,375,459
axg-03067,fake,4370,908,1164
axg-03068,fake,644,135,188
axg-03069,fake,4624,1029,1246
axg-03070,fake,4423,963,1229
axg-03071,fake,1883,411,524
axg-03072,fake,2862,627,794
axg-03073,fake,2262,497,598
axg-03074,fake,4728,1026,1276
axg-03075,fake,2362,558,698
axg-03076,fake,1111,254,303
axg-03077,fake,2171,500,610
axg-03078,fake,4558,957,1304
axg-03079,fake,4623,1026,1365
axg-03080,fake,3969,873,1149
axg-03081,fake,452,95,124
axg-03082,fake,2442,566,697
axg-03083,fake,1920,446,515
axg-03084,fake,649,153,182
axg-03085,fake,3047,693,821
axg-03086,fake,1292,277,336
axg-03087,fake,1734,389,471
axg-03088,fake,1840,416,533
axg-03089,fake,3906,838,1005
axg-03090,fake,3253,734,901
axg-03091,fake,2114,452,564
axg-03092,fake,1638,370,458
axg-03093,fake,2287,513,635
axg-03094,fake,3279,704,928
axg-03095,fake,2162,503,569
axg-03096,fake,3267,747,930
axg-03097,fake,613,144,180
axg-03098,fake,2584,579,689
axg-03099,fake,3522,795,962
axg-03100,fake,2287,514,713
axg-03101,fake,2993,677,833
axg-03102,fake,1769,397,531
axg-03103,fake,3537,768,935
axg-03104,fake,1174,258,332
axg-03105,fake,834,179,229
axg-03106,fake,2092,488,566
axg-03107,fake,3127,697,882
axg-03108,fake,4528,1026,1262
axg-03109,fake,1614,351,472
axg-03110,fake,4683,1026,1409
axg-03111,fake,2598,590,716
axg-03112,fake,1904,406,516
axg-03113,fake,1528,364,440
axg-03114,fake,2259,506,611
axg-03115,fake,2300,523,660
axg-03116,fake,2407,548,665
axg-03117,fake,2182,495,578
axg-03118,fake,4865,1082,1381
axg-03119,fake,2408,517,635
axg-03120,fake,851,188,230
axg-03121,fake,1424,329,410
axg-03122,fake,1936,433,559
axg-03123,fake,2677,577,738
axg-03124,fake,2286,510,615
axg-03125,fake,4935,1153,1364
axg-03126,fake,865,173,253
axg-03127,fake,1771,410,517
axg-03128,fake,2148,479,603
axg-03129,fake,2062,446,561
axg-03130,fake,1560,367,441
axg-03131,fake,2021,459,557
axg-03132,fake,2774,618,759
axg-03133,fake,5175,1169,1447
axg-03134,fake,3392,734,963
axg-03135,fake,2186,499,593
axg-03136,fake,2257,504,629
axg-03137,fake,2027,449,560
axg-03138,fake,2240,490,646
axg-03139,fake,1248,273,368
axg-03140,fake,2059,461,615
axg-03141,fake,1633,369,467
axg-03142,fake,2950,672,816
axg-03143,fake,2791,627,753
axg-03144,fake,861,203,254
axg-03145,fake,2606,579,736
axg-03146,fake,1846,416,499
axg-03147,fake,2892,629,819
axg-03148,fake,2153,486,601
axg-03149,fake,2945,665,800
axg-03150,fake,1329,279,371
axg-03151,fake,1865,404,529
axg-03152,fake,3760,848,1054
axg-03153,fake,2182,480,591
axg-03154,fake,2506,540,702
axg-03155,fake,1348,299,387
axg-03156,fake,3840,873,1040
axg-03157,fake,2796,625,774
axg-03158,fake,4739,1063,1311
axg-03159,fake,2321,559,670
axg-03160,fake,1424,320,385
axg-03161,fake,4747,1034,1320
axg-03162,fake,2459,557,706
axg-03163,fake,1724,380,455
axg-03164,fake,3788,844,1062
axg-03165,fake,1123,257,312
axg-03166,fake,2664,617,746
axg-03167,fake,4802,1059,1364
axg-03168,fake,4995,1128,1378
axg-03169,fake,3364,762,914
axg-03170,fake,606,132,163
axg-03171,fake,180,40,55
axg-03172,fake,2894,627,817
axg-03173,fake,1067,242,307
axg-03174,fake,1807,404,497
axg-03175,fake,2646,599,738
axg-03176,fake,1624,365,439
axg-03177,fake,4575,1011,1208
axg-03178,fake,2605,581,704
axg-03179,fake,2223,505,624
axg-03180,fake,613,146,171
axg-03181,fake,3064,650,815
axg-03182,fake,3442,750,935
axg-03183,fake,1234,280,354
axg-03184,fake,4442,979,1189
axg-03185,fake,4557,1016,1296
axg-03186,fake,2930,653,805
axg-03187,fake,1603,363,457
axg-03188,fake,1826,432,507
axg-03189,fake,2173,495,586
axg-03190,fake,4985,1095,1362
axg-03191,fake,1352,307,373
axg-03192,fake,4745,1037,1306
axg-03193,fake,1950,438,541
axg-03194,fake,2371,517,653
axg-03195,fake,2005,464,548
axg-03196,fake,2339,523,610
axg-03197,fake,2927,656,811
axg-03198,fake,1427,310,379
axg-03199,fake,1403,300,401
axg-03200,fake,3438,756,950
axg-03201,fake,345,76,90
axg-03202,fake,2558,593,705
axg-03203,fake,2066,462,556
axg-03204,fake,1911,447,513
axg-03205,fake,899,198,248
axg-03206,fake,1796,412,487
axg-03207,fake,1107,254,312
axg-03208,fake,4595,1032,1168
axg-03209,fake,4234,938,1177
axg-03210,fake,2125,478,574
axg-03211,fake,2575,569,685
axg-03212,fake,707,161,190
axg-03213,fake,2721,602,816
axg-03214,fake,2853,661,788
axg-03215,fake,1699,370,465
axg-03216,fake,2549,560,724
axg-03217,fake,1065,236,327
axg-03218,fake,2259,507,633
axg-03219,fake,4918,1095,1349
axg-03220,fake,1802,406,471
axg-03221,fake,2931,635,785
axg-03222,fake,2445,549,681
axg-03223,fake,1970,425,526
axg-03224,fake,3200,696,823
axg-03225,fake,1958,435,576
axg-03226,fake,2363,530,639
axg-03227,fake,2815,630,807
axg-03228,fake,1830,401,520
axg-03229,fake,4533,1002,1235
axg-03230,fake,742,166,198
axg-03231,fake,4457,964,1221
axg-03232,fake,1627,353,451
axg-03233,fake,2781,611,754
axg-03234,fake,1575,337,416
axg-03235,fake,4614,1004,1305
axg-03236,fake,1095,248,315
axg-03237,fake,2762,609,765
axg-03238,fake,249,54,74
axg-03239,fake,2394,526,654
axg-03240,fake,1985,425,575
axg-03241,fake,2755,584,791
axg-03242,fake,3502,793,973
axg-03243,fake,2966,661,828
axg-03244,fake,1733,406,465
axg-03245,fake,2949,661,818
axg-03246,fake,2277,509,600
axg-03247,fake,491,112,134
axg-03248,fake,2571,588,710
axg-03249,fake,1637,361,487
axg-03250,fake,2998,655,844
axg-03251,fake,2825,639,784
axg-03252,fake,1177,263,328
axg-03253,fake,1904,444,535
axg-03254,fake,2907,634,807
axg-03255,fake,3547,805,1012
axg-03256,fake,2289,525,643
axg-03257,fake,1452,318,412
axg-03258,fake,2252,520,669
axg-03259,fake,1324,288,365
axg-03260,fake,1188,271,316
axg-03261,fake,2329,544,646
axg-03262,fake,1990,465,544
axg-03263,fake,1579,347,456
axg-03264,fake,4919,1061,1345
axg-03265,fake,1912,408,518
axg-03266,fake,3224,748,896
axg-03267,fake,1709,380,502
axg-03268,fake,2094,500,590
axg-03269,fake,2224,500,621
axg-03270,fake,1794,404,469
axg-03271,fake,2901,627,776
axg-03272,fake,2026,438,561
axg-03273,fake,1714,386,472
axg-03274,fake,4672,1090,1347
axg-03275,fake,1987,446,566
axg-03276,fake,2333,543,648
axg-03277,fake,385,84,113
axg-03278,fake,3858,838,1039
axg-03279,fake,979,212,284
axg-03280,fake,1667,388,470
axg-03281,fake,1311,303,388
axg-03282,fake,433,96,123
axg-03283,fake,545,125,155
axg-03284,fake,3185,692,881
axg-03285,fake,1923,434,536
axg-03286,fake,1844,410,539
axg-03287,fake,4524,975,1239
axg-03288,fake,3146,701,863
axg-03289,fake,1677,361,445
axg-03290,fake,2715,615,741
axg-03291,fake,2557,581,672
axg-03292,fake,1222,276,333
axg-03293,fake,709,171,205
axg-03294,fake,2902,653,788
axg-03295,fake,2033,458,557
axg-03296,fake,2019,465,582
axg-03297,fake,1820,419,504
axg-03298,fake,1480,323,423
axg-03299,fake,3007,690,848
axg-03300,fake,1770,389,505
axg-03301,fake,1831,403,514
axg-03302,fake,4817,1059,1276
axg-03303,fake,1976,453,562
axg-03304,fake,4357,930,1190
axg-03305,fake,907,198,253
axg-03306,fake,3893,835,1083
axg-03307,fake,988,219,316
axg-03308,fake,2610,585,758
axg-03309,fake,2104,456,591
axg-03310,fake,1884,399,578
axg-03311,fake,2441,524,665
axg-03312,fake,2736,608,752
axg-03313,fake,769,159,213
axg-03314,fake,4061,900,1102
axg-03315,fake,2344,502,668
axg-03316,fake,2771,586,734
axg-03317,fake,4512,1011,1237
axg-03318,fake,930,202,259
axg-03319,fake,913,201,258
axg-03320,fake,3894,835,1084
axg-03321,fake,1614,374,479
axg-03322,fake,623,138,189
axg-03323,fake,2889,644,787
axg-03324,fake,2317,506,615
axg-03325,fake,2236,513,606
axg-03326,fake,2053,457,596
axg-03327,fake,336,73,84
axg-03328,fake,822,186,241
axg-03329,fake,1017,229,265
axg-03330,fake,257,58,71
axg-03331,fake,288,62,81
axg-03332,fake,240,55,60
axg-03333,fake,297,69,79
axg-03334,fake,301,65,74
axg-03335,fake,281,63,73
axg-03336,fake,386,85,107
axg-03337,fake,150,32,38
axg-03338,fake,212,45,54
axg-03339,fake,41,9,15
axg-03340,fake,109,26,31
axg-03341,fake,74,17,25
axg-03342,fake,85,18,25
axg-03343,fake,76,16,21
axg-03344,fake,66,15,19
axg-03345,fake,139,32,36
axg-03346,fake,106,22,28
axg-03347,fake,129,28,34
axg-03348,fake,27,6,9
axg-03349,fake,39,10,14
axg-03350,fake,36,8,12
axg-03351,fake,76,15,20
axg-03352,fake,64,11,18
axg-03353,fake,86,18,22
axg-03354,fake,58,12,18
axg-03355,fake,44,10,14
axg-03356,fake,47,10,13
axg-03357,fake,155,39,44
axg-03358,fake,35,7,11
axg-03359,fake,50,10,15
axg-03360,fake,49,10,15
axg-03361,fake,53,12,15
axg-03362,fake,32,7,10
axg-03363,fake,47,10,14
axg-03364,fake,49,11,15
axg-03365,fake,63,13,18
axg-03366,fake,71,17,21
axg-03367,fake,121,26,31
axg-03368,fake,56,12,19
axg-03369,fake,62,12,19
axg-03370,fake,66,15,19
axg-03371,fake,46,10,15
axg-03372,fake,121,26,31
axg-03373,fake,71,17,21
axg-03374,fake,65,14,19
axg-03375,fake,49,11,15
axg-03376,fake,44,10,14
axg-03377,fake,37,9,13
axg-03378,fake,79,19,22
axg-03379,fake,83,19,26
axg-03380,fake,75,16,24
axg-03381,fake,124,26,34
axg-03382,fake,82,19,25
axg-03383,fake,58,13,21
axg-03384,fake,57,12,19
axg-03385,fake,39,9,12
axg-03386,fake,141,32,38
axg-03387,fake,80,18,30
axg-03388,fake,57,13,19
axg-03389,fake,74,16,24
axg-03390,fake,115,27,30
axg-03391,fake,64,15,19
axg-03392,fake,54,13,15
axg-03393,fake,49,10,14
axg-03394,fake,44,10,12
axg-03395,fake,58,13,19
axg-03396,fake,73,15,17
axg-03397,fake,77,15,24
axg-03398,fake,85,20,26
axg-03399,fake,101,22,26
axg-03400,fake,74,15,24
axg-03401,fake,96,19,23
axg-03402,fake,84,20,24
axg-03403,fake,59,13,15
axg-03404,fake,120,25,33
axg-03405,fake,65,15,20
axg-03406,fake,53,11,14
axg-03407,fake,94,21,25
axg-03408,fake,158,33,44
axg-03409,fake,91,23,27
axg-03410,fake,110,24,33
axg-03411,fake,73,15,23
axg-03412,fake,60,15,17
axg-03413,fake,101,23,28
axg-03414,fake,116,25,33
axg-03415,fake,60,15,20
axg-03416,fake,83,19,21
axg-03417,fake,73,14,18
axg-03418,fake,72,16,22
axg-03419,fake,74,16,20
axg-03420,fake,109,24,27
axg-03421,fake,117,26,32
axg-03422,fake,162,36,40
axg-03423,fake,171,38,50
axg-03424,fake,112,24,30
axg-03425,fake,185,40,46
axg-03426,fake,132,28,33
axg-03427,fake,148,29,42
axg-03428,fake,82,17,23
axg-03429,fake,119,27,34
axg-03430,fake,73,14,20
axg-03431,fake,120,25,29
axg-03432,fake,83,17,26
axg-03433,fake,62,14,20
axg-03434,fake,120,27,34
axg-03435,fake,51,10,19
axg-03436,fake,81,18,22
axg-03437,fake,88,20,27
axg-03438,fake,123,25,35
axg-03439,fake,108,24,32
axg-03440,fake,107,23,27
axg-03441,fake,114,24,35
axg-03442,fake,101,23,26
axg-03443,fake,131,30,35
axg-03444,fake,112,26,31
axg-03445,fake,61,14,22
axg-03446,fake,120,30,38
axg-03447,fake,137,29,35
axg-03448,fake,81,20,22
axg-03449,fake,92,20,29
axg-03450,fake,125,29,36
axg-03451,fake,101,22,30
axg-03452,fake,100,23,26
axg-03453,fake,114,26,32
axg-03454,fake,105,25,29
axg-03455,fake,82,21,25
axg-03456,fake,91,20,29
axg-03457,fake,121,25,33
axg-03458,fake,94,20,28
axg-03459,fake,136,31,37
axg-03460,fake,127,30,41
axg-03461,fake,110,22,34
axg-03462,fake,96,20,24
axg-03463,fake,99,22,33
axg-03464,fake,107,26,30
axg-03465,fake,86,20,25
axg-03466,fake,150,33,41
axg-03467,fake,69,17,19
axg-03468,fake,62,14,18
axg-03469,fake,90,19,27
axg-03470,fake,53,12,20
axg-03471,fake,78,16,24
axg-03472,fake,123,28,36
axg-03473,fake,135,30,42
axg-03474,fake,137,28,41
axg-03475,fake,82,18,25
axg-03476,fake,104,26,32
axg-03477,fake,97,20,25
axg-03478,fake,130,27,35
axg-03479,fake,109,27,29
axg-03480,fake,154,36,44
axg-03481,fake,121,26,41
axg-03482,fake,75,15,21
axg-03483,fake,360,77,105
axg-03484,fake,188,41,57
axg-03485,fake,166,38,51
axg-03486,fake,109,22,28
axg-03487,fake,56,12,17
axg-03488,fake,70,15,25
axg-03489,fake,76,16,20
axg-03490,fake,97,21,26
axg-03491,fake,110,22,34
axg-03492,fake,87,17,23
axg-03493,fake,151,32,39
axg-03494,fake,148,34,42
axg-03495,fake,82,20,22
axg-03496,fake,52,13,18
axg-03497,fake,204,44,60
axg-03498,fake,139,32,35
axg-03499,fake,51,12,18
axg-03500,fake,50,12,16
axg-03501,fake,59,13,17
axg-03502,fake,45,10,15
axg-03503,fake,69,15,20
axg-03504,fake,636,135,168
axg-03505,fake,55,13,16
axg-03506,fake,45,8,15
axg-03507,fake,49,11,16
axg-03508,fake,36,9,12
axg-03509,fake,120,26,32
axg-03510,fake,84,18,24
axg-03511,fake,74,18,24
axg-03512,fake,152,31,44
axg-03513,fake,176,35,62
axg-03514,fake,133,27,43
axg-03515,fake,76,16,24
axg-03516,fake,57,12,18
axg-03517,fake,97,20,28
axg-03518,fake,84,17,28
axg-03519,fake,71,15,24
axg-03520,fake,57,13,20
axg-03521,fake,54,11,20
axg-03522,fake,73,14,20
axg-03523,fake,60,13,21
axg-03524,fake,84,18,22
axg-03525,fake,46,9,13
axg-03526,fake,79,19,28
axg-03527,fake,83,18,29
axg-03528,fake,56,13,15
axg-03529,fake,82,19,21
axg-03530,fake,57,12,17
axg-03531,fake,83,20,30
axg-03532,fake,45,10,15
axg-03533,fake,73,16,22
axg-03534,fake,69,15,19
axg-03535,fake,102,24,26
axg-03536,fake,66,15,21
axg-03537,fake,43,10,12
axg-03538,fake,70,15,17
axg-03539,fake,56,13,18
axg-03540,fake,250,57,62
axg-03541,fake,144,33,41
axg-03542,fake,115,26,32
axg-03543,fake,141,32,36
axg-03544,fake,143,34,40
axg-03545,fake,183,42,57
axg-03546,fake,91,20,26
axg-03547,fake,195,39,46
axg-03548,fake,96,23,30
axg-03549,fake,163,38,43
axg-03550,fake,82,17,21
axg-03551,fake,161,33,38
axg-03552,fake,121,30,34
axg-03553,fake,121,27,36
axg-03554,fake,64,13,16
axg-03555,fake,140,31,40
axg-03556,fake,106,25,28
axg-03557,fake,67,14,21
axg-03558,fake,91,20,24
axg-03559,fake,101,21,27
axg-03560,fake,68,13,21
axg-03561,fake,80,16,26
axg-03562,fake,67,15,19
axg-03563,fake,84,17,24
axg-03564,fake,88,19,28
axg-03565,fake,93,17,26
axg-03566,fake,105,23,27
axg-03567,fake,77,16,20
axg-03568,fake,132,26,31
axg-03569,fake,104,21,26
axg-03570,fake,151,33,41
axg-03571,fake,119,27,30
axg-03572,fake,101,19,25
axg-03573,fake,96,24,30
axg-03574,fake,113,25,32
axg-03575,fake,125,27,31
axg-03576,fake,79,17,27
axg-03577,fake,116,26,33
axg-03578,fake,107,23,30
axg-03579,fake,138,30,40
axg-03580,fake,60,13,15
axg-03581,fake,98,22,27
axg-03582,fake,97,23,26
axg-03583,fake,103,22,28
axg-03584,fake,156,34,41
axg-03585,fake,96,20,26
axg-03586,fake,143,30,37
axg-03587,fake,134,27,31
axg-03588,fake,94,21,27
axg-03589,fake,97,19,26
axg-03590,fake,115,27,36
axg-03591,fake,96,20,29
axg-03592,fake,107,23,27
axg-03593,fake,122,27,33
axg-03594,fake,78,15,21
axg-03595,fake,115,23,26
axg-03596,fake,103,22,28
axg-03597,fake,125,25,34
axg-03598,fake,92,18,24
axg-03599,fake,137,27,34
axg-03600,fake,125,32,39
axg-03601,fake,91,19,24
axg-03602,fake,88,20,24
axg-03603,fake,124,26,33
axg-03604,fake,109,22,26
axg-03605,fake,89,21,26
axg-03606,fake,87,19,24
axg-03607,fake,91,20,27
axg-03608,fake,119,27,36
axg-03609,fake,103,25,30
axg-03610,fake,93,20,22
axg-03611,fake,138,30,41
axg-03612,fake,122,28,33
axg-03613,fake,135,33,42
axg-03614,fake,142,31,36
axg-03615,fake,101,20,28
axg-03616,fake,101,22,26
axg-03617,fake,119,26,30
axg-03618,fake,102,22,26
axg-03619,fake,137,33,39
axg-03620,fake,86,18,27
axg-03621,fake,75,18,22
axg-03622,fake,88,18,21
axg-03623,fake,81,17,23
axg-03624,fake,70,16,22
axg-03625,fake,103,23,32
axg-03626,fake,62,13,20
axg-03627,fake,121,29,32
axg-03628,fake,61,15,18
axg-03629,fake,75,17,19
axg-03630,fake,75,18,25
axg-03631,fake,83,18,26
axg-03632,fake,78,17,22
axg-03633,fake,62,14,16
axg-03634,fake,81,17,20
axg-03635,fake,119,26,33
axg-03636,fake,130,26,38
axg-03637,fake,87,19,26
axg-03638,fake,102,20,25
axg-03639,fake,153,36,49
axg-03640,fake,120,27,33
axg-03641,fake,89,19,27
axg-03642,fake,127,29,32
axg-03643,fake,109,25,32
axg-03644,fake,163,38,51
axg-03645,fake,157,35,45
axg-03646,fake,117,24,31
axg-03647,fake,161,35,45
axg-03648,fake,108,23,33
axg-03649,fake,116,26,38
axg-03650,fake,117,28,37
axg-03651,fake,135,30,38
axg-03652,fake,100,22,30
axg-03653,fake,171,34,46
axg-03654,fake,127,29,40
axg-03655,fake,72,17,25
axg-03656,fake,143,31,37
axg-03657,fake,115,22,33
axg-03658,fake,114,26,30
axg-03659,fake,196,43,56
axg-03660,fake,119,26,34
axg-03661,fake,169,40,54
axg-03662,fake,123,28,35
axg-03663,fake,90,20,31
axg-03664,fake,78,18,21
axg-03665,fake,67,16,19
axg-03666,fake,51,11,15
axg-03667,fake,90,21,25
axg-03668,fake,91,19,22
axg-03669,fake,70,15,19
axg-03670,fake,88,18,29
axg-03671,fake,146,31,41
axg-03672,fake,117,28,35
axg-03673,fake,131,25,31
axg-03674,fake,98,23,30
axg-03675,fake,98,24,31
axg-03676,fake,84,18,27
axg-03677,fake,65,14,18
axg-03678,fake,83,16,20
axg-03679,fake,120,25,41
axg-03680,fake,61,13,19
axg-03681,fake,61,14,17
axg-03682,fake,50,10,17
axg-03683,fake,77,18,21
axg-03684,fake,47,10,12
axg-03685,fake,109,25,31
axg-03686,fake,142,31,33
axg-03687,fake,72,16,20
axg-03688,fake,100,24,28
axg-03689,fake,49,11,17
axg-03690,fake,92,21,30
axg-03691,fake,88,18,23
axg-03692,fake,65,16,19
axg-03693,fake,98,21,28
axg-03694,fake,137,31,37
axg-03695,fake,117,28,33
axg-03696,fake,49,10,14
axg-03697,fake,55,12,18
axg-03698,fake,77,18,22
axg-03699,fake,58,12,17
axg-03700,fake,145,32,45
axg-03701,fake,71,14,23
axg-03702,fake,47,11,13
axg-03703,fake,66,15,22
axg-03704,fake,64,14,17
axg-03705,fake,122,30,35
axg-03706,fake,100,20,29
axg-03707,fake,46,7,14
axg-03708,fake,93,19,23
axg-03709,fake,137,28,40
axg-03710,fake,62,13,18
axg-03711,fake,80,17,24
axg-03712,fake,69,16,19
axg-03713,fake,97,22,29
axg-03714,fake,85,18,24
axg-03715,fake,97,21,28
axg-03716,fake,72,14,28
axg-03717,fake,76,16,21
axg-03718,fake,105,22,25
axg-03719,fake,86,17,28
axg-03720,fake,76,15,20
axg-03721,fake,112,26,29
axg-03722,fake,92,19,30
axg-03723,fake,102,22,26
axg-03724,fake,74,15,22
axg-03725,fake,136,30,40
axg-03726,fake,134,32,38
axg-03727,fake,76,19,23
axg-03728,fake,101,21,30
axg-03729,fake,185,39,53
axg-03730,fake,295,67,85
axg-03731,fake,132,32,36
axg-03732,fake,245,50,66
axg-03733,fake,502,108,154
axg-03734,fake,588,129,146
axg-03735,fake,384,72,122
axg-03736,fake,83,17,23
axg-03737,fake,204,37,61
axg-03738,fake,254,54,76
axg-03739,fake,80,18,25
axg-03740,fake,975,217,271
axg-03741,fake,1503,330,390
axg-03742,fake,434,98,119
axg-03743,fake,111,25,33
axg-03744,fake,521,115,158
axg-03745,fake,387,85,102
axg-03746,fake,502,107,144
axg-03747,fake,1958,429,536
axg-03748,fake,1151,264,332
axg-03749,fake,1646,349,466
axg-03750,fake,279,60,76
axg-03751,fake,1410,297,410
axg-03752,fake,889,203,235
axg-03753,fake,2201,484,604
axg-03754,fake,3117,696,896
axg-03755,fake,928,210,255
axg-03756,fake,59,13,18
axg-03757,fake,130,29,37
axg-03758,fake,1786,403,471
axg-03759,fake,109,21,34
axg-03760,fake,1085,230,299
axg-03761,fake,97,20,27
axg-03762,fake,1272,280,349
axg-03763,fake,1276,281,360
axg-03764,fake,607,132,169
axg-03765,fake,1427,316,406
axg-03766,fake,371,78,112
axg-03767,fake,535,115,162
axg-03768,fake,247,51,75
axg-03769,fake,168,38,42
axg-03770,fake,439,99,139
axg-03771,fake,705,148,214
axg-03772,fake,184,40,52
axg-03773,fake,1327,283,367
axg-03774,fake,475,102,136
axg-03775,fake,455,103,129
axg-03776,fake,523,114,153
axg-03777,fake,385,81,114
axg-03778,fake,321,74,89
axg-03779,fake,287,65,88
axg-03780,fake,331,72,101
axg-03781,fake,501,101,153
axg-03782,fake,625,132,188
axg-03783,fake,454,95,138
axg-03784,fake,715,163,202
axg-03785,fake,450,89,140
axg-03786,fake,307,67,93
axg-03787,fake,940,185,279
axg-03788,fake,829,185,239
axg-03789,fake,282,61,90
axg-03790,fake,818,174,235
axg-03791,fake,570,115,170
axg-03792,fake,311,69,100
axg-03793,fake,114,25,30
axg-03794,fake,114,26,32
axg-03795,fake,187,41,54
axg-03796,fake,189,40,50
axg-03797,fake,242,53,67
axg-03798,fake,179,41,60
axg-03799,fake,188,40,52
axg-03800,fake,188,39,51
axg-03801,fake,267,60,75
axg-03802,fake,231,50,62
axg-03803,fake,89,20,33
axg-03804,fake,197,41,56
axg-03805,fake,290,65,77
axg-03806,fake,803,179,208
axg-03807,fake,139,28,43
axg-03808,fake,601,123,163
axg-03809,fake,465,102,123
axg-03810,fake,398,82,123
axg-03811,fake,1940,430,566
axg-03812,fake,434,92,122
axg-03813,fake,55,10,13
axg-03814,fake,646,132,189
axg-03815,fake,451,103,138
axg-03816,fake,476,94,148
axg-03817,fake,396,87,126
axg-03818,fake,514,107,145
axg-03819,fake,582,121,185
axg-03820,fake,387,84,132
axg-03821,fake,162,37,57
axg-03822,fake,369,78,111
axg-03823,fake,919,183,282
axg-03824,fake,162,31,55
axg-03825,fake,144,30,49
axg-03826,fake,204,43,55
axg-03827,fake,299,68,76
axg-03828,fake,290,58,84
axg-03829,fake,481,107,151
axg-03830,fake,710,144,227
axg-03831,fake,418,84,120
axg-03832,fake,640,134,208
axg-03833,fake,266,60,85
axg-03834,fake,61,11,16
axg-03835,fake,212,44,57
axg-03836,fake,604,128,161
axg-03837,fake,663,138,187
axg-03838,fake,144,30,37
axg-03839,fake,63,12,22
axg-03840,fake,498,105,148
axg-03841,fake,74,13,19
axg-03842,fake,200,43,59
axg-03843,fake,151,34,46
axg-03844,fake,93,20,30
axg-03845,fake,222,45,63
axg-03846,fake,112,22,30
axg-03847,fake,539,122,146
axg-03848,fake,405,82,129
axg-03849,fake,253,52,78
axg-03850,fake,352,67,108
axg-03851,fake,235,45,70
axg-03852,fake,277,55,78
axg-03853,fake,381,78,114
axg-03854,fake,272,54,94
axg-03855,fake,265,50,79
axg-03856,fake,332,72,106
axg-03857,fake,223,44,69
axg-03858,fake,1142,255,340
axg-03859,fake,339,75,88
axg-03860,fake,303,70,83
axg-03861,fake,863,191,246
axg-03862,fake,967,200,257
axg-03863,fake,157,35,44
axg-03864,fake,134,32,40
axg-03865,fake,114,26,30
axg-03866,fake,161,35,44
axg-03867,fake,177,40,50
axg-03868,fake,141,34,42
axg-03869,fake,151,35,42
axg-03870,fake,220,48,63
axg-03871,fake,190,44,59
axg-03872,fake,269,63,74
axg-03873,fake,143,30,44
axg-03874,fake,559,124,161
axg-03875,fake,231,49,65
axg-03876,fake,234,46,67
axg-03877,fake,297,63,87
axg-03878,fake,75,15,26
axg-03879,fake,720,163,219
axg-03880,fake,1028,228,313
axg-03881,fake,288,57,84
axg-03882,fake,291,64,87
axg-03883,fake,262,61,73
axg-03884,fake,178,37,43
axg-03885,fake,158,32,48
axg-03886,fake,356,82,103
axg-03887,fake,215,46,56
axg-03888,fake,148,31,40
axg-03889,fake,104,23,32
axg-03890,fake,208,45,61
axg-03891,fake,83,17,28
axg-03892,fake,65,14,20
axg-03893,fake,98,20,35
axg-03894,fake,90,20,29
axg-03895,fake,106,25,37
axg-03896,fake,76,14,32
axg-03897,fake,71,14,21
axg-03898,fake,105,22,33
axg-03899,fake,84,21,29
axg-03900,fake,102,22,32
axg-03901,fake,84,19,27
axg-03902,fake,73,15,20
axg-03903,fake,105,23,27
axg-03904,fake,115,27,31
axg-03905,fake,87,19,23
axg-03906,fake,80,16,29
axg-03907,fake,103,21,32
axg-03908,fake,83,19,27
axg-03909,fake,67,16,21
axg-03910,fake,174,39,56
axg-03911,fake,161,36,53
axg-03912,fake,68,15,27
axg-03913,fake,52,12,14
axg-03914,fake,195,41,52
axg-03915,fake,185,40,47
axg-03916,fake,99,25,30
axg-03917,fake,95,22,28
axg-03918,fake,219,45,54
axg-03919,fake,73,14,21
axg-03920,fake,57,12,16
axg-03921,fake,173,37,48
axg-03922,fake,136,30,35
axg-03923,fake,80,18,20
axg-03924,fake,135,31,38
axg-03925,fake,80,17,26
axg-03926,fake,119,25,36
axg-03927,fake,54,13,17
axg-03928,fake,72,15,23
axg-03929,fake,83,16,23
axg-03930,fake,34,7,9
axg-03931,fake,60,15,18
axg-03932,fake,62,13,21
axg-03933,fake,67,14,21
axg-03934,fake,56,11,17
axg-03935,fake,50,10,17
axg-03936,fake,89,21,26
axg-03937,fake,64,15,20
axg-03938,fake,169,38,45
axg-03939,fake,145,30,40
axg-03940,fake,58,12,19
axg-03941,fake,133,29,37
axg-03942,fake,117,27,35
axg-03943,fake,83,19,23
axg-03944,fake,155,35,44
axg-03945,fake,55,11,16
axg-03946,fake,42,9,15
axg-03947,fake,62,14,20
axg-03948,fake,86,19,22
axg-03949,fake,174,40,43
axg-03950,fake,82,18,25
axg-03951,fake,81,19,23
axg-03952,fake,81,19,23
axg-03953,fake,134,29,37
axg-03954,fake,174,39,47
axg-03955,fake,261,55,74
axg-03956,fake,201,42,47
axg-03957,fake,221,45,59
axg-03958,fake,119,27,31
axg-03959,fake,200,41,54
axg-03960,fake,195,44,59
axg-03961,fake,233,50,59
axg-03962,fake,211,43,55
axg-03963,fake,199,45,55
axg-03964,fake,221,47,63
axg-03965,fake,194,39,53
axg-03966,fake,124,28,32
axg-03967,fake,174,38,43
axg-03968,fake,205,45,54
axg-03969,fake,173,36,43
axg-03970,fake,154,31,40
axg-03971,fake,185,42,53
axg-03972,fake,147,31,39
axg-03973,fake,228,51,61
axg-03974,fake,200,41,54
axg-03975,fake,151,32,42
axg-03976,fake,187,42,55
axg-03977,fake,224,45,50
axg-03978,fake,177,38,46
axg-03979,fake,129,28,30
axg-03980,fake,172,35,45
axg-03981,fake,197,42,56
axg-03982,fake,207,44,64
axg-03983,fake,227,51,62
axg-03984,fake,154,33,41
axg-03985,fake,149,31,39
axg-03986,fake,136,29,38
axg-03987,fake,221,46,56
axg-03988,fake,187,41,50
axg-03989,fake,214,46,57
axg-03990,fake,217,44,59
axg-03991,fake,160,32,44
axg-03992,fake,256,55,74
axg-03993,fake,216,45,54
axg-03994,fake,165,34,44
axg-03995,fake,172,35,45
axg-03996,fake,152,33,45
axg-03997,fake,126,28,37
axg-03998,fake,222,46,59
axg-03999,fake,145,30,34
axg-04000,fake,160,34,41
axg-04001,fake,214,46,51
axg-04002,fake,176,34,46
axg-04003,fake,177,38,47
axg-04004,fake,187,40,49
axg-04005,fake,176,34,47
axg-04006,fake,156,34,38
axg-04007,fake,170,34,44
axg-04008,fake,171,34,41
axg-04009,fake,205,42,48
axg-04010,fake,119,25,29
axg-04011,fake,126,27,35
axg-04012,fake,251,54,63
axg-04013,fake,149,30,39
axg-04014,fake,205,42,49
axg-04015,fake,169,35,44
axg-04016,fake,130,26,32
axg-04017,fake,187,38,48
axg-04018,fake,72,15,19
axg-04019,fake,197,42,55
axg-04020,fake,159,32,45
axg-04021,fake,194,41,49
axg-04022,fake,199,43,47
axg-04023,fake,179,38,44
axg-04024,fake,93,20,23
axg-04025,fake,81,20,25
axg-04026,fake,77,16,26
axg-04027,fake,60,14,22
axg-04028,fake,61,13,21
axg-04029,fake,55,12,16
axg-04030,fake,60,12,21
axg-04031,fake,62,13,19
axg-04032,fake,66,14,19
axg-04033,fake,64,13,24
axg-04034,fake,107,23,35
axg-04035,fake,40,9,12
axg-04036,fake,50,11,18
axg-04037,fake,76,16,21
axg-04038,fake,70,13,24
axg-04039,fake,57,14,21
axg-04040,fake,81,16,28
axg-04041,fake,46,10,18
axg-04042,fake,81,18,25
axg-04043,fake,60,14,19
axg-04044,fake,50,10,13
axg-04045,fake,49,11,17
axg-04046,fake,97,23,30
axg-04047,fake,62,12,18
axg-04048,fake,67,15,25
axg-04049,fake,94,20,27
axg-04050,fake,61,13,17
axg-04051,fake,76,17,28
axg-04052,fake,47,10,17
axg-04053,fake,52,11,21
axg-04054,fake,51,11,16
axg-04055,fake,98,22,30
axg-04056,fake,94,21,31
axg-04057,fake,82,20,26
axg-04058,fake,57,11,21
axg-04059,fake,35,7,14
axg-04060,fake,54,12,17
axg-04061,fake,57,11,20
axg-04062,fake,70,14,21
axg-04063,fake,69,15,24
axg-04064,fake,53,11,18
axg-04065,fake,86,20,26
axg-04066,fake,49,11,19
axg-04067,fake,48,9,19
axg-04068,fake,66,14,19
axg-04069,fake,108,24,35
axg-04070,fake,65,13,22
axg-04071,fake,88,20,30
axg-04072,fake,43,9,16
axg-04073,fake,53,12,20
axg-04074,fake,67,16,24
axg-04075,fake,65,14,21
axg-04076,fake,64,14,19
axg-04077,fake,55,14,20
axg-04078,fake,56,11,20
axg-04079,fake,42,9,13
axg-04080,fake,50,13,16
axg-04081,fake,47,12,17
axg-04082,fake,55,11,14
axg-04083,fake,73,16,22
axg-04084,fake,49,10,16
axg-04085,fake,114,25,31
axg-04086,fake,45,10,16
axg-04087,fake,43,9,12
axg-04088,fake,80,19,24
axg-04089,fake,43,9,12
axg-04090,fake,46,9,15
axg-04091,fake,57,11,17
axg-04092,fake,63,14,19
axg-04093,fake,57,11,15
axg-04094,fake,39,9,16
axg-04095,fake,70,18,24
axg-04096,fake,66,13,21
axg-04097,fake,73,15,24
axg-04098,fake,55,12,18
axg-04099,fake,52,11,15
axg-04100,fake,40,9,15
axg-04101,fake,39,8,14
axg-04102,fake,57,13,19
axg-04103,fake,91,23,30
axg-04104,fake,59,13,17
axg-04105,fake,73,15,25
axg-04106,fake,40,7,15
axg-04107,fake,54,10,17
axg-04108,fake,46,11,15
axg-04109,fake,90,20,29
axg-04110,fake,60,13,20
axg-04111,fake,46,10,16
axg-04112,fake,59,14,19
axg-04113,fake,60,14,19
axg-04114,fake,103,23,26
axg-04115,fake,55,11,20
axg-04116,fake,76,17,23
axg-04117,fake,89,19,22
axg-04118,fake,63,14,18
axg-04119,fake,78,16,19
axg-04120,fake,66,14,21
axg-04121,fake,66,13,24
axg-04122,fake,88,18,30
axg-04123,fake,56,12,15
axg-04124,fake,58,13,16
axg-04125,fake,79,16,22
axg-04126,fake,79,17,23
axg-04127,fake,65,15,20
axg-04128,fake,65,15,22
axg-04129,fake,83,18,29
axg-04130,fake,65,15,22
axg-04131,fake,60,14,20
axg-04132,fake,79,19,24
axg-04133,fake,72,16,24
axg-04134,fake,69,16,21
axg-04135,fake,79,18,26
axg-04136,fake,92,20,32
axg-04137,fake,47,11,19
axg-04138,fake,64,12,18
axg-04139,fake,49,12,18
axg-04140,fake,68,14,21
axg-04141,fake,70,16,22
axg-04142,fake,66,15,20
axg-04143,fake,54,13,19
axg-04144,fake,83,19,24
axg-04145,fake,60,14,19
axg-04146,fake,63,13,17
axg-04147,fake,60,13,17
axg-04148,fake,58,12,18
axg-04149,fake,52,12,17
axg-04150,fake,87,20,26
axg-04151,fake,99,22,26
axg-04152,fake,71,15,19
axg-04153,fake,82,16,21
axg-04154,fake,68,15,21
axg-04155,fake,49,10,16
axg-04156,fake,94,19,24
axg-04157,fake,68,15,21
axg-04158,fake,108,24,30
axg-04159,fake,49,10,16
axg-04160,fake,59,12,18
axg-04161,fake,89,19,25
axg-04162,fake,82,19,26
axg-04163,fake,69,14,23
axg-04164,fake,77,17,25
axg-04165,fake,76,17,22
axg-04166,fake,94,20,29
axg-04167,fake,93,19,25
axg-04168,fake,70,14,17
axg-04169,fake,93,20,31
axg-04170,fake,74,15,20
axg-04171,fake,56,12,19
axg-04172,fake,103,22,30
axg-04173,fake,48,11,16
axg-04174,fake,71,16,23
axg-04175,fake,81,16,23
axg-04176,fake,62,12,20
axg-04177,fake,46,12,17
axg-04178,fake,56,12,20
axg-04179,fake,78,17,24
axg-04180,fake,60,13,21
axg-04181,fake,72,15,22
axg-04182,fake,56,11,17
axg-04183,fake,99,20,31
axg-04184,fake,69,15,22
axg-04185,fake,76,16,23
axg-04186,fake,44,9,17
axg-04187,fake,85,19,25
axg-04188,fake,58,13,16
axg-04189,fake,84,16,23
axg-04190,fake,47,10,16
axg-04191,fake,57,13,19
axg-04192,fake,63,13,16
axg-04193,fake,79,19,29
axg-04194,fake,63,13,21
axg-04195,fake,91,19,28
axg-04196,fake,64,14,23
axg-04197,fake,34,8,14
axg-04198,fake,81,17,21
axg-04199,fake,59,12,15
axg-04200,fake,72,17,26
axg-04201,fake,72,16,22
axg-04202,fake,50,11,17
axg-04203,fake,79,15,24
axg-04204,fake,70,14,22
axg-04205,fake,89,18,26
axg-04206,fake,72,16,24
axg-04207,fake,70,14,22
axg-04208,fake,65,14,18
axg-04209,fake,85,19,24
axg-04210,fake,72,15,21
axg-04211,fake,63,14,18
axg-04212,fake,65,13,19
axg-04213,fake,37,8,14
axg-04214,fake,79,17,21
axg-04215,fake,60,12,24
axg-04216,fake,58,13,17
axg-04217,fake,77,16,19
axg-04218,fake,36,8,12
axg-04219,fake,72,15,18
axg-04220,fake,66,15,18
axg-04221,fake,71,14,20
axg-04222,fake,61,11,20
axg-04223,fake,62,14,25
axg-04224,fake,58,13,20
axg-04225,fake,52,11,18
axg-04226,fake,84,18,25
axg-04227,fake,73,16,25
axg-04228,fake,77,16,24
axg-04229,fake,53,12,22
axg-04230,fake,68,15,18
axg-04231,fake,88,20,26
axg-04232,fake,86,19,26
axg-04233,fake,47,10,12
axg-04234,fake,70,13,25
axg-04235,fake,85,18,25
axg-04236,fake,69,14,20
axg-04237,fake,60,12,20
axg-04238,fake,69,15,21
axg-04239,fake,71,16,22
axg-04240,fake,59,12,17
axg-04241,fake,74,18,23
axg-04242,fake,93,19,30
axg-04243,fake,54,12,17
axg-04244,fake,81,18,25
axg-04245,fake,108,21,31
axg-04246,fake,70,16,24
axg-04247,fake,83,17,26
axg-04248,fake,51,11,16
axg-04249,fake,104,19,24
axg-04250,fake,96,21,27
axg-04251,fake,33,7,12
axg-04252,fake,60,13,21
axg-04253,fake,72,18,20
axg-04254,fake,91,18,22
axg-04255,fake,72,16,22
axg-04256,fake,86,18,24
axg-04257,fake,64,12,21
axg-04258,fake,85,17,29
axg-04259,fake,53,11,20
axg-04260,fake,65,14,19
axg-04261,fake,63,13,20
axg-04262,fake,55,13,17
axg-04263,fake,66,18,21
axg-04264,fake,95,21,26
axg-04265,fake,95,22,27
axg-04266,fake,76,16,22
axg-04267,fake,62,13,19
axg-04268,fake,71,16,28
axg-04269,fake,95,22,32
axg-04270,fake,89,20,27
axg-04271,fake,57,12,23
axg-04272,fake,106,24,29
axg-04273,fake,89,18,32
axg-04274,fake,56,14,19
axg-04275,fake,83,18,25
axg-04276,fake,121,27,32
axg-04277,fake,69,15,21
axg-04278,fake,69,15,19
axg-04279,fake,78,19,24
axg-04280,fake,74,16,23
axg-04281,fake,58,13,18
axg-04282,fake,55,11,14
axg-04283,fake,74,15,18
axg-04284,fake,89,17,28
axg-04285,fake,69,14,24
axg-04286,fake,59,12,16
axg-04287,fake,45,9,14
axg-04288,fake,58,12,20
axg-04289,fake,54,10,20
axg-04290,fake,70,16,26
axg-04291,fake,71,15,21
axg-04292,fake,76,14,25
axg-04293,fake,58,11,24
axg-04294,fake,78,19,23
axg-04295,fake,52,11,14
axg-04296,fake,103,26,29
axg-04297,fake,91,20,31
axg-04298,fake,60,14,19
axg-04299,fake,80,18,22
axg-04300,fake,63,12,20
axg-04301,fake,73,16,28
axg-04302,fake,41,9,13
axg-04303,fake,60,13,20
axg-04304,fake,60,13,21
axg-04305,fake,95,20,26
axg-04306,fake,58,14,18
axg-04307,fake,80,17,23
axg-04308,fake,65,15,21
axg-04309,fake,79,18,22
axg-04310,fake,74,14,22
axg-04311,fake,67,15,18
axg-04312,fake,76,19,26
axg-04313,fake,62,14,18
axg-04314,fake,66,14,20
axg-04315,fake,40,8,12
axg-04316,fake,54,12,19
axg-04317,fake,51,11,17
axg-04318,fake,36,8,16
axg-04319,fake,62,14,22
axg-04320,fake,61,14,19
axg-04321,fake,57,12,16
axg-04322,fake,51,11,15
axg-04323,fake,61,14,21
axg-04324,fake,62,13,20
axg-04325,fake,71,14,23
axg-04326,fake,58,12,19
axg-04327,fake,75,15,22
axg-04328,fake,89,20,25
axg-04329,fake,67,14,22
axg-04330,fake,55,13,19
axg-04331,fake,74,15,21
axg-04332,fake,53,12,18
axg-04333,fake,75,17,23
axg-04334,fake,58,11,17
axg-04335,fake,65,13,17
axg-04336,fake,66,13,24
axg-04337,fake,71,16,22
axg-04338,fake,57,12,19
axg-04339,fake,72,15,25
axg-04340,fake,73,15,21
axg-04341,fake,63,13,25
axg-04342,fake,53,12,18
axg-04343,fake,75,17,23
axg-04344,fake,58,11,17
axg-04345,fake,65,13,17
axg-04346,fake,66,13,24
axg-04347,fake,71,16,22
axg-04348,fake,57,12,19
axg-04349,fake,72,15,25
axg-04350,fake,73,15,21
axg-04351,fake,63,13,25
axg-04352,fake,90,21,27
axg-04353,fake,63,14,19
axg-04354,fake,72,15,21
axg-04355,fake,76,17,23
axg-04356,fake,62,14,18
axg-04357,fake,81,17,28
axg-04358,fake,68,14,26
axg-04359,fake,71,15,23
axg-04360,fake,76,18,22
axg-04361,fake,40,8,13
axg-04362,fake,88,18,24
axg-04363,fake,44,11,15
axg-04364,fake,72,15,22
axg-04365,fake,45,12,17
axg-04366,fake,62,16,19
axg-04367,fake,83,18,24
axg-04368,fake,67,15,21
axg-04369,fake,79,18,24
axg-04370,fake,66,14,20
axg-04371,fake,25,5,10
axg-04372,fake,71,14,21
axg-04373,fake,73,15,21
axg-04374,fake,107,23,29
axg-04375,fake,61,13,22
axg-04376,fake,69,16,19
axg-04377,fake,65,14,21
axg-04378,fake,95,20,29
axg-04379,fake,43,9,13
axg-04380,fake,82,19,24
axg-04381,fake,62,13,20
axg-04382,fake,94,20,31
axg-04383,fake,67,15,23
axg-04384,fake,85,18,24
axg-04385,fake,96,23,27
axg-04386,fake,66,12,18
axg-04387,fake,44,8,14
axg-04388,fake,39,8,12
axg-04389,fake,66,14,21
axg-04390,fake,54,11,17
axg-04391,fake,55,12,19
axg-04392,fake,66,14,21
axg-04393,fake,54,11,15
axg-04394,fake,83,20,24
axg-04395,fake,75,15,25
axg-04396,fake,75,15,20
axg-04397,fake,77,17,24
axg-04398,fake,59,14,20
axg-04399,fake,75,15,25
axg-04400,fake,71,15,21
axg-04401,fake,71,16,24
axg-04402,fake,51,11,17
axg-04403,fake,80,18,23
axg-04404,fake,69,15,24
axg-04405,fake,46,11,17
axg-04406,fake,72,15,20
axg-04407,fake,89,20,29
axg-04408,fake,69,13,21
axg-04409,fake,61,14,22
axg-04410,fake,85,17,25
axg-04411,fake,84,19,27
axg-04412,fake,62,13,21
axg-04413,fake,70,15,21
axg-04414,fake,65,15,20
axg-04415,fake,28,7,11
axg-04416,fake,63,13,23
axg-04417,fake,85,20,25
axg-04418,fake,69,14,22
axg-04419,fake,111,21,31
axg-04420,fake,64,15,23
axg-04421,fake,78,18,24
axg-04422,fake,72,15,21
axg-04423,fake,94,21,28
axg-04424,fake,81,17,21
axg-04425,fake,88,19,23
axg-04426,fake,129,26,33
axg-04427,fake,45,10,15
axg-04428,fake,71,14,21
axg-04429,fake,74,13,18
axg-04430,fake,71,17,20
axg-04431,fake,66,17,22
axg-04432,fake,74,15,25
axg-04433,fake,42,10,16
axg-04434,fake,82,16,23
axg-04435,fake,87,18,24
axg-04436,fake,115,26,30
axg-04437,fake,470,104,126
axg-04438,fake,49,10,14
axg-04439,fake,53,11,16
axg-04440,fake,47,10,14
axg-04441,fake,90,20,26
axg-04442,fake,85,18,23
axg-04443,fake,79,16,19
axg-04444,fake,49,10,14
axg-04445,fake,65,15,23
axg-04446,fake,64,13,17
axg-04447,fake,78,17,24
axg-04448,fake,56,12,18
axg-04449,fake,82,18,24
axg-04450,fake,49,11,20
axg-04451,fake,79,14,22
axg-04452,fake,90,19,25
axg-04453,fake,76,17,25
axg-04454,fake,81,18,28
axg-04455,fake,67,14,17
axg-04456,fake,86,18,22
axg-04457,fake,46,11,14
axg-04458,fake,73,16,22
axg-04459,fake,73,15,18
axg-04460,fake,65,15,24
axg-04461,fake,62,14,18
axg-04462,fake,108,25,36
axg-04463,fake,70,16,22
axg-04464,fake,73,14,22
axg-04465,fake,82,19,29
axg-04466,fake,84,20,27
axg-04467,fake,52,11,19
axg-04468,fake,79,17,26
axg-04469,fake,76,16,24
axg-04470,fake,101,18,29
axg-04471,fake,50,11,15
axg-04472,fake,68,12,18
axg-04473,fake,63,14,23
axg-04474,fake,69,15,21
axg-04475,fake,110,24,34
axg-04476,fake,78,16,26
axg-04477,fake,77,19,26
axg-04478,fake,85,18,24
axg-04479,fake,56,12,18
axg-04480,fake,66,14,21
axg-04481,fake,72,15,19
axg-04482,fake,84,19,26
axg-04483,fake,72,18,22
axg-04484,fake,63,15,20
axg-04485,fake,79,17,28
axg-04486,fake,67,15,22
axg-04487,fake,62,14,19
axg-04488,fake,61,13,17
axg-04489,fake,51,11,15
axg-04490,fake,38,8,15
axg-04491,fake,81,19,27
axg-04492,fake,70,14,22
axg-04493,fake,74,17,27
axg-04494,fake,65,14,22
axg-04495,fake,78,17,23
axg-04496,fake,85,18,26
axg-04497,fake,66,15,21
axg-04498,fake,69,15,22
axg-04499,fake,34,8,13
axg-04500,fake,45,10,17
axg-04501,fake,80,16,22
axg-04502,fake,43,10,15
axg-04503,fake,40,9,14
axg-04504,fake,80,16,23
axg-04505,fake,73,17,25
axg-04506,fake,41,9,13
axg-04507,fake,83,16,27
axg-04508,fake,64,14,19
axg-04509,fake,50,11,15
axg-04510,fake,58,12,16
axg-04511,fake,86,20,24
axg-04512,fake,68,15,19
axg-04513,fake,78,17,24
axg-04514,fake,61,13,23
axg-04515,fake,64,14,21
axg-04516,fake,83,17,28
axg-04517,fake,61,12,19
axg-04518,fake,83,19,24
axg-04519,fake,53,11,16
axg-04520,fake,59,13,21
axg-04521,fake,62,13,24
axg-04522,fake,79,18,21
axg-04523,fake,69,15,22
axg-04524,fake,64,13,16
axg-04525,fake,43,10,15
axg-04526,fake,57,13,18
axg-04527,fake,57,13,16
axg-04528,fake,98,20,28
axg-04529,fake,68,13,24
axg-04530,fake,62,13,21
axg-04531,fake,73,16,24
axg-04532,fake,74,16,21
axg-04533,fake,77,17,23
axg-04534,fake,59,13,19
axg-04535,fake,68,15,18
axg-04536,fake,64,13,26
axg-04537,fake,55,12,17
axg-04538,fake,81,18,22
axg-04539,fake,69,14,23
axg-04540,fake,60,12,21
axg-04541,fake,90,20,29
axg-04542,fake,48,9,15
axg-04543,fake,47,11,15
axg-04544,fake,84,19,25
axg-04545,fake,85,17,22
axg-04546,fake,73,16,23
axg-04547,fake,64,13,26
axg-04548,fake,65,14,18
axg-04549,fake,71,16,24
axg-04550,fake,65,15,24
axg-04551,fake,51,11,21
axg-04552,fake,63,14,24
axg-04553,fake,56,13,16
axg-04554,fake,58,12,16
axg-04555,fake,78,16,24
axg-04556,fake,60,15,19
axg-04557,fake,61,12,21
axg-04558,fake,82,19,23
axg-04559,fake,77,18,21
axg-04560,fake,85,19,25
axg-04561,fake,65,15,19
axg-04562,fake,75,15,22
axg-04563,fake,89,21,25
axg-04564,fake,62,14,18
axg-04565,fake,75,15,25
axg-04566,fake,64,14,20
axg-04567,fake,81,18,30
axg-04568,fake,94,21,31
axg-04569,fake,58,13,20
axg-04570,fake,72,15,21
axg-04571,fake,50,11,18
axg-04572,fake,66,14,20
axg-04573,fake,61,12,24
axg-04574,fake,55,12,15
axg-04575,fake,79,17,27
axg-04576,fake,84,18,24
axg-04577,fake,97,21,29
axg-04578,fake,77,17,23
axg-04579,fake,65,13,19
axg-04580,fake,58,13,20
axg-04581,fake,74,15,19
axg-04582,fake,96,22,28
axg-04583,fake,81,18,30
axg-04584,fake,71,17,23
axg-04585,fake,56,12,22
axg-04586,fake,72,15,24
axg-04587,fake,52,12,18
axg-04588,fake,75,16,24
axg-04589,fake,71,16,22
axg-04590,fake,74,16,20
axg-04591,fake,64,14,22
axg-04592,fake,71,16,22
axg-04593,fake,57,12,17
axg-04594,fake,47,9,16
axg-04595,fake,71,14,23
axg-04596,fake,74,14,25
axg-04597,fake,81,21,25
axg-04598,fake,75,16,24
axg-04599,fake,88,19,25
axg-04600,fake,68,14,20
axg-04601,fake,50,13,17
axg-04602,fake,72,15,21
axg-04603,fake,84,18,26
axg-04604,fake,94,21,28
axg-04605,fake,71,16,22
axg-04606,fake,82,20,22
axg-04607,fake,94,21,29
axg-04608,fake,76,15,20
axg-04609,fake,67,13,22
axg-04610,fake,73,17,23
axg-04611,fake,103,21,31
axg-04612,fake,55,13,17
axg-04613,fake,53,13,18
axg-04614,fake,46,10,20
axg-04615,fake,54,11,19
axg-04616,fake,67,16,22
axg-04617,fake,91,21,28
axg-04618,fake,51,11,18
axg-04619,fake,76,15,21
axg-04620,fake,82,17,20
axg-04621,fake,67,17,24
axg-04622,fake,80,18,25
axg-04623,fake,58,12,21
axg-04624,fake,75,15,24
axg-04625,fake,78,17,21
axg-04626,fake,82,19,26
axg-04627,fake,82,16,24
axg-04628,fake,47,10,15
axg-04629,fake,74,17,25
axg-04630,fake,82,16,23
axg-04631,fake,61,13,20
axg-04632,fake,103,20,27
axg-04633,fake,53,12,19
axg-04634,fake,70,17,20
axg-04635,fake,47,9,17
axg-04636,fake,63,13,19
axg-04637,fake,67,14,19
axg-04638,fake,65,13,24
axg-04639,fake,81,16,24
axg-04640,fake,95,20,30
axg-04641,fake,98,20,31
axg-04642,fake,72,14,25
axg-04643,fake,55,12,21
axg-04644,fake,76,18,23
axg-04645,fake,69,17,23
axg-04646,fake,73,16,22
axg-04647,fake,90,20,26
axg-04648,fake,79,16,24
axg-04649,fake,61,12,18
axg-04650,fake,66,16,23
axg-04651,fake,88,20,25
axg-04652,fake,59,13,24
axg-04653,fake,68,12,19
axg-04654,fake,54,12,16
axg-04655,fake,60,14,18
axg-04656,fake,82,19,24
axg-04657,fake,70,15,18
axg-04658,fake,47,10,17
axg-04659,fake,64,15,22
axg-04660,fake,53,12,17
axg-04661,fake,58,12,17
axg-04662,fake,43,9,11
axg-04663,fake,72,15,22
axg-04664,fake,71,15,22
axg-04665,fake,67,14,21
axg-04666,fake,44,9,15
axg-04667,fake,72,13,18
axg-04668,fake,54,11,17
axg-04669,fake,82,16,24
axg-04670,fake,88,19,31
axg-04671,fake,52,11,20
axg-04672,fake,85,18,27
axg-04673,fake,68,15,26
axg-04674,fake,54,11,18
axg-04675,fake,56,13,19
axg-04676,fake,69,17,25
axg-04677,fake,61,13,22
axg-04678,fake,70,16,23
axg-04679,fake,89,20,28
axg-04680,fake,74,15,19
axg-04681,fake,50,11,15
axg-04682,fake,49,11,15
axg-04683,fake,74,16,26
axg-04684,fake,61,13,23
axg-04685,fake,75,16,26
axg-04686,fake,101,21,30
axg-04687,fake,79,17,29
axg-04688,fake,65,13,19
axg-04689,fake,39,9,11
axg-04690,fake,57,12,16
axg-04691,fake,64,13,19
axg-04692,fake,87,18,30
axg-04693,fake,105,20,31
axg-04694,fake,71,14,26
axg-04695,fake,59,13,19
axg-04696,fake,67,15,23
axg-04697,fake,76,17,25
axg-04698,fake,108,22,32
axg-04699,fake,75,16,21
axg-04700,fake,102,21,33
axg-04701,fake,47,10,18
axg-04702,fake,73,15,27
axg-04703,fake,70,14,24
axg-04704,fake,97,22,30
axg-04705,fake,70,15,24
axg-04706,fake,75,14,23
axg-04707,fake,92,18,27
axg-04708,fake,70,15,21
axg-04709,fake,65,13,20
axg-04710,fake,71,14,24
axg-04711,fake,75,15,22
axg-04712,fake,67,15,22
axg-04713,fake,58,13,23
axg-04714,fake,78,19,22
axg-04715,fake,72,15,25
axg-04716,fake,71,14,23
axg-04717,fake,76,18,25
axg-04718,fake,86,19,23
axg-04719,fake,72,15,22
axg-04720,fake,63,11,17
axg-04721,fake,50,11,16
axg-04722,fake,93,18,30
axg-04723,fake,65,14,20
axg-04724,fake,76,16,24
axg-04725,fake,83,18,21
axg-04726,fake,93,21,29
axg-04727,fake,77,17,20
axg-04728,fake,92,20,27
axg-04729,fake,103,24,33
axg-04730,fake,70,17,23
axg-04731,fake,90,20,27
axg-04732,fake,94,21,31
axg-04733,fake,71,16,22
axg-04734,fake,75,16,24
axg-04735,fake,89,15,27
axg-04736,fake,79,17,26
axg-04737,fake,93,21,28
axg-04738,fake,77,15,29
axg-04739,fake,71,14,23
axg-04740,fake,75,17,20
axg-04741,fake,72,15,25
axg-04742,fake,90,17,29
axg-04743,fake,91,18,27
axg-04744,fake,95,20,28
axg-04745,fake,77,16,23
axg-04746,fake,71,14,25
axg-04747,fake,70,16,22
axg-04748,fake,86,21,29
axg-04749,fake,68,13,16
axg-04750,fake,56,13,17
axg-04751,fake,62,13,25
axg-04752,fake,68,15,20
axg-04753,fake,85,18,28
axg-04754,fake,66,15,23
axg-04755,fake,65,13,22
axg-04756,fake,76,15,29
axg-04757,fake,55,11,19
axg-04758,fake,59,14,20
axg-04759,fake,65,14,22
axg-04760,fake,61,14,21
axg-04761,fake,81,18,24
axg-04762,fake,88,19,24
axg-04763,fake,93,19,27
axg-04764,fake,45,10,13
axg-04765,fake,70,14,22
axg-04766,fake,81,17,22
axg-04767,fake,58,13,19
axg-04768,fake,84,18,23
axg-04769,fake,42,9,16
axg-04770,fake,51,11,16
axg-04771,fake,88,19,27
axg-04772,fake,71,14,23
axg-04773,fake,65,14,17
axg-04774,fake,56,12,15
axg-04775,fake,72,17,23
axg-04776,fake,71,15,22
axg-04777,fake,69,15,22
axg-04778,fake,74,15,19
axg-04779,fake,74,16,24
axg-04780,fake,81,16,24
axg-04781,fake,81,18,23
axg-04782,fake,52,10,16
axg-04783,fake,62,15,19
axg-04784,fake,56,14,17
axg-04785,fake,85,18,29
axg-04786,fake,70,16,24
axg-04787,fake,86,19,24
axg-04788,fake,96,20,27
axg-04789,fake,68,15,23
axg-04790,fake,70,16,20
axg-04791,fake,63,13,21
axg-04792,fake,52,13,17
axg-04793,fake,72,15,22
axg-04794,fake,84,18,28
axg-04795,fake,60,13,20
axg-04796,fake,67,15,22
axg-04797,fake,62,14,21
axg-04798,fake,79,15,23
axg-04799,fake,74,16,22
axg-04800,fake,84,17,25
axg-04801,fake,70,14,22
axg-04802,fake,71,17,21
axg-04803,fake,71,14,21
axg-04804,fake,65,13,21
axg-04805,fake,65,15,22
axg-04806,fake,66,15,22
axg-04807,fake,79,16,25
axg-04808,fake,52,11,18
axg-04809,fake,80,16,22
axg-04810,fake,52,10,18
axg-04811,fake,74,17,20
axg-04812,fake,73,16,22
axg-04813,fake,92,19,33
axg-04814,fake,56,14,18
axg-04815,fake,51,11,21
axg-04816,fake,87,18,24
axg-04817,fake,77,17,23
axg-04818,fake,69,14,21
axg-04819,fake,58,13,20
axg-04820,fake,82,18,26
axg-04821,fake,61,12,18
axg-04822,fake,79,16,24
axg-04823,fake,79,17,25
axg-04824,fake,72,14,25
axg-04825,fake,67,13,19
axg-04826,fake,93,21,28
axg-04827,fake,91,21,27
axg-04828,fake,77,16,26
axg-04829,fake,55,12,17
axg-04830,fake,74,15,24
axg-04831,fake,46,10,16
axg-04832,fake,61,13,20
axg-04833,fake,65,13,24
axg-04834,fake,70,16,20
axg-04835,fake,88,17,25
axg-04836,fake,85,18,28
axg-04837,fake,75,14,20
axg-04838,fake,73,14,25
axg-04839,fake,82,17,26
axg-04840,fake,64,13,20
axg-04841,fake,74,15,21
axg-04842,fake,56,12,19
axg-04843,fake,72,15,23
axg-04844,fake,84,18,33
axg-04845,fake,90,17,28
axg-04846,fake,74,16,27
axg-04847,fake,60,13,17
axg-04848,fake,92,21,25
axg-04849,fake,64,13,24
axg-04850,fake,92,18,22
axg-04851,fake,57,11,22
axg-04852,fake,64,12,22
axg-04853,fake,62,12,19
axg-04854,fake,95,22,28
axg-04855,fake,55,12,16
axg-04856,fake,79,16,25
axg-04857,fake,48,11,18
axg-04858,fake,69,13,17
axg-04859,fake,75,16,29
axg-04860,fake,56,12,16
axg-04861,fake,74,16,25
axg-04862,fake,76,16,25
axg-04863,fake,103,21,33
axg-04864,fake,81,17,27
axg-04865,fake,58,11,17
axg-04866,fake,67,14,20
axg-04867,fake,83,18,28
axg-04868,fake,77,16,23
axg-04869,fake,93,19,30
axg-04870,fake,60,12,25
axg-04871,fake,52,11,19
axg-04872,fake,55,10,20
axg-04873,fake,67,14,22
axg-04874,fake,73,16,24
axg-04875,fake,84,17,28
axg-04876,fake,61,13,17
axg-04877,fake,82,20,22
axg-04878,fake,79,15,27
axg-04879,fake,58,12,24
axg-04880,fake,99,20,34
axg-04881,fake,77,16,24
axg-04882,fake,39,9,16
axg-04883,fake,92,20,26
axg-04884,fake,64,15,22
axg-04885,fake,66,14,17
axg-04886,fake,58,14,21
axg-04887,fake,38,9,12
axg-04888,fake,47,10,15
axg-04889,fake,55,11,19
axg-04890,fake,90,21,30
axg-04891,fake,49,9,16
axg-04892,fake,82,18,26
axg-04893,fake,61,14,25
axg-04894,fake,61,13,18
axg-04895,fake,59,13,18
axg-04896,fake,70,15,18
axg-04897,fake,84,18,25
axg-04898,fake,53,11,17
axg-04899,fake,73,15,22
axg-04900,fake,83,17,21
axg-04901,fake,67,14,21
axg-04902,fake,70,15,20
axg-04903,fake,98,24,29
axg-04904,fake,70,15,23
axg-04905,fake,68,14,21
axg-04906,fake,80,17,27
axg-04907,fake,78,17,22
axg-04908,fake,73,15,26
axg-04909,fake,53,11,23
axg-04910,fake,61,13,22
axg-04911,fake,72,16,24
axg-04912,fake,93,20,29
axg-04913,fake,72,17,22
axg-04914,fake,96,21,28
axg-04915,fake,72,16,21
axg-04916,fake,64,14,22
axg-04917,fake,93,22,27
axg-04918,fake,78,17,25
axg-04919,fake,81,18,27
axg-04920,fake,52,10,16
axg-04921,fake,81,17,28
axg-04922,fake,93,20,29
axg-04923,fake,75,16,28
axg-04924,fake,65,12,20
axg-04925,fake,53,13,18
axg-04926,fake,67,13,18
axg-04927,fake,66,14,22
axg-04928,fake,93,21,29
axg-04929,fake,78,16,27
axg-04930,fake,81,18,28
axg-04931,fake,66,14,17
axg-04932,fake,84,18,25
axg-04933,fake,87,18,25
axg-04934,fake,68,15,18
axg-04935,fake,63,15,22
axg-04936,fake,69,15,21
axg-04937,fake,69,15,22
axg-04938,fake,72,17,24
axg-04939,fake,69,13,24
axg-04940,fake,47,12,20
axg-04941,fake,77,15,24
axg-04942,fake,104,23,30
axg-04943,fake,69,15,24
axg-04944,fake,86,17,22
axg-04945,fake,83,18,23
axg-04946,fake,82,18,27
axg-04947,fake,98,21,33
axg-04948,fake,77,17,22
axg-04949,fake,82,18,27
axg-04950,fake,61,13,19
axg-04951,fake,73,14,18
axg-04952,fake,63,13,21
axg-04953,fake,75,18,24
axg-04954,fake,89,21,33
axg-04955,fake,68,14,21
axg-04956,fake,75,17,25
axg-04957,fake,75,15,21
axg-04958,fake,81,17,22
axg-04959,fake,72,16,24
axg-04960,fake,77,16,28
axg-04961,fake,74,17,28
axg-04962,fake,94,20,31
axg-04963,fake,60,13,20
axg-04964,fake,81,19,21
axg-04965,fake,64,14,23
axg-04966,fake,83,18,26
axg-04967,fake,67,14,19
axg-04968,fake,54,11,18
axg-04969,fake,245,53,62
axg-04970,fake,61,13,15
axg-04971,fake,83,18,23
axg-04972,fake,63,15,20
axg-04973,fake,80,19,27
axg-04974,fake,95,21,35
axg-04975,fake,79,18,26
axg-04976,fake,58,14,22
axg-04977,fake,57,12,20
axg-04978,fake,51,11,15
axg-04979,fake,31,7,11
axg-04980,fake,87,20,27
axg-04981,fake,62,13,18
axg-04982,fake,50,11,15
axg-04983,fake,59,12,20
axg-04984,fake,56,13,19
axg-04985,fake,58,12,17
axg-04986,fake,48,9,20
axg-04987,fake,81,17,27
axg-04988,fake,58,13,16
axg-04989,fake,69,16,23
axg-04990,fake,65,14,23
axg-04991,fake,48,12,18
axg-04992,fake,78,15,25
axg-04993,fake,69,17,24
axg-04994,fake,39,9,12
axg-04995,fake,69,13,19
axg-04996,fake,53,13,20
axg-04997,fake,51,11,15
axg-04998,fake,94,21,30
axg-04999,fake,65,13,22
axg-05000,fake,99,21,35
axg-05001,fake,54,11,16
axg-05002,fake,65,17,20
axg-05003,fake,95,21,26
axg-05004,fake,159,33,44
axg-05005,fake,147,30,48
axg-05006,fake,143,30,57
axg-05007,fake,157,30,49
axg-05008,fake,150,33,45
axg-05009,fake,104,22,35
axg-05010,fake,108,23,39
axg-05011,fake,192,41,56
axg-05012,fake,150,30,40
axg-05013,fake,159,30,49
axg-05014,fake,183,41,51
axg-05015,fake,168,36,58
axg-05016,fake,215,46,64
axg-05017,fake,119,22,40
axg-05018,fake,101,23,35
axg-05019,fake,80,18,25
axg-05020,fake,132,27,46
axg-05021,fake,152,34,45
axg-05022,fake,78,16,26
axg-05023,fake,85,18,29
axg-05024,fake,107,23,35
axg-05025,fake,158,34,47
axg-05026,fake,234,50,63
axg-05027,fake,121,24,39
axg-05028,fake,183,41,53
axg-05029,fake,152,32,45
axg-05030,fake,150,29,42
axg-05031,fake,212,45,64
axg-05032,fake,142,30,47
axg-05033,fake,112,23,39
axg-05034,fake,104,21,29
axg-05035,fake,49,11,17
axg-05036,fake,106,21,34
axg-05037,fake,143,30,38
axg-05038,fake,48,11,15
axg-05039,fake,156,36,47
axg-05040,fake,53,11,14
axg-05041,fake,127,26,30
axg-05042,fake,95,22,26
axg-05043,fake,76,16,21
axg-05044,fake,98,20,25
axg-05045,fake,196,40,49
axg-05046,fake,126,25,32
axg-05047,fake,109,21,27
axg-05048,fake,68,14,19
axg-05049,fake,51,10,23
axg-05050,fake,274,55,66
axg-05051,fake,400,87,121
axg-05052,fake,100,20,26
axg-05054,real,106,23,35
axg-05055,real,79,16,29
axg-05056,real,80,18,26
axg-05057,real,72,16,21
axg-05058,real,88,19,30
axg-05059,real,87,18,28
axg-05060,real,94,21,30
axg-05061,real,82,18,27
axg-05062,real,101,22,33
axg-05063,real,88,19,33
axg-05064,real,68,13,17
axg-05065,real,328,63,95
axg-05066,real,278,53,72
axg-05067,real,73,11,16
axg-05068,real,238,48,73
axg-05069,real,65,15,24
axg-05070,real,57,13,17
axg-05071,real,61,12,18
axg-05072,real,68,14,21
axg-05073,real,63,11,20
axg-05074,real,67,15,23
axg-05075,real,57,10,16
axg-05076,real,59,11,16
axg-05077,real,425,89,122
axg-05078,real,151,33,39
axg-05079,real,184,40,49
axg-05080,real,309,65,86
axg-05081,real,163,34,48
axg-05082,real,161,32,41
axg-05083,real,285,57,68
axg-05084,real,113,24,30
axg-05085,real,176,39,44
axg-05086,real,162,34,40
axg-05087,real,123,28,41
axg-05088,real,180,39,52
axg-05089,real,241,50,66
axg-05090,real,182,39,49
axg-05091,real,211,47,66
axg-05092,real,192,37,56
axg-05093,real,250,52,71
axg-05094,real,123,25,31
axg-05095,real,111,23,30
axg-05096,real,179,39,55
axg-05097,real,229,46,64
axg-05098,real,148,33,41
axg-05099,real,122,27,33
axg-05100,real,147,30,38
axg-05101,real,87,17,25
axg-05102,real,96,19,27
axg-05103,real,256,54,82
axg-05104,real,165,31,48
axg-05105,real,207,50,65
axg-05106,real,70,15,21
axg-05107,real,243,49,74
axg-05108,real,89,23,29
axg-05109,real,131,28,39
axg-05110,real,67,13,21
axg-05111,real,388,79,115
axg-05112,real,177,35,53
axg-05113,real,197,41,53
axg-05114,real,193,37,53
axg-05115,real,244,49,59
axg-05116,real,214,45,64
axg-05117,real,190,39,53
axg-05118,real,60,14,20
axg-05119,real,69,13,20
axg-05120,real,469,98,131
axg-05121,real,128,25,33
axg-05122,real,97,21,28
axg-05123,real,205,47,57
axg-05124,real,83,18,28
axg-05125,real,87,17,24
axg-05126,real,161,36,49
axg-05127,real,123,27,37
axg-05128,real,179,40,50
axg-05129,real,252,50,71
axg-05130,real,208,42,50
axg-05131,real,133,28,34
axg-05132,real,145,31,36
axg-05133,real,147,31,39
axg-05134,real,195,39,52
axg-05135,real,144,31,40
axg-05136,real,197,40,61
axg-05137,real,90,18,23
axg-05138,real,97,21,28
axg-05139,real,159,33,42
axg-05140,real,153,33,45
axg-05141,real,122,27,31
axg-05142,real,111,24,36
axg-05143,real,105,19,28
axg-05144,real,217,47,53
axg-05145,real,105,23,35
axg-05146,real,126,27,34
axg-05147,real,134,33,43
axg-05148,real,174,45,48
axg-05149,real,168,34,54
axg-05150,real,82,19,25
axg-05151,real,178,37,48
axg-05152,real,446,83,135
axg-05153,real,279,62,75
axg-05154,real,187,40,47
axg-05155,real,188,40,49
axg-05156,real,169,34,44
axg-05157,real,216,45,57
axg-05158,real,109,23,29
axg-05159,real,206,46,58
axg-05160,real,110,23,32
axg-05161,real,171,38,47
axg-05162,real,250,53,69
axg-05163,real,79,17,27
axg-05164,real,126,26,36
axg-05165,real,83,17,26
axg-05166,real,230,50,60
axg-05167,real,64,14,19
axg-05168,real,223,48,55
axg-05169,real,126,26,31
axg-05170,real,260,53,72
axg-05171,real,230,50,63
axg-05172,real,230,54,68
axg-05173,real,108,24,30
axg-05174,real,110,21,35
axg-05175,real,149,31,45
axg-05176,real,235,49,68
axg-05177,real,130,29,35
axg-05178,real,111,24,32
axg-05179,real,530,117,140
axg-05180,real,205,45,64
axg-05181,real,109,23,31
axg-05182,real,136,28,34
axg-05183,real,241,49,75
axg-05184,real,162,36,47
axg-05185,real,191,41,52
axg-05186,real,159,34,45
axg-05187,real,138,29,35
axg-05188,real,118,21,41
axg-05189,real,174,39,50
axg-05190,real,196,44,58
axg-05191,real,149,33,43
axg-05192,real,127,29,31
axg-05193,real,154,31,40
axg-05194,real,176,40,56
axg-05195,real,206,46,57
axg-05196,real,69,15,25
axg-05197,real,197,43,56
axg-05198,real,225,50,67
axg-05199,real,260,55,77
axg-05200,real,99,21,31
axg-05201,real,131,29,36
axg-05202,real,268,54,70
axg-05203,real,177,36,51
axg-05204,real,152,36,39
axg-05205,real,179,38,45
axg-05206,real,201,39,56
axg-05207,real,63,14,17
axg-05208,real,145,30,43
axg-05209,real,201,46,60
axg-05210,real,177,39,51
axg-05211,real,125,26,32
axg-05212,real,264,53,69
axg-05213,real,204,43,53
axg-05214,real,170,35,44
axg-05215,real,157,34,51
axg-05216,real,142,29,37
axg-05217,real,244,48,65
axg-05218,real,214,43,64
axg-05219,real,236,52,65
axg-05220,real,235,51,64
axg-05221,real,194,38,56
axg-05222,real,264,57,69
axg-05223,real,172,40,55
axg-05224,real,100,23,31
axg-05225,real,189,41,58
axg-05226,real,152,36,45
axg-05227,real,186,43,60
axg-05228,real,174,39,50
axg-05229,real,127,29,38
axg-05230,real,133,31,41
axg-05231,real,147,30,41
axg-05232,real,188,41,61
axg-05233,real,91,20,29
axg-05234,real,227,53,75
axg-05235,real,109,25,37
axg-05236,real,188,40,57
axg-05237,real,133,27,44
axg-05238,real,130,29,38
axg-05239,real,175,39,55
axg-05240,real,232,47,63
axg-05241,real,240,48,61
axg-05242,real,174,35,56
axg-05243,real,170,33,47
axg-05244,real,216,46,60
axg-05245,real,270,60,86
axg-05246,real,244,54,72
axg-05247,real,139,33,40
axg-05248,real,199,42,58
axg-05249,real,118,25,37
axg-05250,real,128,28,39
axg-05251,real,123,29,37
axg-05252,real,191,42,55
axg-05253,real,219,44,62
axg-05254,real,122,25,37
axg-05255,real,230,50,67
axg-05256,real,217,45,63
axg-05257,real,243,52,68
axg-05258,real,127,27,34
axg-05259,real,176,36,56
axg-05260,real,164,35,52
axg-05261,real,216,48,58
axg-05262,real,146,32,43
axg-05263,real,154,34,47
axg-05264,real,114,26,35
axg-05265,real,221,45,63
axg-05266,real,268,56,77
axg-05267,real,181,36,54
axg-05268,real,267,57,74
axg-05269,real,135,31,44
axg-05270,real,92,20,28
axg-05271,real,221,45,63
axg-05272,real,211,44,65
axg-05273,real,242,52,74
axg-05274,real,140,27,40
axg-05275,real,148,31,49
axg-05276,real,234,58,72
axg-05277,real,158,34,39
axg-05278,real,117,25,33
axg-05279,real,135,27,38
axg-05280,real,123,26,32
axg-05281,real,165,37,40
axg-05282,real,152,34,38
axg-05283,real,227,50,63
axg-05284,real,259,58,67
axg-05285,real,170,39,42
axg-05286,real,141,33,40
axg-05287,real,256,55,71
axg-05288,real,125,28,33
axg-05289,real,192,41,51
axg-05290,real,229,51,62
axg-05291,real,128,27,43
axg-05292,real,83,19,22
axg-05293,real,197,47,56
axg-05294,real,130,30,39
axg-05295,real,213,45,57
axg-05296,real,215,46,59
axg-05297,real,81,16,21
axg-05298,real,126,24,34
axg-05299,real,278,60,72
axg-05300,real,278,63,76
axg-05301,real,148,32,40
axg-05302,real,190,40,49
axg-05303,real,204,45,61
axg-05304,real,185,43,53
axg-05305,real,193,43,47
axg-05306,real,202,43,54
axg-05307,real,199,41,52
axg-05308,real,196,38,47
axg-05309,real,196,40,61
axg-05310,real,254,53,62
axg-05311,real,154,34,41
axg-05312,real,175,37,55
axg-05313,real,144,31,38
axg-05314,real,227,51,59
axg-05315,real,104,24,27
axg-05316,real,98,20,24
axg-05317,real,149,30,40
axg-05318,real,201,42,51
axg-05319,real,266,55,75
axg-05320,real,167,33,47
axg-05321,real,183,39,47
axg-05322,real,100,21,27
axg-05323,real,188,39,60
axg-05324,real,73,18,25
axg-05325,real,200,44,57
axg-05326,real,204,45,51
axg-05327,real,193,42,52
axg-05328,real,128,27,40
axg-05329,real,126,25,35
axg-05330,real,228,48,72
axg-05331,real,87,19,23
axg-05332,real,100,20,27
axg-05333,real,232,49,68
axg-05334,real,194,42,53
axg-05335,real,141,28,42
axg-05336,real,98,20,26
axg-05337,real,255,54,70
axg-05338,real,157,33,44
axg-05339,real,111,24,33
axg-05340,real,136,30,37
axg-05341,real,145,30,36
axg-05342,real,163,35,48
axg-05343,real,234,48,59
axg-05344,real,286,63,78
axg-05345,real,242,49,77
axg-05346,real,237,49,84
axg-05347,real,225,47,57
axg-05348,real,208,45,57
axg-05349,real,87,18,26
axg-05350,real,210,42,65
axg-05351,real,211,47,55
axg-05352,real,156,34,40
axg-05353,real,147,32,38
axg-05354,real,138,31,43
axg-05355,real,268,61,77
axg-05356,real,229,51,65
axg-05357,real,215,45,59
axg-05358,real,119,26,36
axg-05359,real,110,24,33
axg-05360,real,121,28,36
axg-05361,real,112,25,33
axg-05362,real,208,44,62
axg-05363,real,196,40,50
axg-05364,real,170,36,49
axg-05365,real,187,41,55
axg-05366,real,171,36,52
axg-05367,real,185,40,57
axg-05368,real,121,28,35
axg-05369,real,149,31,40
axg-05370,real,106,23,26
axg-05371,real,596,126,171
axg-05372,real,207,40,57
axg-05373,real,171,35,47
axg-05374,real,206,45,56
axg-05375,real,160,32,43
axg-05376,real,456,93,134
axg-05377,real,248,55,66
axg-05378,real,181,38,53
axg-05379,real,153,35,42
axg-05380,real,238,50,69
axg-05381,real,157,33,49
axg-05382,real,92,21,29
axg-05383,real,144,30,48
axg-05384,real,274,57,73
axg-05385,real,129,27,40
axg-05386,real,239,53,64
axg-05387,real,304,65,85
axg-05388,real,164,37,43
axg-05389,real,171,36,53
axg-05390,real,174,37,45
axg-05391,real,211,45,64
axg-05392,real,257,54,74
axg-05393,real,88,18,27
axg-05394,real,221,45,64
axg-05395,real,179,37,49
axg-05396,real,153,34,47
axg-05397,real,246,51,68
axg-05398,real,122,29,38
axg-05399,real,209,45,57
axg-05400,real,283,62,79
axg-05401,real,160,37,49
axg-05402,real,118,25,28
axg-05403,real,200,42,55
axg-05404,real,179,37,53
axg-05405,real,99,21,26
axg-05406,real,201,42,56
axg-05407,real,156,34,45
axg-05408,real,165,35,51
axg-05409,real,170,34,45
axg-05410,real,132,27,37
axg-05411,real,86,19,23
axg-05412,real,207,42,60
axg-05413,real,250,56,78
axg-05414,real,80,16,19
axg-05415,real,124,26,33
axg-05416,real,153,30,45
axg-05417,real,165,34,51
axg-05418,real,146,29,43
axg-05419,real,147,30,43
axg-05420,real,101,19,32
axg-05421,real,185,37,53
axg-05422,real,99,23,30
axg-05423,real,105,24,32
axg-05424,real,211,46,57
axg-05425,real,151,31,40
axg-05426,real,99,20,33
axg-05427,real,158,32,45
axg-05428,real,236,53,66
axg-05429,real,254,54,67
axg-05430,real,187,39,54
axg-05431,real,215,43,64
axg-05432,real,291,61,84
axg-05433,real,210,44,55
axg-05434,real,122,25,36
axg-05435,real,255,58,68
axg-05436,real,215,43,64
axg-05437,real,227,44,66
axg-05438,real,101,21,30
axg-05439,real,122,24,39
axg-05440,real,218,47,66
axg-05441,real,143,32,38
axg-05442,real,256,53,66
axg-05443,real,271,61,75
axg-05444,real,141,33,37
axg-05445,real,182,37,48
axg-05446,real,193,40,53
axg-05447,real,198,39,62
axg-05448,real,239,49,57
axg-05449,real,132,26,32
axg-05450,real,227,44,54
axg-05451,real,220,46,66
axg-05452,real,143,31,38
axg-05453,real,155,35,46
axg-05454,real,255,53,78
axg-05455,real,262,52,68
axg-05456,real,186,41,54
axg-05457,real,256,59,69
axg-05458,real,145,35,44
axg-05459,real,104,25,30
axg-05460,real,81,15,29
axg-05461,real,258,56,66
axg-05462,real,234,46,63
axg-05463,real,188,39,57
axg-05464,real,130,26,30
axg-05465,real,113,27,29
axg-05466,real,197,41,66
axg-05467,real,81,20,30
axg-05468,real,160,32,42
axg-05469,real,212,48,56
axg-05470,real,147,29,41
axg-05471,real,129,27,39
axg-05472,real,172,39,48
axg-05473,real,158,36,47
axg-05474,real,162,35,45
axg-05475,real,207,42,53
axg-05476,real,254,51,82
axg-05477,real,248,50,57
axg-05478,real,234,47,76
axg-05479,real,302,61,84
axg-05480,real,161,33,51
axg-05481,real,183,42,45
axg-05482,real,122,22,41
axg-05483,real,116,24,35
axg-05484,real,130,30,39
axg-05485,real,172,36,44
axg-05486,real,148,32,40
axg-05487,real,143,32,41
axg-05488,real,156,32,38
axg-05489,real,99,21,28
axg-05490,real,151,33,45
axg-05491,real,188,41,49
axg-05492,real,108,23,30
axg-05493,real,250,55,65
axg-05494,real,191,39,56
axg-05495,real,280,54,68
axg-05496,real,227,47,62
axg-05497,real,141,32,37
axg-05498,real,243,51,67
axg-05499,real,166,38,48
axg-05500,real,219,43,58
axg-05501,real,237,53,65
axg-05502,real,95,22,26
axg-05503,real,274,59,68
axg-05504,real,203,43,53
axg-05505,real,230,48,72
axg-05506,real,184,38,57
axg-05507,real,108,22,27
axg-05508,real,149,31,47
axg-05509,real,236,53,66
axg-05510,real,164,35,44
axg-05511,real,115,23,34
axg-05512,real,231,51,67
axg-05513,real,113,23,32
axg-05514,real,106,21,37
axg-05515,real,152,33,35
axg-05516,real,91,19,28
axg-05517,real,196,38,47
axg-05518,real,129,25,30
axg-05519,real,273,58,71
axg-05520,real,157,33,37
axg-05521,real,187,37,52
axg-05522,real,187,41,49
axg-05523,real,155,34,43
axg-05524,real,216,46,67
axg-05525,real,179,38,41
axg-05526,real,83,17,28
axg-05527,real,137,32,37
axg-05528,real,76,17,23
axg-05529,real,107,21,28
axg-05530,real,240,51,60
axg-05531,real,223,47,55
axg-05532,real,246,56,69
axg-05533,real,238,48,74
axg-05534,real,244,49,68
axg-05535,real,209,43,65
axg-05536,real,248,51,71
axg-05537,real,105,23,32
axg-05538,real,191,41,48
axg-05539,real,89,19,30
axg-05540,real,116,24,36
axg-05541,real,119,26,31
axg-05542,real,168,36,54
axg-05543,real,142,33,38
axg-05544,real,337,73,91
axg-05545,real,221,46,70
axg-05546,real,193,41,48
axg-05547,real,175,38,46
axg-05548,real,181,38,54
axg-05549,real,153,34,44
axg-05550,real,176,38,50
axg-05551,real,155,34,39
axg-05552,real,150,33,42
axg-05553,real,161,36,41
axg-05554,real,136,26,33
axg-05555,real,222,48,60
axg-05556,real,163,36,44
axg-05557,real,107,23,34
axg-05558,real,243,54,77
axg-05559,real,225,49,59
axg-05560,real,94,22,31
axg-05561,real,251,50,66
axg-05562,real,176,37,43
axg-05563,real,222,51,62
axg-05564,real,155,30,44
axg-05565,real,153,34,40
axg-05566,real,199,38,56
axg-05567,real,130,29,36
axg-05568,real,214,43,61
axg-05569,real,153,33,43
axg-05570,real,229,48,61
axg-05571,real,189,41,53
axg-05572,real,158,37,47
axg-05573,real,184,41,53
axg-05574,real,287,64,78
axg-05575,real,221,49,62
axg-05576,real,178,41,49
axg-05577,real,134,29,34
axg-05578,real,218,47,62
axg-05579,real,63,13,22
axg-05580,real,129,28,35
axg-05581,real,180,40,45
axg-05582,real,134,30,41
axg-05583,real,166,40,46
axg-05584,real,598,123,162
axg-05585,real,77,15,24
axg-05586,real,173,33,55
axg-05587,real,191,41,50
axg-05588,real,229,48,64
axg-05589,real,237,53,82
axg-05590,real,110,24,33
axg-05591,real,254,55,61
axg-05592,real,307,62,79
axg-05593,real,448,88,122
axg-05594,real,78,17,24
axg-05595,real,86,19,28
axg-05596,real,148,29,39
axg-05597,real,138,28,36
axg-05598,real,132,28,37
axg-05599,real,177,35,55
axg-05600,real,250,58,69
axg-05601,real,167,37,40
axg-05602,real,162,36,41
axg-05603,real,209,44,54
axg-05604,real,211,47,59
axg-05605,real,240,50,70
axg-05606,real,163,30,44
axg-05607,real,74,15,19
axg-05608,real,176,38,42
axg-05609,real,252,54,75
axg-05610,real,169,37,47
axg-05611,real,186,41,60
axg-05612,real,188,43,57
axg-05613,real,150,33,46
axg-05614,real,237,54,67
axg-05615,real,149,32,49
axg-05616,real,149,32,41
axg-05617,real,249,57,75
axg-05618,real,215,48,57
axg-05619,real,81,17,24
axg-05620,real,175,38,49
axg-05621,real,255,55,71
axg-05622,real,83,18,27
axg-05623,real,222,49,59
axg-05624,real,222,52,59
axg-05625,real,93,21,26
axg-05626,real,251,55,68
axg-05627,real,250,54,63
axg-05628,real,115,22,29
axg-05629,real,191,46,64
axg-05630,real,237,48,61
axg-05631,real,197,41,58
axg-05632,real,116,25,32
axg-05633,real,146,33,38
axg-05634,real,107,25,29
axg-05635,real,132,29,33
axg-05636,real,124,26,38
axg-05637,real,141,31,37
axg-05638,real,201,45,52
axg-05639,real,159,35,42
axg-05640,real,264,61,69
axg-05641,real,179,42,46
axg-05642,real,251,57,68
axg-05643,real,244,49,58
axg-05644,real,148,31,39
axg-05645,real,195,44,53
axg-05646,real,220,45,49
axg-05647,real,255,57,71
axg-05648,real,165,37,50
axg-05649,real,193,40,53
axg-05650,real,299,61,77
axg-05651,real,181,40,52
axg-05652,real,117,25,31
axg-05653,real,140,29,36
axg-05654,real,91,21,32
axg-05655,real,234,48,70
axg-05656,real,181,39,51
axg-05657,real,155,31,43
axg-05658,real,185,40,57
axg-05659,real,106,25,29
axg-05660,real,110,23,34
axg-05661,real,155,32,49
axg-05662,real,251,49,72
axg-05663,real,156,38,50
axg-05664,real,129,27,37
axg-05665,real,90,21,27
axg-05666,real,182,41,50
axg-05667,real,512,104,133
axg-05668,real,238,52,63
axg-05669,real,258,53,75
axg-05670,real,257,52,70
axg-05671,real,254,52,60
axg-05672,real,207,48,60
axg-05673,real,233,56,66
axg-05674,real,133,31,35
axg-05675,real,183,40,51
axg-05676,real,162,32,48
axg-05677,real,241,49,70
axg-05678,real,188,40,52
axg-05679,real,205,44,56
axg-05680,real,164,36,46
axg-05681,real,125,28,32
axg-05682,real,126,27,33
axg-05683,real,132,25,32
axg-05684,real,164,33,41
axg-05685,real,210,41,50
axg-05686,real,225,48,57
axg-05687,real,129,28,36
axg-05688,real,141,32,36
axg-05689,real,161,39,45
axg-05690,real,251,57,67
axg-05691,real,188,37,55
axg-05692,real,181,38,45
axg-05693,real,102,20,25
axg-05694,real,173,40,49
axg-05695,real,132,29,37
axg-05696,real,269,60,69
axg-05697,real,115,23,32
axg-05698,real,192,41,49
axg-05699,real,182,38,51
axg-05700,real,127,27,34
axg-05701,real,161,33,45
axg-05702,real,208,43,57
axg-05703,real,172,35,44
axg-05704,real,159,37,52
axg-05705,real,149,32,48
axg-05706,real,216,47,55
axg-05707,real,142,32,40
axg-05708,real,120,23,38
axg-05709,real,167,36,48
axg-05710,real,153,36,42
axg-05711,real,115,25,35
axg-05712,real,105,23,29
axg-05713,real,243,52,72
axg-05714,real,172,37,44
axg-05715,real,175,37,46
axg-05716,real,143,31,38
axg-05717,real,206,43,47
axg-05718,real,141,28,37
axg-05719,real,118,27,33
axg-05720,real,140,29,45
axg-05721,real,220,46,60
axg-05722,real,124,28,31
axg-05723,real,117,27,36
axg-05724,real,213,44,58
axg-05725,real,127,28,35
axg-05726,real,84,20,23
axg-05727,real,247,53,59
axg-05728,real,148,33,38
axg-05729,real,241,50,76
axg-05730,real,184,41,49
axg-05731,real,225,52,59
axg-05732,real,189,41,51
axg-05733,real,187,42,46
axg-05734,real,113,23,32
axg-05735,real,200,41,55
axg-05736,real,150,32,38
axg-05737,real,237,53,69
axg-05738,real,93,19,34
axg-05739,real,118,25,34
axg-05740,real,177,37,50
axg-05741,real,73,14,20
axg-05742,real,89,20,25
axg-05743,real,117,25,32
axg-05744,real,176,36,42
axg-05745,real,191,43,55
axg-05746,real,157,31,39
axg-05747,real,171,37,46
axg-05748,real,229,46,60
axg-05749,real,185,41,48
axg-05750,real,105,22,25
axg-05751,real,233,52,66
axg-05752,real,232,50,61
axg-05753,real,180,35,47
axg-05754,real,191,44,54
axg-05755,real,219,46,56
axg-05756,real,233,50,66
axg-05757,real,157,34,40
axg-05758,real,259,54,77
axg-05759,real,186,45,57
axg-05760,real,202,43,53
axg-05761,real,241,51,68
axg-05762,real,181,37,48
axg-05763,real,133,25,36
axg-05764,real,118,24,30
axg-05765,real,88,18,22
axg-05766,real,256,57,74
axg-05767,real,181,39,47
axg-05768,real,123,29,34
axg-05769,real,168,32,41
axg-05770,real,167,34,43
axg-05771,real,257,57,66
axg-05772,real,196,41,61
axg-05773,real,181,37,50
axg-05774,real,91,19,25
axg-05775,real,220,46,60
axg-05776,real,90,21,30
axg-05777,real,200,46,56
axg-05778,real,93,21,25
axg-05779,real,134,30,39
axg-05780,real,90,21,26
axg-05781,real,165,36,41
axg-05782,real,80,17,21
axg-05783,real,292,62,80
axg-05784,real,132,29,40
axg-05785,real,128,25,46
axg-05786,real,152,31,35
axg-05787,real,283,57,77
axg-05788,real,69,15,19
axg-05789,real,270,56,77
axg-05790,real,208,43,54
axg-05791,real,118,24,31
axg-05792,real,112,23,27
axg-05793,real,228,49,65
axg-05794,real,160,35,51
axg-05795,real,248,48,57
axg-05796,real,248,49,58
axg-05797,real,202,46,53
axg-05798,real,99,21,26
axg-05799,real,184,41,48
axg-05800,real,255,54,70
axg-05801,real,251,54,72
axg-05802,real,163,39,46
axg-05803,real,245,54,61
axg-05804,real,266,57,70
axg-05805,real,235,46,53
axg-05806,real,177,40,46
axg-05807,real,181,40,47
axg-05808,real,186,41,55
axg-05809,real,249,53,69
axg-05810,real,327,69,82
axg-05811,real,320,70,87
axg-05812,real,199,40,52
axg-05813,real,210,45,62
axg-05814,real,170,36,48
axg-05815,real,176,37,43
axg-05816,real,187,40,47
axg-05817,real,127,27,30
axg-05818,real,139,31,39
axg-05819,real,166,37,43
axg-05820,real,197,40,56
axg-05821,real,248,58,74
axg-05822,real,151,30,35
axg-05823,real,189,43,56
axg-05824,real,208,42,52
axg-05825,real,207,47,53
axg-05826,real,237,48,57
axg-05827,real,216,49,63
axg-05828,real,218,45,53
axg-05829,real,158,38,44
axg-05830,real,128,27,39
axg-05831,real,133,29,40
axg-05832,real,294,66,81
axg-05833,real,232,50,60
axg-05834,real,204,40,56
axg-05835,real,180,40,52
axg-05836,real,219,50,58
axg-05837,real,164,35,43
axg-05838,real,182,39,53
axg-05839,real,217,48,66
axg-05840,real,128,27,35
axg-05841,real,228,48,64
axg-05842,real,301,68,86
axg-05843,real,199,44,62
axg-05844,real,172,38,44
axg-05845,real,177,39,49
axg-05846,real,193,42,55
axg-05847,real,219,46,57
axg-05848,real,280,62,73
axg-05849,real,300,65,81
axg-05850,real,205,43,55
axg-05851,real,197,42,57
axg-05852,real,173,40,48
axg-05853,real,151,32,36
axg-05854,real,184,40,45
axg-05855,real,272,55,71
axg-05856,real,165,35,41
axg-05857,real,240,50,64
axg-05858,real,204,42,58
axg-05859,real,235,48,71
axg-05860,real,237,49,56
axg-05861,real,234,48,64
axg-05862,real,223,50,66
axg-05863,real,269,54,75
axg-05864,real,197,42,57
axg-05865,real,214,47,56
axg-05866,real,214,47,55
axg-05867,real,179,39,44
axg-05868,real,278,64,81
axg-05869,real,279,62,76
axg-05870,real,207,43,53
axg-05871,real,241,55,71
axg-05872,real,267,57,69
axg-05873,real,245,46,72
axg-05874,real,281,58,74
axg-05875,real,196,43,50
axg-05876,real,235,54,74
axg-05877,real,299,62,76
axg-05878,real,118,24,32
axg-05879,real,216,46,66
axg-05880,real,192,43,56
axg-05881,real,152,32,37
axg-05882,real,242,53,62
axg-05883,real,138,30,37
axg-05884,real,177,40,46
axg-05885,real,250,54,69
axg-05886,real,397,83,108
axg-05887,real,204,41,56
axg-05888,real,254,53,65
axg-05889,real,157,34,41
axg-05890,real,174,39,47
axg-05891,real,124,27,37
axg-05892,real,171,41,56
axg-05893,real,133,26,33
axg-05894,real,159,33,48
axg-05895,real,203,42,57
axg-05896,real,295,60,76
axg-05897,real,243,49,70
axg-05898,real,286,59,73
axg-05899,real,276,58,79
axg-05900,real,204,43,51
axg-05901,real,160,32,51
axg-05902,real,219,47,56
axg-05903,real,195,41,49
axg-05904,real,317,66,84
axg-05905,real,203,42,52
axg-05906,real,191,41,49
axg-05907,real,193,44,52
axg-05908,real,172,38,46
axg-05909,real,136,25,31
axg-05910,real,145,29,37
axg-05911,real,182,41,54
axg-05912,real,201,43,59
axg-05913,real,206,47,59
axg-05914,real,211,44,55
axg-05915,real,165,34,44
axg-05916,real,224,51,54
axg-05917,real,164,33,44
axg-05918,real,259,55,59
axg-05919,real,113,22,35
axg-05920,real,113,25,34
axg-05921,real,168,40,47
axg-05922,real,223,50,61
axg-05923,real,209,44,54
axg-05924,real,386,78,91
axg-05925,real,148,34,47
axg-05926,real,153,30,39
axg-05927,real,210,42,61
axg-05928,real,319,67,92
axg-05929,real,222,51,65
axg-05930,real,192,43,53
axg-05931,real,188,41,50
axg-05932,real,208,47,56
axg-05933,real,270,61,66
axg-05934,real,206,42,52
axg-05935,real,185,40,51
axg-05936,real,200,45,60
axg-05937,real,222,49,63
axg-05938,real,141,29,34
axg-05939,real,249,54,76
axg-05940,real,204,38,47
axg-05941,real,209,42,53
axg-05942,real,264,57,75
axg-05943,real,250,55,69
axg-05944,real,216,52,62
axg-05945,real,223,51,58
axg-05946,real,179,38,57
axg-05947,real,192,40,56
axg-05948,real,194,42,51
axg-05949,real,118,27,33
axg-05950,real,206,46,53
axg-05951,real,190,41,52
axg-05952,real,262,58,77
axg-05953,real,211,45,51
axg-05954,real,267,56,79
axg-05955,real,125,27,36
axg-05956,real,177,40,48
axg-05957,real,197,44,49
axg-05958,real,141,34,41
axg-05959,real,204,47,71
axg-05960,real,286,62,81
axg-05961,real,164,37,41
axg-05962,real,237,50,60
axg-05963,real,147,34,39
axg-05964,real,242,54,65
axg-05965,real,207,44,54
axg-05966,real,126,30,36
axg-05967,real,207,47,65
axg-05968,real,173,37,51
axg-05969,real,120,25,32
axg-05970,real,169,36,48
axg-05971,real,239,49,63
axg-05972,real,263,61,81
axg-05973,real,145,32,46
axg-05974,real,172,38,49
axg-05975,real,293,67,86
axg-05976,real,239,51,62
axg-05977,real,273,57,75
axg-05978,real,232,48,65
axg-05979,real,195,42,55
axg-05980,real,161,34,45
axg-05981,real,200,48,52
axg-05982,real,200,42,56
axg-05983,real,237,51,62
axg-05984,real,267,51,64
axg-05985,real,219,50,58
axg-05986,real,250,54,72
axg-05987,real,242,53,69
axg-05988,real,231,50,68
axg-05989,real,182,41,52
axg-05990,real,213,46,58
axg-05991,real,168,37,48
axg-05992,real,180,38,41
axg-05993,real,184,42,48
axg-05994,real,218,42,54
axg-05995,real,176,40,51
axg-05996,real,237,46,49
axg-05997,real,195,41,51
axg-05998,real,135,30,34
axg-05999,real,203,41,57
axg-06000,real,221,48,57
axg-06001,real,124,28,34
axg-06002,real,237,52,62
axg-06003,real,171,38,47
axg-06004,real,131,32,37
axg-06005,real,312,70,84
axg-06006,real,232,48,62
axg-06007,real,205,41,58
axg-06008,real,201,42,48
axg-06009,real,159,32,39
axg-06010,real,151,31,42
axg-06011,real,222,48,70
axg-06012,real,151,34,42
axg-06013,real,224,50,69
axg-06014,real,280,58,82
axg-06015,real,285,57,79
axg-06016,real,213,43,53
axg-06017,real,327,67,95
axg-06018,real,291,61,82
axg-06019,real,222,47,55
axg-06020,real,242,49,58
axg-06021,real,169,35,45
axg-06022,real,253,52,67
axg-06023,real,230,47,70
axg-06024,real,244,52,62
axg-06025,real,206,45,60
axg-06026,real,252,53,61
axg-06027,real,191,39,47
axg-06028,real,238,49,64
axg-06029,real,230,49,59
axg-06030,real,244,53,65
axg-06031,real,151,36,44
axg-06032,real,223,47,55
axg-06033,real,361,81,94
axg-06034,real,234,52,64
axg-06035,real,232,49,56
axg-06036,real,378,84,100
axg-06037,real,160,35,43
axg-06038,real,208,47,53
axg-06039,real,266,64,73
axg-06040,real,142,29,39
axg-06041,real,232,50,60
axg-06042,real,297,67,81
axg-06043,real,297,65,76
axg-06044,real,279,58,77
axg-06045,real,232,49,57
axg-06046,real,278,61,84
axg-06047,real,153,33,44
axg-06048,real,260,60,78
axg-06049,real,238,49,64
axg-06050,real,296,67,80
axg-06051,real,358,73,95
axg-06052,real,156,31,46
axg-06053,real,136,34,37
axg-06054,real,253,50,62
axg-06055,real,173,37,53
axg-06056,real,286,64,78
axg-06057,real,173,34,45
axg-06058,real,265,62,75
axg-06059,real,209,45,52
axg-06060,real,290,64,82
axg-06061,real,187,43,63
axg-06062,real,156,33,40
axg-06063,real,208,44,58
axg-06064,real,223,49,61
axg-06065,real,278,58,69
axg-06066,real,225,48,56
axg-06067,real,283,62,73
axg-06068,real,188,41,51
axg-06069,real,230,51,64
axg-06070,real,199,40,49
axg-06071,real,245,50,67
axg-06072,real,197,44,49
axg-06073,real,169,34,43
axg-06074,real,188,40,57
axg-06075,real,157,32,50
axg-06076,real,155,34,39
axg-06077,real,149,33,42
axg-06078,real,185,39,52
axg-06079,real,228,47,58
axg-06080,real,283,59,78
axg-06081,real,374,84,105
axg-06082,real,187,36,54
axg-06083,real,198,44,51
axg-06084,real,219,46,54
axg-06085,real,169,38,52
axg-06086,real,185,37,49
axg-06087,real,249,53,76
axg-06088,real,237,48,58
axg-06089,real,192,44,58
axg-06090,real,203,45,53
axg-06091,real,163,36,43
axg-06092,real,246,50,58
axg-06093,real,163,35,41
axg-06094,real,236,51,61
axg-06095,real,157,30,36
axg-06096,real,173,38,48
axg-06097,real,219,52,55
axg-06098,real,256,56,74
axg-06099,real,303,69,81
axg-06100,real,195,40,47
axg-06101,real,269,64,68
axg-06102,real,244,52,66
axg-06103,real,133,28,36
axg-06104,real,212,46,54
axg-06105,real,177,39,51
axg-06106,real,250,55,66
axg-06107,real,196,47,54
axg-06108,real,233,52,65
axg-06109,real,135,30,40
axg-06110,real,231,46,57
axg-06111,real,162,37,45
axg-06112,real,161,35,42
axg-06113,real,232,47,66
axg-06114,real,197,39,64
axg-06115,real,298,65,73
axg-06116,real,211,44,51
axg-06117,real,210,43,48
axg-06118,real,285,62,79
axg-06119,real,104,20,28
axg-06120,real,216,46,73
axg-06121,real,254,53,60
axg-06122,real,135,29,37
axg-06123,real,185,38,53
axg-06124,real,170,34,45
axg-06125,real,136,30,43
axg-06126,real,169,36,47
axg-06127,real,210,45,56
axg-06128,real,273,56,69
axg-06129,real,317,71,82
axg-06130,real,181,39,51
axg-06131,real,243,53,61
axg-06132,real,212,44,54
axg-06133,real,194,41,52
axg-06134,real,168,35,46
axg-06135,real,168,35,47
axg-06136,real,207,49,58
axg-06137,real,365,76,100
axg-06138,real,258,59,72
axg-06139,real,205,40,53
axg-06140,real,148,31,39
axg-06141,real,148,32,44
axg-06142,real,287,59,69
axg-06143,real,217,46,63
axg-06144,real,208,46,53
axg-06145,real,206,43,53
axg-06146,real,164,33,49
axg-06147,real,181,40,50
axg-06148,real,154,36,42
axg-06149,real,96,20,28
axg-06150,real,267,56,72
axg-06151,real,208,47,57
axg-06152,real,225,44,69
axg-06153,real,141,29,37
axg-06154,real,163,33,43
axg-06155,real,209,45,52
axg-06156,real,246,52,58
axg-06157,real,224,53,59
axg-06158,real,219,46,67
axg-06159,real,270,54,75
axg-06160,real,230,45,64
axg-06161,real,235,52,61
axg-06162,real,272,60,73
axg-06163,real,196,44,53
axg-06164,real,250,53,75
axg-06165,real,219,47,71
axg-06166,real,251,50,71
axg-06167,real,168,36,49
axg-06168,real,171,34,46
axg-06169,real,186,40,52
axg-06170,real,195,41,54
axg-06171,real,190,37,52
axg-06172,real,319,74,90
axg-06173,real,149,33,43
axg-06174,real,306,68,79
axg-06175,real,266,58,68
axg-06176,real,237,56,70
axg-06177,real,225,45,62
axg-06178,real,181,40,50
axg-06179,real,327,67,87
axg-06180,real,213,47,61
axg-06181,real,167,37,45
axg-06182,real,217,48,60
axg-06183,real,225,49,61
axg-06184,real,128,27,33
axg-06185,real,175,39,47
axg-06186,real,253,56,68
axg-06187,real,189,41,58
axg-06188,real,238,51,68
axg-06189,real,188,40,46
axg-06190,real,205,46,56
axg-06191,real,284,63,84
axg-06192,real,281,61,77
axg-06193,real,175,36,40
axg-06194,real,216,47,57
axg-06195,real,198,44,49
axg-06196,real,210,43,51
axg-06197,real,286,60,88
axg-06198,real,161,36,43
axg-06199,real,153,36,43
axg-06200,real,310,70,80
axg-06201,real,318,68,78
axg-06202,real,173,37,43
axg-06203,real,245,50,61
axg-06204,real,254,55,67
axg-06205,real,232,45,70
axg-06206,real,223,50,61
axg-06207,real,239,49,55
axg-06208,real,128,25,32
axg-06209,real,203,51,59
axg-06210,real,162,40,43
axg-06211,real,294,67,85
axg-06212,real,280,60,72
axg-06213,real,162,36,45
axg-06214,real,213,47,54
axg-06215,real,298,68,79
axg-06216,real,141,32,37
axg-06217,real,151,30,35
axg-06218,real,220,48,55
axg-06219,real,212,48,51
axg-06220,real,193,44,59
axg-06221,real,152,31,38
axg-06222,real,185,38,47
axg-06223,real,223,48,52
axg-06224,real,150,30,35
axg-06225,real,199,44,51
axg-06226,real,139,30,36
axg-06227,real,189,41,43
axg-06228,real,292,65,76
axg-06229,real,242,47,76
axg-06230,real,246,50,53
axg-06231,real,190,38,42
axg-06232,real,182,36,48
axg-06233,real,173,39,44
axg-06234,real,206,42,47
axg-06235,real,321,62,95
axg-06236,real,216,41,64
axg-06237,real,182,37,46
axg-06238,real,131,29,35
axg-06239,real,275,55,68
axg-06240,real,237,50,62
axg-06241,real,198,42,48
axg-06242,real,177,39,44
axg-06243,real,233,53,72
axg-06244,real,196,42,57
axg-06245,real,267,61,80
axg-06246,real,199,45,51
axg-06247,real,179,39,46
axg-06248,real,129,28,35
axg-06249,real,199,40,49
axg-06250,real,174,37,54
axg-06251,real,280,62,71
axg-06252,real,243,56,70
axg-06253,real,149,31,36
axg-06254,real,188,41,46
axg-06255,real,179,36,53
axg-06256,real,215,43,56
axg-06257,real,185,37,48
axg-06258,real,216,44,58
axg-06259,real,159,32,39
axg-06260,real,229,50,59
axg-06261,real,195,43,53
axg-06262,real,389,83,118
axg-06263,real,314,67,82
axg-06264,real,234,51,68
axg-06265,real,219,43,65
axg-06266,real,196,43,55
axg-06267,real,217,45,62
axg-06268,real,235,52,66
axg-06269,real,367,80,98
axg-06270,real,264,54,68
axg-06271,real,133,29,33
axg-06272,real,272,58,72
axg-06273,real,235,52,69
axg-06274,real,294,67,79
axg-06275,real,190,42,53
axg-06276,real,275,60,76
axg-06277,real,175,36,53
axg-06278,real,246,53,67
axg-06279,real,184,42,56
axg-06280,real,217,47,69
axg-06281,real,241,52,78
axg-06282,real,245,55,72
axg-06283,real,264,57,65
axg-06284,real,190,42,47
axg-06285,real,193,44,52
axg-06286,real,261,59,71
axg-06287,real,234,49,62
axg-06288,real,238,53,64
axg-06289,real,154,36,45
axg-06290,real,204,48,58
axg-06291,real,161,34,40
axg-06292,real,175,37,47
axg-06293,real,195,43,52
axg-06294,real,249,54,65
axg-06295,real,276,60,72
axg-06296,real,142,28,36
axg-06297,real,166,36,46
axg-06298,real,289,63,74
axg-06299,real,303,68,83
axg-06300,real,196,46,58
axg-06301,real,211,45,61
axg-06302,real,147,33,40
axg-06303,real,116,24,31
axg-06304,real,132,30,36
axg-06305,real,110,25,29
axg-06306,real,175,38,52
axg-06307,real,125,25,33
axg-06308,real,151,30,40
axg-06309,real,184,37,47
axg-06310,real,107,23,31
axg-06311,real,159,35,45
axg-06312,real,292,64,89
axg-06313,real,272,65,78
axg-06314,real,144,30,39
axg-06315,real,157,31,41
axg-06316,real,162,35,46
axg-06317,real,220,42,56
axg-06318,real,234,50,67
axg-06319,real,224,50,60
axg-06320,real,191,41,49
axg-06321,real,257,60,71
axg-06322,real,219,52,58
axg-06323,real,214,41,55
axg-06324,real,183,37,54
axg-06325,real,221,45,67
axg-06326,real,134,29,33
axg-06327,real,207,46,52
axg-06328,real,171,40,45
axg-06329,real,171,33,43
axg-06330,real,196,41,52
axg-06331,real,175,38,47
axg-06332,real,235,48,63
axg-06333,real,233,52,61
axg-06334,real,299,62,74
axg-06335,real,202,42,49
axg-06336,real,222,49,62
axg-06337,real,209,44,54
axg-06338,real,311,68,86
axg-06339,real,194,42,46
axg-06340,real,150,30,47
axg-06341,real,182,36,45
axg-06342,real,196,42,48
axg-06343,real,209,48,62
axg-06344,real,175,39,55
axg-06345,real,218,40,51
axg-06346,real,225,46,58
axg-06347,real,413,86,115
axg-06348,real,189,42,64
axg-06349,real,212,47,63
axg-06350,real,239,44,70
axg-06351,real,108,24,32
axg-06352,real,220,44,54
axg-06353,real,273,59,69
axg-06354,real,258,56,79
axg-06355,real,153,33,45
axg-06356,real,244,51,64
axg-06357,real,242,54,68
axg-06358,real,165,39,45
axg-06359,real,259,54,83
axg-06360,real,288,58,76
axg-06361,real,229,47,57
axg-06362,real,228,49,57
axg-06363,real,179,38,50
axg-06364,real,305,65,78
axg-06365,real,226,48,62
axg-06366,real,262,57,66
axg-06367,real,169,37,50
axg-06368,real,68,15,24
axg-06369,real,281,60,80
axg-06370,real,191,45,59
axg-06371,real,254,56,65
axg-06372,real,152,33,41
axg-06373,real,107,25,35
axg-06374,real,239,54,77
axg-06375,real,174,43,49
axg-06376,real,197,38,62
axg-06377,real,154,33,44
axg-06378,real,134,29,44
axg-06379,real,195,48,59
axg-06380,real,189,35,59
axg-06381,real,93,20,34
axg-06382,real,75,16,22
axg-06383,real,77,16,22
axg-06384,real,223,48,65
axg-06385,real,118,23,34
axg-06386,real,118,24,33
axg-06387,real,219,44,64
axg-06388,real,105,22,31
axg-06389,real,236,48,67
axg-06390,real,236,46,61
axg-06391,real,155,36,44
axg-06392,real,148,33,41
axg-06393,real,149,34,49
axg-06394,real,229,53,67
axg-06395,real,232,49,64
axg-06396,real,209,45,53
axg-06397,real,123,25,34
axg-06398,real,252,55,65
axg-06399,real,236,48,73
axg-06400,real,260,53,73
axg-06401,real,170,39,49
axg-06402,real,172,36,55
axg-06403,real,209,40,55
axg-06404,real,139,31,40
axg-06405,real,250,57,73
axg-06406,real,195,52,58
axg-06407,real,150,30,46
axg-06408,real,171,37,49
axg-06409,real,145,27,44
axg-06410,real,185,37,53
axg-06411,real,205,42,56
axg-06412,real,133,30,36
axg-06413,real,191,39,52
axg-06414,real,76,17,19
axg-06415,real,197,42,56
axg-06416,real,97,22,27
axg-06417,real,165,36,50
axg-06418,real,124,25,43
axg-06419,real,178,38,57
axg-06420,real,152,33,49
axg-06421,real,181,39,58
axg-06422,real,98,17,31
axg-06423,real,183,40,50
axg-06424,real,189,41,51
axg-06425,real,153,34,52
axg-06426,real,160,34,48
axg-06427,real,88,19,27
axg-06428,real,124,25,36
axg-06429,real,86,18,27
axg-06430,real,159,34,43
axg-06431,real,284,62,79
axg-06432,real,251,52,66
axg-06433,real,253,52,72
axg-06434,real,196,42,49
axg-06435,real,151,33,41
axg-06436,real,196,40,54
axg-06437,real,208,47,61
axg-06438,real,212,42,61
axg-06439,real,200,41,54
axg-06440,real,122,27,32
axg-06441,real,169,36,45
axg-06442,real,136,30,39
axg-06443,real,232,49,68
axg-06444,real,201,41,56
axg-06445,real,99,24,32
axg-06446,real,91,18,25
axg-06447,real,197,42,66
axg-06448,real,254,56,66
axg-06449,real,237,47,74
axg-06450,real,293,64,87
axg-06451,real,139,29,40
axg-06452,real,223,48,67
axg-06453,real,90,17,26
axg-06454,real,156,33,37
axg-06455,real,203,43,55
axg-06456,real,188,40,51
axg-06457,real,85,20,24
axg-06458,real,228,48,72
axg-06459,real,195,41,53
axg-06460,real,168,36,46
axg-06461,real,164,38,45
axg-06462,real,236,51,64
axg-06463,real,187,41,54
axg-06464,real,191,41,51
axg-06465,real,268,59,81
axg-06466,real,236,49,66
axg-06467,real,206,44,54
axg-06468,real,95,21,30
axg-06469,real,104,23,32
axg-06470,real,248,54,67
axg-06471,real,247,56,66
axg-06472,real,252,54,61
axg-06473,real,272,59,77
axg-06474,real,196,42,55
axg-06475,real,229,48,64
axg-06476,real,116,25,36
axg-06477,real,264,57,76
axg-06478,real,187,39,54
axg-06479,real,169,37,53
axg-06480,real,125,29,38
axg-06481,real,242,51,78
axg-06482,real,133,28,46
axg-06483,real,226,57,65
axg-06484,real,192,43,49
axg-06485,real,103,23,27
axg-06486,real,95,23,31
axg-06487,real,158,34,41
axg-06488,real,82,19,28
axg-06489,real,65,13,17
axg-06490,real,178,38,43
axg-06491,real,207,44,50
axg-06492,real,220,49,59
axg-06493,real,147,34,47
axg-06494,real,212,43,66
axg-06495,real,184,36,51
axg-06496,real,142,31,42
axg-06497,real,254,55,67
axg-06498,real,172,36,45
axg-06499,real,88,16,25
axg-06500,real,126,27,38
axg-06501,real,138,28,37
axg-06502,real,239,51,65
axg-06503,real,190,43,57
axg-06504,real,106,23,35
axg-06505,real,148,34,46
axg-06506,real,204,44,57
axg-06507,real,202,45,58
axg-06508,real,209,45,53
axg-06509,real,206,44,57
axg-06510,real,249,50,70
axg-06511,real,193,41,53
axg-06512,real,111,24,35
axg-06513,real,90,20,24
axg-06514,real,236,52,71
axg-06515,real,284,60,80
axg-06516,real,135,28,42
axg-06517,real,128,27,37
axg-06518,real,67,15,23
axg-06519,real,197,45,57
axg-06520,real,206,45,57
axg-06521,real,250,54,71
axg-06522,real,58,13,21
axg-06523,real,150,34,49
axg-06524,real,215,44,74
axg-06525,real,114,23,34
axg-06526,real,220,45,56
axg-06527,real,84,17,20
axg-06528,real,254,54,65
axg-06529,real,219,48,51
axg-06530,real,103,22,26
axg-06531,real,113,25,31
axg-06532,real,66,13,19
axg-06533,real,213,51,61
axg-06534,real,246,48,76
axg-06535,real,215,46,52
axg-06536,real,107,22,28
axg-06537,real,222,43,55
axg-06538,real,67,12,16
axg-06539,real,100,24,27
axg-06540,real,110,24,32
axg-06541,real,177,39,42
axg-06542,real,71,15,18
axg-06543,real,178,38,48
axg-06544,real,106,22,31
axg-06545,real,215,46,60
axg-06546,real,221,46,56
axg-06547,real,123,25,28
axg-06548,real,82,16,22
axg-06549,real,224,48,61
axg-06550,real,197,42,53
axg-06551,real,124,26,36
axg-06552,real,231,49,64
axg-06553,real,136,31,36
axg-06554,real,186,38,52
axg-06555,real,256,55,73
axg-06556,real,106,22,32
axg-06557,real,181,42,54
axg-06558,real,258,53,63
axg-06559,real,177,36,52
axg-06560,real,186,35,53
axg-06561,real,142,29,43
axg-06562,real,162,36,56
axg-06563,real,81,16,21
axg-06564,real,220,51,67
axg-06565,real,214,49,61
axg-06566,real,200,45,55
axg-06567,real,219,49,63
axg-06568,real,211,48,60
axg-06569,real,123,29,35
axg-06570,real,143,28,39
axg-06571,real,156,34,47
axg-06572,real,182,38,58
axg-06573,real,166,33,48
axg-06574,real,65,12,25
axg-06575,real,176,36,45
axg-06576,real,132,28,34
axg-06577,real,249,55,69
axg-06578,real,185,41,53
axg-06579,real,126,29,40
axg-06580,real,120,23,35
axg-06581,real,176,39,49
axg-06582,real,229,49,63
axg-06583,real,270,57,77
axg-06584,real,175,39,55
axg-06585,real,151,31,48
axg-06586,real,98,19,25
axg-06587,real,139,30,42
axg-06588,real,160,33,50
axg-06589,real,254,53,86
axg-06590,real,120,26,40
axg-06591,real,115,28,35
axg-06592,real,166,35,54
axg-06593,real,148,32,40
axg-06594,real,246,50,77
axg-06595,real,169,37,54
axg-06596,real,254,55,69
axg-06597,real,131,29,40
axg-06598,real,77,17,24
axg-06599,real,228,51,63
axg-06600,real,126,24,33
axg-06601,real,140,31,38
axg-06602,real,243,53,64
axg-06603,real,236,49,66
axg-06604,real,155,32,44
axg-06605,real,200,40,58
axg-06606,real,94,20,28
axg-06607,real,199,42,58
axg-06608,real,185,39,56
axg-06609,real,234,53,67
axg-06610,real,195,42,61
axg-06611,real,173,38,50
axg-06612,real,204,44,63
axg-06613,real,238,47,64
axg-06614,real,208,44,68
axg-06615,real,231,48,69
axg-06616,real,94,19,28
axg-06617,real,259,56,69
axg-06618,real,204,44,62
axg-06619,real,230,46,60
axg-06620,real,156,36,39
axg-06621,real,111,22,30
axg-06622,real,257,54,79
axg-06623,real,153,35,38
axg-06624,real,195,45,61
axg-06625,real,132,28,38
axg-06626,real,133,32,45
axg-06627,real,107,24,35
axg-06628,real,196,41,65
axg-06629,real,167,38,52
axg-06630,real,162,30,44
axg-06631,real,184,39,54
axg-06632,real,272,61,83
axg-06633,real,135,30,45
axg-06634,real,257,55,71
axg-06635,real,172,34,46
axg-06636,real,226,48,61
axg-06637,real,267,60,82
axg-06638,real,168,36,46
axg-06639,real,145,31,39
axg-06640,real,99,20,32
axg-06641,real,235,51,72
axg-06642,real,111,24,30
axg-06643,real,160,33,52
axg-06644,real,282,59,72
axg-06645,real,199,42,55
axg-06646,real,155,32,44
axg-06647,real,194,42,63
axg-06648,real,119,25,29
axg-06649,real,113,25,30
axg-06650,real,157,32,48
axg-06651,real,186,41,53
axg-06652,real,156,31,43
axg-06653,real,164,35,44
axg-06654,real,138,31,41
axg-06655,real,185,37,61
axg-06656,real,241,50,69
axg-06657,real,96,20,30
axg-06658,real,222,49,63
axg-06659,real,216,49,65
axg-06660,real,99,21,33
axg-06661,real,223,48,65
axg-06662,real,187,40,60
axg-06663,real,191,41,57
axg-06664,real,191,40,55
axg-06665,real,133,27,35
axg-06666,real,155,33,47
axg-06667,real,207,45,67
axg-06668,real,229,48,63
axg-06669,real,85,18,21
axg-06670,real,251,54,78
axg-06671,real,220,45,65
axg-06672,real,125,25,35
axg-06673,real,160,33,37
axg-06674,real,236,52,60
axg-06675,real,95,18,24
axg-06676,real,240,50,60
axg-06677,real,165,37,45
axg-06678,real,202,42,54
axg-06679,real,164,34,44
axg-06680,real,164,35,43
axg-06681,real,258,57,71
axg-06682,real,157,31,39
axg-06683,real,147,29,37
axg-06684,real,217,49,56
axg-06685,real,181,42,52
axg-06686,real,204,46,58
axg-06687,real,199,38,54
axg-06688,real,112,26,35
axg-06689,real,145,33,43
axg-06690,real,264,58,74
axg-06691,real,280,57,79
axg-06692,real,189,39,49
axg-06693,real,227,50,60
axg-06694,real,156,34,46
axg-06695,real,178,42,52
axg-06696,real,108,23,25
axg-06697,real,232,46,66
axg-06698,real,229,46,55
axg-06699,real,242,53,76
axg-06700,real,249,54,61
axg-06701,real,152,35,50
axg-06702,real,205,43,56
axg-06703,real,247,57,67
axg-06704,real,86,19,28
axg-06705,real,245,48,68
axg-06706,real,152,34,46
axg-06707,real,207,41,51
axg-06708,real,118,24,31
axg-06709,real,65,15,24
axg-06710,real,155,31,48
axg-06711,real,264,56,78
axg-06712,real,141,29,40
axg-06713,real,179,34,57
axg-06714,real,206,49,64
axg-06715,real,207,45,55
axg-06716,real,185,35,48
axg-06717,real,67,15,20
axg-06718,real,173,37,53
axg-06719,real,94,21,28
axg-06720,real,181,40,47
axg-06721,real,165,31,43
axg-06722,real,210,44,57
axg-06723,real,57,11,17
axg-06724,real,154,31,47
axg-06725,real,121,27,37
axg-06726,real,145,36,44
axg-06727,real,168,35,51
axg-06728,real,147,31,44
axg-06729,real,174,37,58
axg-06730,real,200,43,61
axg-06731,real,159,34,45
axg-06732,real,74,15,19
axg-06733,real,277,60,72
axg-06734,real,221,48,66
axg-06735,real,116,23,33
axg-06736,real,67,13,23
axg-06737,real,233,49,61
axg-06738,real,189,39,50
axg-06739,real,121,27,34
axg-06740,real,154,33,39
axg-06741,real,239,50,73
axg-06742,real,208,47,62
axg-06743,real,121,26,33
axg-06744,real,155,28,46
axg-06745,real,251,55,84
axg-06746,real,130,29,41
axg-06747,real,240,52,69
axg-06748,real,259,54,74
axg-06749,real,215,50,62
axg-06750,real,119,22,32
axg-06751,real,159,37,45
axg-06752,real,123,25,36
axg-06753,real,195,41,63
axg-06754,real,134,31,39
axg-06755,real,191,42,55
axg-06756,real,137,30,44
axg-06757,real,149,31,49
axg-06758,real,184,35,64
axg-06759,real,134,27,32
axg-06760,real,166,34,47
axg-06761,real,70,14,28
axg-06762,real,233,53,67
axg-06763,real,155,31,35
axg-06764,real,90,18,21
axg-06765,real,139,33,43
axg-06766,real,112,27,33
axg-06767,real,173,37,47
axg-06768,real,250,49,80
axg-06769,real,167,35,45
axg-06770,real,100,23,27
axg-06771,real,159,33,47
axg-06772,real,117,26,31
axg-06773,real,208,40,61
axg-06774,real,269,56,72
axg-06775,real,230,49,72
axg-06776,real,166,31,46
axg-06777,real,172,36,44
axg-06778,real,220,53,63
axg-06779,real,231,48,56
axg-06780,real,103,21,29
axg-06781,real,173,37,45
axg-06782,real,221,45,65
axg-06783,real,251,51,79
axg-06784,real,220,46,56
axg-06785,real,212,47,60
axg-06786,real,211,44,55
axg-06787,real,224,47,64
axg-06788,real,221,45,58
axg-06789,real,159,33,47
axg-06790,real,186,37,59
axg-06791,real,271,60,88
axg-06792,real,78,20,25
axg-06793,real,246,51,66
axg-06794,real,81,18,24
axg-06795,real,218,47,60
axg-06796,real,201,43,55
axg-06797,real,223,48,65
axg-06798,real,208,41,56
axg-06799,real,146,31,40
axg-06800,real,157,32,50
axg-06801,real,25,6,9
axg-06802,real,150,33,46
axg-06803,real,84,18,25
axg-06804,real,56,13,19
axg-06805,real,189,43,53
axg-06806,real,156,33,44
axg-06807,real,82,17,23
axg-06808,real,160,38,43
axg-06809,real,221,47,61
axg-06810,real,154,32,49
axg-06811,real,88,18,27
axg-06812,real,174,37,54
axg-06813,real,157,32,48
axg-06814,real,178,37,46
axg-06815,real,241,50,65
axg-06816,real,193,39,49
axg-06817,real,264,58,80
axg-06818,real,126,26,36
axg-06819,real,123,28,38
axg-06820,real,116,23,28
axg-06821,real,173,36,57
axg-06822,real,242,53,68
axg-06823,real,307,64,87
axg-06824,real,180,37,46
axg-06825,real,85,19,22
axg-06826,real,188,38,55
axg-06827,real,161,35,45
axg-06828,real,115,25,29
axg-06829,real,238,52,64
axg-06830,real,234,51,57
axg-06831,real,248,55,65
axg-06832,real,89,20,26
axg-06833,real,199,46,58
axg-06834,real,141,27,41
axg-06835,real,132,28,40
axg-06836,real,103,22,29
axg-06837,real,136,29,39
axg-06838,real,196,40,56
axg-06839,real,170,38,46
axg-06840,real,143,27,36
axg-06841,real,131,29,38
axg-06842,real,248,51,65
axg-06843,real,179,37,48
axg-06844,real,187,40,55
axg-06845,real,234,47,63
axg-06846,real,156,30,37
axg-06847,real,154,30,42
axg-06848,real,109,22,27
axg-06849,real,66,15,18
axg-06850,real,182,37,47
axg-06851,real,171,39,60
axg-06852,real,91,19,25
axg-06853,real,218,45,66
axg-06854,real,192,40,51
axg-06855,real,227,46,58
axg-06856,real,130,27,41
axg-06857,real,96,22,28
axg-06858,real,228,48,67
axg-06859,real,101,24,34
axg-06860,real,160,38,45
axg-06861,real,257,58,73
axg-06862,real,163,33,49
axg-06863,real,201,43,60
axg-06864,real,115,24,35
axg-06865,real,191,42,60
axg-06866,real,209,42,56
axg-06867,real,204,44,55
axg-06868,real,256,57,75
axg-06869,real,91,21,24
axg-06870,real,146,30,46
axg-06871,real,178,38,48
axg-06872,real,136,28,37
axg-06873,real,127,26,37
axg-06874,real,245,48,85
axg-06875,real,187,36,57
axg-06876,real,179,37,49
axg-06877,real,102,21,30
axg-06878,real,198,44,54
axg-06879,real,224,46,64
axg-06880,real,185,41,55
axg-06881,real,203,41,62
axg-06882,real,179,34,56
axg-06883,real,221,47,61
axg-06884,real,235,42,85
axg-06885,real,126,26,39
axg-06886,real,179,40,54
axg-06887,real,130,26,34
axg-06888,real,199,43,56
axg-06889,real,188,43,53
axg-06890,real,276,61,75
axg-06891,real,137,27,42
axg-06892,real,150,32,41
axg-06893,real,138,28,37
axg-06894,real,160,32,58
axg-06895,real,182,37,55
axg-06896,real,143,25,45
axg-06897,real,229,52,59
axg-06898,real,164,34,40
axg-06899,real,120,25,34
axg-06900,real,86,21,30
axg-06901,real,123,24,40
axg-06902,real,148,34,46
axg-06903,real,236,53,69
axg-06904,real,230,48,58
axg-06905,real,201,44,62
axg-06906,real,75,15,25
axg-06907,real,168,35,40
axg-06908,real,256,53,68
axg-06909,real,152,27,33
axg-06910,real,146,31,35
axg-06911,real,177,37,50
axg-06912,real,139,32,46
axg-06913,real,148,33,48
axg-06914,real,310,66,79
axg-06915,real,114,27,31
axg-06916,real,223,44,61
axg-06917,real,218,43,69
axg-06918,real,180,37,54
axg-06919,real,280,56,70
axg-06920,real,181,39,43
axg-06921,real,56,10,21
axg-06922,real,257,53,62
axg-06923,real,238,47,67
axg-06924,real,243,51,63
axg-06925,real,253,58,75
axg-06926,real,165,36,42
axg-06927,real,90,20,25
axg-06928,real,246,52,67
axg-06929,real,125,25,31
axg-06930,real,284,59,73
axg-06931,real,161,32,41
axg-06932,real,126,28,33
axg-06933,real,201,41,57
axg-06934,real,66,14,18
axg-06935,real,98,21,35
axg-06936,real,136,31,36
axg-06937,real,197,41,57
axg-06938,real,263,53,71
axg-06939,real,255,55,80
axg-06940,real,90,19,25
axg-06941,real,123,27,32
axg-06942,real,156,36,47
axg-06943,real,151,31,43
axg-06944,real,260,53,65
axg-06945,real,548,117,149
axg-06946,real,181,36,53
axg-06947,real,201,43,61
axg-06948,real,205,46,63
axg-06949,real,88,20,24
axg-06950,real,161,37,42
axg-06951,real,152,35,42
axg-06952,real,135,29,52
axg-06953,real,227,45,69
axg-06954,real,213,48,74
axg-06955,real,163,32,49
axg-06956,real,157,31,41
axg-06957,real,169,37,49
axg-06958,real,205,45,65
axg-06959,real,172,36,45
axg-06960,real,172,36,43
axg-06961,real,95,23,26
axg-06962,real,142,27,31
axg-06963,real,164,37,46
axg-06964,real,81,15,21
axg-06965,real,189,43,54
axg-06966,real,259,53,64
axg-06967,real,115,21,33
axg-06968,real,236,51,68
axg-06969,real,88,19,23
axg-06970,real,219,44,63
axg-06971,real,111,23,28
axg-06972,real,186,39,52
axg-06973,real,205,42,57
axg-06974,real,148,30,43
axg-06975,real,265,54,75
axg-06976,real,274,58,73
axg-06977,real,163,33,51
axg-06978,real,189,42,53
axg-06979,real,190,41,60
axg-06980,real,147,30,43
axg-06981,real,106,22,31
axg-06982,real,112,25,30
axg-06983,real,102,23,32
axg-06984,real,161,36,47
axg-06985,real,96,21,25
axg-06986,real,91,20,25
axg-06987,real,189,40,49
axg-06988,real,113,25,32
axg-06989,real,183,39,50
axg-06990,real,213,42,68
axg-06991,real,110,24,37
axg-06992,real,90,18,25
axg-06993,real,142,27,31
axg-06994,real,249,46,71
axg-06995,real,80,16,21
axg-06996,real,65,14,19
axg-06997,real,155,35,44
axg-06998,real,103,23,32
axg-06999,real,161,30,41
axg-07000,real,149,35,50
axg-07001,real,264,55,68
axg-07002,real,166,36,61
axg-07003,real,223,46,60
axg-07004,real,209,44,54
axg-07005,real,259,53,71
axg-07006,real,199,41,56
axg-07007,real,214,46,58
axg-07008,real,134,30,37
axg-07009,real,278,59,76
axg-07010,real,170,38,51
axg-07011,real,151,36,45
axg-07012,real,36,7,11
axg-07013,real,73,15,21
axg-07014,real,124,27,33
axg-07015,real,159,36,49
axg-07016,real,139,26,54
axg-07017,real,195,41,54
axg-07018,real,205,46,64
axg-07019,real,164,36,43
axg-07020,real,152,35,46
axg-07021,real,101,21,30
axg-07022,real,182,42,52
axg-07023,real,160,34,48
axg-07024,real,134,28,39
axg-07025,real,273,56,78
axg-07026,real,151,32,43
axg-07027,real,92,20,32
axg-07028,real,157,32,49
axg-07029,real,118,25,32
axg-07030,real,224,49,53
axg-07031,real,109,22,24
axg-07032,real,115,27,34
axg-07033,real,237,47,72
axg-07034,real,147,31,44
axg-07035,real,278,57,80
axg-07036,real,222,51,62
axg-07037,real,168,36,50
axg-07038,real,222,47,65
axg-07039,real,85,17,25
axg-07040,real,139,25,36
axg-07041,real,148,30,41
axg-07042,real,179,38,54
axg-07043,real,241,46,71
axg-07044,real,207,43,59
axg-07045,real,190,40,51
axg-07046,real,135,29,47
axg-07047,real,231,47,69
axg-07048,real,175,36,44
axg-07049,real,121,27,31
axg-07050,real,206,39,66
axg-07051,real,122,27,32
axg-07052,real,194,38,56
axg-07053,real,292,62,77
axg-07054,real,242,49,64
axg-07055,real,182,36,47
axg-07056,real,184,41,50
axg-07057,real,242,53,67
axg-07058,real,221,49,64
axg-07059,real,198,43,52
axg-07060,real,211,42,57
axg-07061,real,124,27,43
axg-07062,real,174,39,52
axg-07063,real,185,37,49
axg-07064,real,92,20,29
axg-07065,real,167,36,52
axg-07066,real,152,35,47
axg-07067,real,201,43,59
axg-07068,real,187,42,57
axg-07069,real,117,22,41
axg-07070,real,149,33,49
axg-07071,real,239,51,68
axg-07072,real,119,28,37
axg-07073,real,205,44,56
axg-07074,real,191,42,65
axg-07075,real,228,50,75
axg-07076,real,84,19,26
axg-07077,real,144,28,52
axg-07078,real,170,38,54
axg-07079,real,203,43,63
axg-07080,real,229,50,71
axg-07081,real,179,37,62
axg-07082,real,99,22,28
axg-07083,real,125,28,45
axg-07084,real,204,48,59
axg-07085,real,288,58,77
axg-07086,real,62,15,19
axg-07087,real,97,20,26
axg-07088,real,273,60,69
axg-07089,real,241,49,74
axg-07090,real,168,35,45
axg-07091,real,140,29,37
axg-07092,real,216,42,63
axg-07093,real,188,39,47
axg-07094,real,88,21,25
axg-07095,real,203,39,54
axg-07096,real,198,42,54
axg-07097,real,144,31,33
axg-07098,real,93,18,27
axg-07099,real,173,36,50
axg-07100,real,243,53,67
axg-07101,real,194,44,49
axg-07102,real,191,43,48
axg-07103,real,183,40,53
axg-07104,real,258,56,72
axg-07105,real,121,25,31
axg-07106,real,239,53,66
axg-07107,real,198,43,53
axg-07108,real,163,36,46
axg-07109,real,93,21,28
axg-07110,real,238,52,66
axg-07111,real,163,32,43
axg-07112,real,159,31,45
axg-07113,real,135,29,41
axg-07114,real,280,63,79
axg-07115,real,259,58,74
axg-07116,real,106,21,30
axg-07117,real,244,51,70
axg-07118,real,241,52,62
axg-07119,real,164,38,45
axg-07120,real,105,22,27
axg-07121,real,112,24,28
axg-07122,real,307,64,92
axg-07123,real,189,39,60
axg-07124,real,38,8,11
axg-07125,real,174,36,45
axg-07126,real,123,27,34
axg-07127,real,87,21,25
axg-07128,real,283,59,74
axg-07129,real,250,56,63
axg-07130,real,63,10,19
axg-07131,real,156,34,45
axg-07132,real,254,55,69
axg-07133,real,100,23,29
axg-07134,real,183,37,51
axg-07135,real,178,39,45
axg-07136,real,100,20,30
axg-07137,real,135,27,41
axg-07138,real,133,29,37
axg-07139,real,284,60,74
axg-07140,real,185,39,46
axg-07141,real,183,42,52
axg-07142,real,156,33,41
axg-07143,real,88,20,25
axg-07144,real,77,18,22
axg-07145,real,215,43,62
axg-07146,real,242,49,69
axg-07147,real,586,123,155
axg-07148,real,209,44,52
axg-07149,real,245,54,70
axg-07150,real,166,38,47
axg-07151,real,124,30,37
axg-07152,real,296,64,79
axg-07153,real,137,29,38
axg-07154,real,161,36,41
axg-07155,real,262,56,78
axg-07156,real,148,33,43
axg-07157,real,247,52,82
axg-07158,real,124,27,46
axg-07159,real,136,32,40
axg-07160,real,162,38,45
axg-07161,real,232,55,75
axg-07162,real,159,35,49
axg-07163,real,194,44,66
axg-07164,real,122,25,37
axg-07165,real,238,49,66
axg-07166,real,112,24,33
axg-07167,real,64,13,23
axg-07168,real,125,28,34
axg-07169,real,213,44,70
axg-07170,real,223,45,73
axg-07171,real,162,35,46
axg-07172,real,135,28,37
axg-07173,real,232,51,65
axg-07174,real,162,34,45
axg-07175,real,114,23,35
axg-07176,real,175,39,43
axg-07177,real,206,46,59
axg-07178,real,142,30,43
axg-07179,real,284,60,72
axg-07180,real,174,41,48
axg-07181,real,213,44,61
axg-07182,real,50,11,18
axg-07183,real,188,43,49
axg-07184,real,177,37,56
axg-07185,real,106,23,30
axg-07186,real,182,43,49
axg-07187,real,162,34,41
axg-07188,real,167,38,53
axg-07189,real,168,37,44
axg-07190,real,235,53,65
axg-07191,real,250,55,72
axg-07192,real,234,51,65
axg-07193,real,228,50,56
axg-07194,real,205,44,58
axg-07195,real,210,40,60
axg-07196,real,148,32,44
axg-07197,real,204,45,54
axg-07198,real,127,27,38
axg-07199,real,207,45,64
axg-07200,real,89,20,24
axg-07201,real,195,36,58
axg-07202,real,81,17,24
axg-07203,real,180,41,46
axg-07204,real,187,39,51
axg-07205,real,125,28,36
axg-07206,real,134,29,35
axg-07207,real,116,24,28
axg-07208,real,100,22,28
axg-07209,real,166,34,41
axg-07210,real,177,38,53
axg-07211,real,189,44,57
axg-07212,real,187,41,67
axg-07213,real,151,31,41
axg-07214,real,167,31,43
axg-07215,real,167,35,44
axg-07216,real,82,15,24
axg-07217,real,133,29,38
axg-07218,real,209,43,61
axg-07219,real,88,17,21
axg-07220,real,93,21,29
axg-07221,real,203,44,60
axg-07222,real,149,31,37
axg-07223,real,188,36,50
axg-07224,real,255,52,68
axg-07225,real,111,24,34
axg-07226,real,212,46,65
axg-07227,real,132,28,39
axg-07228,real,129,26,39
axg-07229,real,237,49,76
axg-07230,real,183,37,55
axg-07231,real,76,15,20
axg-07232,real,84,18,21
axg-07233,real,84,16,24
axg-07234,real,198,42,50
axg-07235,real,142,31,46
axg-07236,real,149,29,36
axg-07237,real,217,45,57
axg-07238,real,165,35,52
axg-07239,real,196,41,55
axg-07240,real,209,45,58
axg-07241,real,139,29,38
axg-07242,real,145,30,45
axg-07243,real,208,45,58
axg-07244,real,147,32,45
axg-07245,real,238,46,62
axg-07246,real,208,44,63
axg-07247,real,226,50,64
axg-07248,real,96,21,30
axg-07249,real,246,54,71
axg-07250,real,220,44,66
axg-07251,real,223,52,64
axg-07252,real,121,24,34
axg-07253,real,149,26,61
axg-07254,real,135,28,37
axg-07255,real,176,40,53
axg-07256,real,176,38,50
axg-07257,real,249,49,81
axg-07258,real,225,47,68
axg-07259,real,263,52,73
axg-07260,real,229,47,70
axg-07261,real,138,30,42
axg-07262,real,51,11,15
axg-07263,real,128,25,36
axg-07264,real,187,41,54
axg-07265,real,82,18,25
axg-07266,real,190,37,56
axg-07267,real,246,58,70
axg-07268,real,120,28,34
axg-07269,real,203,45,50
axg-07270,real,115,27,33
axg-07271,real,206,44,57
axg-07272,real,186,41,50
axg-07273,real,98,22,32
axg-07274,real,123,26,38
axg-07275,real,146,32,37
axg-07276,real,249,51,70
axg-07277,real,250,55,63
axg-07278,real,269,54,81
axg-07279,real,196,40,53
axg-07280,real,206,44,53
axg-07281,real,69,15,23
axg-07282,real,155,35,50
axg-07283,real,216,48,55
axg-07284,real,202,48,56
axg-07285,real,253,52,65
axg-07286,real,124,27,33
axg-07287,real,222,44,77
axg-07288,real,202,44,59
axg-07289,real,227,48,63
axg-07290,real,179,39,46
axg-07291,real,197,41,52
axg-07292,real,132,25,37
axg-07293,real,139,29,38
axg-07294,real,205,41,59
axg-07295,real,155,33,45
axg-07296,real,157,31,37
axg-07297,real,145,31,44
axg-07298,real,259,57,73
axg-07299,real,242,54,67
axg-07300,real,140,31,47
axg-07301,real,224,47,66
axg-07302,real,225,49,67
axg-07303,real,187,42,56
axg-07304,real,130,25,37
axg-07305,real,164,36,45
axg-07306,real,162,32,45
axg-07307,real,219,47,60
axg-07308,real,102,22,28
axg-07309,real,228,47,67
axg-07310,real,159,32,38
axg-07311,real,170,39,50
axg-07312,real,56,11,17
axg-07313,real,87,18,25
axg-07314,real,152,30,39
axg-07315,real,160,34,41
axg-07316,real,151,33,45
axg-07317,real,114,27,32
axg-07318,real,201,42,55
axg-07319,real,71,14,24
axg-07320,real,217,48,63
axg-07321,real,157,30,38
axg-07322,real,159,31,36
axg-07323,real,191,36,46
axg-07324,real,60,10,20
axg-07325,real,84,18,27
axg-07326,real,173,34,52
axg-07327,real,174,33,55
axg-07328,real,220,44,74
axg-07329,real,254,54,80
axg-07330,real,201,41,55
axg-07331,real,138,30,39
axg-07332,real,145,30,38
axg-07333,real,116,25,34
axg-07334,real,194,44,57
axg-07335,real,168,37,50
axg-07336,real,154,38,49
axg-07337,real,160,36,43
axg-07338,real,74,14,18
axg-07339,real,248,54,83
axg-07340,real,176,36,52
axg-07341,real,230,46,58
axg-07342,real,85,18,32
axg-07343,real,200,44,61
axg-07344,real,179,41,49
axg-07345,real,240,47,78
axg-07346,real,157,32,53
axg-07347,real,227,48,70
axg-07348,real,217,48,63
axg-07349,real,235,46,68
axg-07350,real,146,28,36
axg-07351,real,171,36,51
axg-07352,real,163,33,54
axg-07353,real,210,45,65
axg-07354,real,236,48,80
axg-07355,real,130,30,37
axg-07356,real,207,47,68
axg-07357,real,77,19,27
axg-07358,real,214,46,65
axg-07359,real,239,49,65
axg-07360,real,170,38,48
axg-07361,real,166,36,56
axg-07362,real,220,46,62
axg-07363,real,165,37,49
axg-07364,real,253,56,74
axg-07365,real,166,33,48
axg-07366,real,220,49,62
axg-07367,real,186,40,53
axg-07368,real,199,42,54
axg-07369,real,303,64,79
axg-07370,real,129,29,37
axg-07371,real,186,43,54
axg-07372,real,148,31,37
axg-07373,real,73,16,22
axg-07374,real,196,37,48
axg-07375,real,217,36,64
axg-07376,real,108,28,37
axg-07377,real,298,70,91
axg-07378,real,130,30,40
axg-07379,real,143,32,39
axg-07380,real,70,15,26
axg-07381,real,172,34,50
axg-07382,real,98,22,30
axg-07383,real,149,33,46
axg-07384,real,223,44,62
axg-07385,real,208,43,60
axg-07386,real,92,18,26
axg-07387,real,141,27,38
axg-07388,real,101,20,31
axg-07389,real,191,42,59
axg-07390,real,172,37,49
axg-07391,real,176,39,52
axg-07392,real,198,43,55
axg-07393,real,107,25,34
axg-07394,real,188,40,56
axg-07395,real,223,47,65
axg-07396,real,122,28,36
axg-07397,real,170,36,50
axg-07398,real,225,48,60
axg-07399,real,179,40,49
axg-07400,real,221,47,62
axg-07401,real,214,46,59
axg-07402,real,152,35,43
axg-07403,real,218,46,59
axg-07404,real,264,55,80
axg-07405,real,147,33,47
axg-07406,real,178,39,47
axg-07407,real,147,31,43
axg-07408,real,87,17,22
axg-07409,real,142,30,38
axg-07410,real,57,13,24
axg-07411,real,129,30,37
axg-07412,real,97,20,26
axg-07413,real,142,32,40
axg-07414,real,129,27,34
axg-07415,real,164,35,55
axg-07416,real,165,34,40
axg-07417,real,152,32,43
axg-07418,real,77,17,26
axg-07419,real,191,40,53
axg-07420,real,154,33,51
axg-07421,real,73,16,23
axg-07422,real,135,28,40
axg-07423,real,146,29,44
axg-07424,real,174,39,50
axg-07425,real,187,40,45
axg-07426,real,259,58,72
axg-07427,real,93,22,30
axg-07428,real,144,31,47
axg-07429,real,119,24,37
axg-07430,real,111,23,37
axg-07431,real,203,46,62
axg-07432,real,89,17,27
axg-07433,real,117,25,35
axg-07434,real,236,51,64
axg-07435,real,198,38,56
axg-07436,real,104,22,28
axg-07437,real,169,38,51
axg-07438,real,62,13,20
axg-07439,real,179,37,52
axg-07440,real,277,61,79
axg-07441,real,221,44,57
axg-07442,real,153,31,48
axg-07443,real,77,16,25
axg-07444,real,261,52,69
axg-07445,real,140,30,38
axg-07446,real,141,25,42
axg-07447,real,225,47,72
axg-07448,real,108,22,35
axg-07449,real,76,15,24
axg-07450,real,196,39,62
axg-07451,real,106,24,34
axg-07452,real,158,37,49
axg-07453,real,185,35,59
axg-07454,real,192,38,55
axg-07455,real,94,20,27
axg-07456,real,119,27,30
axg-07457,real,124,23,42
axg-07458,real,123,24,32
axg-07459,real,126,28,44
axg-07460,real,94,19,26
axg-07461,real,216,45,68
axg-07462,real,251,55,65
axg-07463,real,155,32,50
axg-07464,real,202,47,61
axg-07465,real,190,40,50
axg-07466,real,104,22,33
axg-07467,real,193,41,53
axg-07468,real,161,34,48
axg-07469,real,108,24,35
axg-07470,real,225,43,55
axg-07471,real,111,22,37
axg-07472,real,185,37,56
axg-07473,real,106,22,32
axg-07474,real,148,32,44
axg-07475,real,206,42,60
axg-07476,real,135,28,42
axg-07477,real,152,33,46
axg-07478,real,91,18,27
axg-07479,real,180,40,49
axg-07480,real,164,38,46
axg-07481,real,196,42,52
axg-07482,real,181,37,47
axg-07483,real,255,53,82
axg-07484,real,182,38,51
axg-07485,real,224,46,59
axg-07486,real,280,59,83
axg-07487,real,184,41,52
axg-07488,real,192,42,51
axg-07489,real,108,24,30
axg-07490,real,217,46,80
axg-07491,real,185,37,56
axg-07492,real,204,37,62
axg-07493,real,228,44,78
axg-07494,real,92,18,28
axg-07495,real,238,53,71
axg-07496,real,104,21,33
axg-07497,real,95,20,29
axg-07498,real,126,28,34
axg-07499,real,85,16,19
axg-07500,real,119,24,35
axg-07501,real,99,21,32
axg-07502,real,170,35,48
axg-07503,real,118,28,36
axg-07504,real,149,29,48
axg-07505,real,90,19,27
axg-07506,real,141,31,49
axg-07507,real,63,12,20
axg-07508,real,111,23,34
axg-07509,real,235,49,68
axg-07510,real,156,35,42
axg-07511,real,259,60,70
axg-07512,real,103,26,36
axg-07513,real,83,18,27
axg-07514,real,220,46,63
axg-07515,real,197,39,57
axg-07516,real,215,47,63
axg-07517,real,266,53,70
axg-07518,real,139,31,41
axg-07519,real,178,36,49
axg-07520,real,200,42,71
axg-07521,real,61,13,20
axg-07522,real,147,30,46
axg-07523,real,137,29,42
axg-07524,real,103,24,35
axg-07525,real,72,17,23
axg-07526,real,190,39,56
axg-07527,real,200,44,56
axg-07528,real,35,8,11
axg-07529,real,110,23,31
axg-07530,real,173,41,45
axg-07531,real,170,35,49
axg-07532,real,281,58,84
axg-07533,real,81,16,24
axg-07534,real,131,28,35
axg-07535,real,149,29,44
axg-07536,real,82,18,23
axg-07537,real,107,24,29
axg-07538,real,163,30,49
axg-07539,real,58,13,20
axg-07540,real,110,21,33
axg-07541,real,224,44,64
axg-07542,real,75,15,22
axg-07543,real,225,47,56
axg-07544,real,267,57,80
axg-07545,real,236,50,63
axg-07546,real,210,42,59
axg-07547,real,187,40,56
axg-07548,real,181,37,46
axg-07549,real,194,37,51
axg-07550,real,112,24,38
axg-07551,real,160,37,52
axg-07552,real,228,48,63
axg-07553,real,217,51,69
axg-07554,real,126,30,38
axg-07555,real,208,46,62
axg-07556,real,254,56,66
axg-07557,real,213,47,55
axg-07558,real,131,28,40
axg-07559,real,206,41,60
axg-07560,real,265,57,67
axg-07561,real,283,64,75
axg-07562,real,168,34,54
axg-07563,real,166,35,52
axg-07564,real,160,34,49
axg-07565,real,240,52,65
axg-07566,real,158,31,57
axg-07567,real,152,29,50
axg-07568,real,164,35,41
axg-07569,real,207,42,59
axg-07570,real,169,32,55
axg-07571,real,195,43,53
axg-07572,real,248,51,65
axg-07573,real,241,53,60
axg-07574,real,131,26,43
axg-07575,real,215,48,63
axg-07576,real,255,55,70
axg-07577,real,152,34,43
axg-07578,real,190,40,51
axg-07579,real,212,44,57
axg-07580,real,158,32,49
axg-07581,real,241,55,68
axg-07582,real,78,17,22
axg-07583,real,236,46,71
axg-07584,real,243,54,72
axg-07585,real,133,29,45
axg-07586,real,248,51,71
axg-07587,real,60,12,20
axg-07588,real,125,29,34
axg-07589,real,116,23,36
axg-07590,real,164,35,41
axg-07591,real,131,27,34
axg-07592,real,120,26,39
axg-07593,real,229,47,59
axg-07594,real,139,29,40
axg-07595,real,228,45,60
axg-07596,real,177,34,59
axg-07597,real,154,33,43
axg-07598,real,174,38,51
axg-07599,real,68,16,22
axg-07600,real,128,26,39
axg-07601,real,164,37,51
axg-07602,real,172,35,49
axg-07603,real,165,38,47
axg-07604,real,107,24,29
axg-07605,real,301,68,81
axg-07606,real,234,50,57
axg-07607,real,139,32,37
axg-07608,real,204,42,52
axg-07609,real,251,49,72
axg-07610,real,141,32,35
axg-07611,real,185,39,47
axg-07612,real,234,47,65
axg-07613,real,75,13,19
axg-07614,real,157,33,44
axg-07615,real,226,47,66
axg-07616,real,155,37,42
axg-07617,real,196,42,55
axg-07618,real,93,21,27
axg-07619,real,180,37,52
axg-07620,real,106,20,33
axg-07621,real,144,27,46
axg-07622,real,99,21,29
axg-07623,real,187,36,55
axg-07624,real,150,33,45
axg-07625,real,429,91,120
axg-07626,real,247,54,68
axg-07627,real,63,15,19
axg-07628,real,234,52,62
axg-07629,real,218,45,57
axg-07630,real,193,38,48
axg-07631,real,96,18,28
axg-07632,real,118,24,32
axg-07633,real,85,20,29
axg-07634,real,115,23,37
axg-07635,real,118,24,32
axg-07636,real,85,20,29
axg-07637,real,170,38,52
axg-07638,real,137,27,40
axg-07639,real,265,57,67
axg-07640,real,228,48,64
axg-07641,real,242,51,69
axg-07642,real,206,43,65
axg-07643,real,93,17,20
axg-07644,real,176,39,52
axg-07645,real,49,11,14
axg-07646,real,148,30,45
axg-07647,real,184,41,53
axg-07648,real,160,31,45
axg-07649,real,77,15,20
axg-07650,real,167,33,47
axg-07651,real,178,35,54
axg-07652,real,213,47,62
axg-07653,real,56,12,16
axg-07654,real,237,54,69
axg-07655,real,139,33,41
axg-07656,real,131,28,33
axg-07657,real,204,44,56
axg-07658,real,154,34,43
axg-07659,real,172,38,59
axg-07660,real,210,43,56
axg-07661,real,186,40,51
axg-07662,real,162,32,43
axg-07663,real,140,28,35
axg-07664,real,144,31,41
axg-07665,real,191,43,53
axg-07666,real,194,43,55
axg-07667,real,240,48,72
axg-07668,real,118,26,31
axg-07669,real,173,41,52
axg-07670,real,239,52,70
axg-07671,real,150,32,45
axg-07672,real,143,34,40
axg-07673,real,194,42,53
axg-07674,real,97,20,40
axg-07675,real,228,52,66
axg-07676,real,86,18,22
axg-07677,real,138,30,41
axg-07678,real,72,16,20
axg-07679,real,255,52,77
axg-07680,real,172,35,54
axg-07681,real,165,36,51
axg-07682,real,121,24,40
axg-07683,real,165,34,50
axg-07684,real,240,51,68
axg-07685,real,273,56,73
axg-07686,real,119,24,38
axg-07687,real,142,29,47
axg-07688,real,254,52,68
axg-07689,real,155,35,48
axg-07690,real,265,55,73
axg-07691,real,217,44,68
axg-07692,real,148,30,36
axg-07693,real,238,50,70
axg-07694,real,100,20,27
axg-07695,real,155,30,50
axg-07696,real,198,40,51
axg-07697,real,167,35,45
axg-07698,real,88,20,29
axg-07699,real,135,28,45
axg-07700,real,66,14,20
axg-07701,real,138,29,39
axg-07702,real,199,44,66
axg-07703,real,108,25,27
axg-07704,real,128,30,34
axg-07705,real,152,31,40
axg-07706,real,77,18,24
axg-07707,real,150,30,41
axg-07708,real,162,34,56
axg-07709,real,216,46,59
axg-07710,real,147,28,51
axg-07711,real,108,22,30
axg-07712,real,173,34,57
axg-07713,real,94,19,26
axg-07714,real,158,32,45
axg-07715,real,235,53,72
axg-07716,real,167,35,40
axg-07717,real,297,63,80
axg-07718,real,172,39,46
axg-07719,real,161,34,47
axg-07720,real,188,36,56
axg-07721,real,248,54,65
axg-07722,real,189,35,58
axg-07723,real,182,41,54
axg-07724,real,87,18,23
axg-07725,real,224,43,65
axg-07726,real,246,54,79
axg-07727,real,133,28,36
axg-07728,real,161,32,46
axg-07729,real,164,33,40
axg-07730,real,154,31,44
axg-07731,real,233,45,63
axg-07732,real,117,24,38
axg-07733,real,107,23,30
axg-07734,real,282,56,85
axg-07735,real,80,17,28
axg-07736,real,89,16,22
axg-07737,real,105,21,33
axg-07738,real,156,32,55
axg-07739,real,120,27,34
axg-07740,real,118,24,37
axg-07741,real,218,45,58
axg-07742,real,154,35,44
axg-07743,real,216,44,64
axg-07744,real,237,47,63
axg-07745,real,198,42,51
axg-07746,real,178,39,53
axg-07747,real,253,50,80
axg-07748,real,156,36,49
axg-07749,real,157,31,50
axg-07750,real,208,44,55
axg-07751,real,127,27,36
axg-07752,real,94,20,35
axg-07753,real,125,30,36
axg-07754,real,225,45,66
axg-07755,real,118,26,34
axg-07756,real,174,35,54
axg-07757,real,191,43,54
axg-07758,real,131,25,36
axg-07759,real,68,15,21
axg-07760,real,190,39,57
axg-07761,real,160,37,40
axg-07762,real,181,41,53
axg-07763,real,55,12,16
axg-07764,real,157,33,40
axg-07765,real,194,41,54
axg-07766,real,126,29,38
axg-07767,real,199,42,53
axg-07768,real,197,40,52
axg-07769,real,94,21,26
axg-07770,real,162,36,45
axg-07771,real,141,31,41
axg-07772,real,157,34,46
axg-07773,real,89,19,25
axg-07774,real,217,46,60
axg-07775,real,137,27,47
axg-07776,real,240,53,69
axg-07777,real,213,45,57
axg-07778,real,203,42,61
axg-07779,real,221,47,66
axg-07780,real,248,50,71
axg-07781,real,143,28,54
axg-07782,real,166,32,61
axg-07783,real,182,36,61
axg-07784,real,132,27,40
axg-07785,real,204,39,73
axg-07786,real,86,19,33
axg-07787,real,204,43,58
axg-07788,real,164,33,45
axg-07789,real,163,33,52
axg-07790,real,249,51,71
axg-07791,real,192,40,50
axg-07792,real,91,19,27
axg-07793,real,134,29,48
axg-07794,real,163,37,51
axg-07795,real,139,29,33
axg-07796,real,93,23,26
axg-07797,real,86,18,24
axg-07798,real,93,20,27
axg-07799,real,115,26,34
axg-07800,real,112,24,32
axg-07801,real,206,43,65
axg-07802,real,146,29,46
axg-07803,real,171,37,55
axg-07804,real,70,13,23
axg-07805,real,216,44,51
axg-07806,real,78,14,27
axg-07807,real,136,27,38
axg-07808,real,162,34,40
axg-07809,real,134,28,39
axg-07810,real,204,42,53
axg-07811,real,202,43,59
axg-07812,real,122,26,48
axg-07813,real,206,46,59
axg-07814,real,185,40,52
axg-07815,real,139,29,45
axg-07816,real,223,49,57
axg-07817,real,175,36,54
axg-07818,real,139,29,45
axg-07819,real,169,34,52
axg-07820,real,145,29,47
axg-07821,real,120,25,41
axg-07822,real,156,32,45
axg-07823,real,207,46,60
axg-07824,real,167,37,51
axg-07825,real,136,28,37
axg-07826,real,111,23,32
axg-07827,real,58,10,21
axg-07828,real,156,32,45
axg-07829,real,74,18,23
axg-07830,real,158,32,42
axg-07831,real,90,20,24
axg-07832,real,155,34,50
axg-07833,real,144,29,41
axg-07834,real,59,13,21
axg-07835,real,95,19,28
axg-07836,real,165,35,50
axg-07837,real,232,50,66
axg-07838,real,156,33,38
axg-07839,real,148,28,52
axg-07840,real,176,37,50
axg-07841,real,138,27,41
axg-07842,real,87,19,33
axg-07843,real,50,13,17
axg-07844,real,177,39,50
axg-07845,real,87,20,28
axg-07846,real,122,29,39
axg-07847,real,189,38,51
axg-07848,real,38,9,12
axg-07849,real,165,34,55
axg-07850,real,203,44,60
axg-07851,real,151,33,53
axg-07852,real,236,54,71
axg-07853,real,191,41,53
axg-07854,real,149,32,45
axg-07855,real,263,57,82
axg-07856,real,155,34,47
axg-07857,real,121,23,36
axg-07858,real,167,36,45
axg-07859,real,200,42,60
axg-07860,real,125,27,39
axg-07861,real,206,43,60
axg-07862,real,144,32,46
axg-07863,real,233,51,62
axg-07864,real,237,52,78
axg-07865,real,122,27,35
axg-07866,real,113,21,35
axg-07867,real,116,24,35
axg-07868,real,67,13,24
axg-07869,real,163,35,46
axg-07870,real,171,39,53
axg-07871,real,238,49,59
axg-07872,real,255,55,68
axg-07873,real,210,44,51
axg-07874,real,132,28,44
axg-07875,real,130,24,38
axg-07876,real,77,17,23
axg-07877,real,168,34,43
axg-07878,real,188,37,51
axg-07879,real,77,15,25
axg-07880,real,264,57,69
axg-07881,real,58,13,16
axg-07882,real,188,39,54
axg-07883,real,206,44,52
axg-07884,real,255,52,80
axg-07885,real,176,39,51
axg-07886,real,286,62,77
axg-07887,real,176,38,49
axg-07888,real,99,21,28
axg-07889,real,97,23,29
axg-07890,real,215,44,66
axg-07891,real,105,24,27
axg-07892,real,245,49,73
axg-07893,real,120,28,34
axg-07894,real,82,17,22
axg-07895,real,185,32,65
axg-07896,real,112,24,32
axg-07897,real,144,30,45
axg-07898,real,182,40,49
axg-07899,real,235,46,72
axg-07900,real,210,45,57
axg-07901,real,114,25,32
axg-07902,real,83,18,29
axg-07903,real,232,51,71
axg-07904,real,251,61,72
axg-07905,real,155,38,51
axg-07906,real,182,41,56
axg-07907,real,125,27,35
axg-07908,real,143,31,45
axg-07909,real,131,28,38
axg-07910,real,158,41,47
axg-07911,real,139,31,41
axg-07912,real,73,15,23
axg-07913,real,111,23,31
axg-07914,real,212,51,65
axg-07915,real,96,20,35
axg-07916,real,90,20,29
axg-07917,real,62,16,19
axg-07918,real,237,51,68
axg-07919,real,194,42,63
axg-07920,real,196,41,53
axg-07921,real,43,11,17
axg-07922,real,115,30,36
axg-07923,real,115,26,36
axg-07924,real,61,13,19
axg-07925,real,199,42,57
axg-07926,real,247,47,74
axg-07927,real,128,29,34
axg-07928,real,158,36,49
axg-07929,real,216,51,69
axg-07930,real,131,26,41
axg-07931,real,81,18,23
axg-07932,real,136,31,40
axg-07933,real,173,39,50
axg-07934,real,169,40,53
axg-07935,real,255,54,69
axg-07936,real,269,53,82
axg-07937,real,177,38,46
axg-07938,real,122,22,34
axg-07939,real,208,43,55
axg-07940,real,220,47,58
axg-07941,real,176,36,58
axg-07942,real,126,26,35
axg-07943,real,162,34,49
axg-07944,real,220,45,59
axg-07945,real,207,43,56
axg-07946,real,118,29,34
axg-07947,real,116,28,37
axg-07948,real,131,27,42
axg-07949,real,251,52,78
axg-07950,real,142,29,39
axg-07951,real,166,35,44
axg-07952,real,213,44,58
axg-07953,real,102,24,29
axg-07954,real,203,44,54
axg-07955,real,123,26,42
axg-07956,real,273,61,78
axg-07957,real,155,32,45
axg-07958,real,146,33,43
axg-07959,real,183,35,48
axg-07960,real,126,25,27
axg-07961,real,114,24,34
axg-07962,real,135,28,40
axg-07963,real,217,50,56
axg-07964,real,143,27,46
axg-07965,real,210,41,70
axg-07966,real,194,38,65
axg-07967,real,240,49,81
axg-07968,real,163,39,48
axg-07969,real,165,36,50
axg-07970,real,142,30,45
axg-07971,real,185,41,55
axg-07972,real,103,20,37
axg-07973,real,195,42,66
axg-07974,real,118,24,36
axg-07975,real,168,36,58
axg-07976,real,152,32,39
axg-07977,real,145,33,41
axg-07978,real,118,24,31
axg-07979,real,223,47,65
axg-07980,real,111,23,34
axg-07981,real,172,37,53
axg-07982,real,224,50,68
axg-07983,real,170,38,54
axg-07984,real,98,21,30
axg-07985,real,218,49,59
axg-07986,real,218,44,69
axg-07987,real,143,29,39
axg-07988,real,174,34,52
axg-07989,real,177,36,52
axg-07990,real,161,34,47
axg-07991,real,241,52,65
axg-07992,real,109,23,33
axg-07993,real,120,22,36
axg-07994,real,270,57,81
axg-07995,real,160,35,46
axg-07996,real,148,31,37
axg-07997,real,87,18,25
axg-07998,real,275,60,74
axg-07999,real,261,55,70
axg-08000,real,197,37,59
axg-08001,real,175,39,52
axg-08002,real,92,22,25
axg-08003,real,101,23,30
axg-08004,real,158,34,44
axg-08005,real,220,41,51
axg-08006,real,239,51,63
axg-08007,real,165,36,45
axg-08008,real,159,36,44
axg-08009,real,240,51,67
axg-08010,real,194,40,53
axg-08011,real,121,25,35
axg-08012,real,94,22,30
axg-08013,real,99,22,29
axg-08014,real,132,28,47
axg-08015,real,73,15,24
axg-08016,real,126,27,38
axg-08017,real,114,25,35
axg-08018,real,108,22,29
axg-08019,real,141,30,37
axg-08020,real,257,55,70
axg-08021,real,192,41,54
axg-08022,real,155,30,49
axg-08023,real,231,48,59
axg-08024,real,118,24,33
axg-08025,real,203,44,60
axg-08026,real,234,49,67
axg-08027,real,239,45,67
axg-08028,real,76,17,24
axg-08029,real,268,57,71
axg-08030,real,151,30,42
axg-08031,real,136,29,41
axg-08032,real,178,35,50
axg-08033,real,125,25,33
axg-08034,real,269,57,69
axg-08035,real,165,36,50
axg-08036,real,147,33,41
axg-08037,real,173,38,54
axg-08038,real,99,22,28
axg-08039,real,240,53,83
axg-08040,real,226,46,63
axg-08041,real,88,19,24
axg-08042,real,218,45,57
axg-08043,real,171,37,56
axg-08044,real,112,22,27
axg-08045,real,266,55,74
axg-08046,real,141,29,48
axg-08047,real,83,16,24
axg-08048,real,165,35,48
axg-08049,real,223,44,58
axg-08050,real,170,38,57
axg-08051,real,191,42,52
axg-08052,real,186,40,62
axg-08053,real,128,29,34
axg-08054,real,188,39,52
axg-08055,real,207,47,60
axg-08056,real,223,50,65
axg-08057,real,171,36,49
axg-08058,real,205,43,52
axg-08059,real,193,41,59
axg-08060,real,59,13,19
axg-08061,real,201,40,62
axg-08062,real,211,48,60
axg-08063,real,170,34,45
axg-08064,real,71,16,19
axg-08065,real,134,27,38
axg-08066,real,257,53,70
axg-08067,real,176,39,47
axg-08068,real,127,26,36
axg-08069,real,175,38,41
axg-08070,real,148,30,41
axg-08071,real,168,37,41
axg-08072,real,237,51,64
axg-08073,real,147,28,46
axg-08074,real,157,36,51
axg-08075,real,127,22,39
axg-08076,real,209,47,60
axg-08077,real,177,39,47
axg-08078,real,136,29,38
axg-08079,real,113,25,36
axg-08080,real,78,15,23
axg-08081,real,144,33,51
axg-08082,real,223,46,57
axg-08083,real,110,26,38
axg-08084,real,119,25,39
axg-08085,real,127,25,41
axg-08086,real,205,40,48
axg-08087,real,131,28,39
axg-08088,real,190,40,51
axg-08089,real,184,42,51
axg-08090,real,160,32,44
axg-08091,real,107,24,31
axg-08092,real,91,19,24
axg-08093,real,104,20,30
axg-08094,real,246,52,71
axg-08095,real,105,25,33
axg-08096,real,242,50,63
axg-08097,real,255,49,62
axg-08098,real,143,31,41
axg-08099,real,214,48,66
axg-08100,real,85,19,23
axg-08101,real,130,28,34
axg-08102,real,144,31,38
axg-08103,real,115,26,35
axg-08104,real,133,26,36
axg-08105,real,275,57,80
axg-08106,real,233,46,65
axg-08107,real,225,46,63
axg-08108,real,178,37,60
axg-08109,real,100,22,26
axg-08110,real,169,37,46
axg-08111,real,189,42,57
axg-08112,real,166,34,49
axg-08113,real,105,21,26
axg-08114,real,165,37,49
axg-08115,real,138,30,36
axg-08116,real,175,37,48
axg-08117,real,210,43,56
axg-08118,real,102,21,27
axg-08119,real,169,36,47
axg-08120,real,194,40,58
axg-08121,real,209,45,56
axg-08122,real,230,48,58
axg-08123,real,238,48,64
axg-08124,real,288,62,77
axg-08125,real,197,41,57
axg-08126,real,156,34,51
axg-08127,real,249,51,69
axg-08128,real,215,47,57
axg-08129,real,247,49,71
axg-08130,real,167,35,45
axg-08131,real,230,49,66
axg-08132,real,147,30,47
axg-08133,real,153,32,49
axg-08134,real,167,35,59
axg-08135,real,89,19,26
axg-08136,real,206,43,59
axg-08137,real,120,22,30
axg-08138,real,41,9,13
axg-08139,real,181,38,52
axg-08140,real,177,34,58
axg-08141,real,164,35,49
axg-08142,real,117,22,41
axg-08143,real,114,23,33
axg-08144,real,217,45,69
axg-08145,real,49,11,16
axg-08146,real,152,32,42
axg-08147,real,196,42,57
axg-08148,real,132,29,42
axg-08149,real,155,31,39
axg-08150,real,148,29,44
axg-08151,real,228,50,62
axg-08152,real,116,26,33
axg-08153,real,93,21,30
axg-08154,real,182,40,55
axg-08155,real,159,37,47
axg-08156,real,140,34,39
axg-08157,real,252,58,81
axg-08158,real,233,46,76
axg-08159,real,157,32,43
axg-08160,real,113,26,31
axg-08161,real,54,10,15
axg-08162,real,233,52,68
axg-08163,real,145,33,38
axg-08164,real,210,46,55
axg-08165,real,207,47,52
axg-08166,real,262,53,73
axg-08167,real,155,36,46
axg-08168,real,219,47,63
axg-08169,real,160,36,44
axg-08170,real,96,20,36
axg-08171,real,208,43,55
axg-08172,real,81,18,23
axg-08173,real,161,36,53
axg-08174,real,230,51,63
axg-08175,real,194,38,57
axg-08176,real,257,53,66
axg-08177,real,218,47,60
axg-08178,real,111,23,35
axg-08179,real,82,17,24
axg-08180,real,241,56,70
axg-08181,real,194,39,62
axg-08182,real,173,39,55
axg-08183,real,146,30,40
axg-08184,real,206,44,59
axg-08185,real,216,42,61
axg-08186,real,243,53,70
axg-08187,real,120,24,35
axg-08188,real,192,36,48
axg-08189,real,131,27,40
axg-08190,real,166,36,52
axg-08191,real,231,43,74
axg-08192,real,217,44,58
axg-08193,real,220,46,68
axg-08194,real,216,44,61
axg-08195,real,70,14,23
axg-08196,real,247,54,72
axg-08197,real,152,34,46
axg-08198,real,109,26,33
axg-08199,real,60,14,20
axg-08200,real,134,29,43
axg-08201,real,129,28,34
axg-08202,real,181,39,47
axg-08203,real,169,38,51
axg-08204,real,136,28,39
axg-08205,real,194,36,50
axg-08206,real,153,34,41
axg-08207,real,117,26,29
axg-08208,real,137,27,44
axg-08209,real,90,20,25
axg-08210,real,92,23,30
axg-08211,real,145,32,41
axg-08212,real,129,25,31
axg-08213,real,157,34,43
axg-08214,real,121,26,33
axg-08215,real,161,34,40
axg-08216,real,158,36,43
axg-08217,real,192,41,54
axg-08218,real,151,32,45
axg-08219,real,235,52,68
axg-08220,real,158,34,45
axg-08221,real,168,35,48
axg-08222,real,186,36,63
axg-08223,real,73,15,23
axg-08224,real,158,33,47
axg-08225,real,121,25,30
axg-08226,real,137,28,39
axg-08227,real,179,37,46
axg-08228,real,152,32,47
axg-08229,real,210,48,59
axg-08230,real,214,45,60
axg-08231,real,215,48,58
axg-08232,real,133,28,41
axg-08233,real,102,22,33
axg-08234,real,75,16,19
axg-08235,real,220,47,60
axg-08236,real,157,27,66
axg-08237,real,240,51,62
axg-08238,real,235,51,63
axg-08239,real,201,43,58
axg-08240,real,243,57,69
axg-08241,real,212,43,59
axg-08242,real,162,34,43
axg-08243,real,112,25,31
axg-08244,real,243,48,76
axg-08245,real,87,20,28
axg-08246,real,127,27,31
axg-08247,real,128,28,42
axg-08248,real,250,46,67
axg-08249,real,163,31,44
axg-08250,real,135,31,40
axg-08251,real,214,43,56
axg-08252,real,134,28,36
axg-08253,real,58,13,20
axg-08254,real,134,30,42
axg-08255,real,71,14,22
axg-08256,real,97,22,28
axg-08257,real,118,27,31
axg-08258,real,172,35,46
axg-08259,real,266,55,76
axg-08260,real,107,22,28
axg-08261,real,115,26,38
axg-08262,real,177,41,52
axg-08263,real,157,32,47
axg-08264,real,221,48,60
axg-08265,real,126,29,32
axg-08266,real,150,36,46
axg-08267,real,231,44,66
axg-08268,real,199,42,52
axg-08269,real,228,46,62
axg-08270,real,86,19,21
axg-08271,real,260,59,72
axg-08272,real,80,15,25
axg-08273,real,125,24,33
axg-08274,real,68,15,20
axg-08275,real,93,19,23
axg-08276,real,161,32,38
axg-08277,real,100,20,25
axg-08278,real,178,37,45
axg-08279,real,154,32,44
axg-08280,real,153,30,37
axg-08281,real,133,26,37
axg-08282,real,116,25,31
axg-08283,real,250,53,62
axg-08284,real,168,38,43
axg-08285,real,76,21,24
axg-08286,real,122,26,34
axg-08287,real,100,21,30
axg-08288,real,105,18,32
axg-08289,real,76,14,23
axg-08290,real,159,33,47
axg-08291,real,133,28,31
axg-08292,real,114,26,33
axg-08293,real,181,36,49
axg-08294,real,202,42,56
axg-08295,real,147,31,39
axg-08296,real,142,30,41
axg-08297,real,190,39,52
axg-08298,real,161,33,44
axg-08299,real,143,29,45
axg-08300,real,212,43,58
axg-08301,real,133,27,47
axg-08302,real,139,30,44
axg-08303,real,82,18,22
axg-08304,real,82,17,25
axg-08305,real,135,27,31
axg-08306,real,175,35,49
axg-08307,real,126,29,38
axg-08308,real,242,53,65
axg-08309,real,189,37,50
axg-08310,real,233,44,69
axg-08311,real,48,11,15
axg-08312,real,198,40,60
axg-08313,real,277,62,82
axg-08314,real,163,31,54
axg-08315,real,139,29,42
axg-08316,real,165,36,41
axg-08317,real,127,28,39
axg-08318,real,193,41,53
axg-08319,real,89,20,25
axg-08320,real,168,35,54
axg-08321,real,134,27,36
axg-08322,real,231,45,58
axg-08323,real,152,32,42
axg-08324,real,112,24,35
axg-08325,real,87,20,22
axg-08326,real,109,22,33
axg-08327,real,263,52,77
axg-08328,real,116,25,29
axg-08329,real,186,40,53
axg-08330,real,72,16,21
axg-08331,real,172,35,56
axg-08332,real,257,54,72
axg-08333,real,114,25,33
axg-08334,real,155,32,40
axg-08335,real,230,47,59
axg-08336,real,206,42,55
axg-08337,real,204,44,61
axg-08338,real,91,18,31
axg-08339,real,106,24,32
axg-08340,real,233,52,74
axg-08341,real,300,61,78
axg-08342,real,224,49,56
axg-08343,real,182,38,53
axg-08344,real,261,56,68
axg-08345,real,124,28,32
axg-08346,real,224,49,62
axg-08347,real,184,37,44
axg-08348,real,196,46,59
axg-08349,real,206,41,59
axg-08350,real,217,47,74
axg-08351,real,224,48,59
axg-08352,real,201,45,53
axg-08353,real,169,34,49
axg-08354,real,207,44,55
axg-08355,real,224,44,65
axg-08356,real,216,45,55
axg-08357,real,130,29,37
axg-08358,real,90,20,28
axg-08359,real,97,23,27
axg-08360,real,124,25,36
axg-08361,real,204,43,66
axg-08362,real,227,50,63
axg-08363,real,191,39,50
axg-08364,real,242,52,69
axg-08365,real,249,55,71
axg-08366,real,183,37,49
axg-08367,real,183,38,48
axg-08368,real,196,41,50
axg-08369,real,112,22,35
axg-08370,real,163,35,44
axg-08371,real,104,20,29
axg-08372,real,216,43,63
axg-08373,real,173,39,48
axg-08374,real,151,32,52
axg-08375,real,235,48,67
axg-08376,real,106,23,26
axg-08377,real,138,28,40
axg-08378,real,253,55,73
axg-08379,real,238,47,62
axg-08380,real,170,35,45
axg-08381,real,211,43,59
axg-08382,real,250,53,65
axg-08383,real,61,12,21
axg-08384,real,238,51,64
axg-08385,real,89,18,25
axg-08386,real,223,48,57
axg-08387,real,193,42,53
axg-08388,real,149,31,45
axg-08389,real,239,50,68
axg-08390,real,41,9,11
axg-08391,real,114,26,39
axg-08392,real,177,37,50
axg-08393,real,194,43,57
axg-08394,real,315,75,89
axg-08395,real,140,29,41
axg-08396,real,234,49,59
axg-08397,real,233,52,70
axg-08398,real,168,37,46
axg-08399,real,209,45,54
axg-08400,real,99,22,25
axg-08401,real,204,43,53
axg-08402,real,93,20,25
axg-08403,real,135,28,39
axg-08404,real,250,53,71
axg-08405,real,117,23,39
axg-08406,real,287,59,82
axg-08407,real,75,16,23
axg-08408,real,276,65,81
axg-08409,real,241,53,65
axg-08410,real,220,46,62
axg-08411,real,137,28,37
axg-08412,real,93,20,26
axg-08413,real,281,64,81
axg-08414,real,158,35,43
axg-08415,real,162,34,42
axg-08416,real,266,59,76
axg-08417,real,259,56,71
axg-08418,real,135,27,34
axg-08419,real,250,51,62
axg-08420,real,150,30,44
axg-08421,real,133,27,39
axg-08422,real,103,21,32
axg-08423,real,117,23,36
axg-08424,real,170,37,47
axg-08425,real,180,33,49
axg-08426,real,161,29,37
axg-08427,real,133,26,33
axg-08428,real,99,21,27
axg-08429,real,152,33,45
axg-08430,real,243,50,70
axg-08431,real,228,43,51
axg-08432,real,136,27,34
axg-08433,real,241,46,55
axg-08434,real,178,38,52
axg-08435,real,92,21,28
axg-08436,real,126,24,33
axg-08437,real,176,35,47
axg-08438,real,171,37,52
axg-08439,real,157,32,39
axg-08440,real,151,31,42
axg-08441,real,222,48,70
axg-08442,real,151,34,42
axg-08443,real,224,50,69
axg-08444,real,280,58,82
axg-08445,real,285,57,79
axg-08446,real,213,43,53
axg-08447,real,327,67,95
axg-08448,real,291,61,82
axg-08449,real,222,47,55
axg-08450,real,242,49,58
axg-08451,real,169,35,45
axg-08452,real,253,52,67
axg-08453,real,230,47,70
axg-08454,real,244,52,62
axg-08455,real,206,45,60
axg-08456,real,252,53,61
axg-08457,real,191,39,47
axg-08458,real,238,49,64
axg-08459,real,230,49,59
axg-08460,real,244,53,65
axg-08461,real,151,36,44
axg-08462,real,223,47,55
axg-08463,real,361,81,94
axg-08464,real,234,52,64
axg-08465,real,232,49,56
axg-08466,real,378,84,100
axg-08467,real,160,35,43
axg-08468,real,208,47,53
axg-08469,real,266,64,73
axg-08470,real,142,29,39
axg-08471,real,232,50,60
axg-08472,real,297,67,81
axg-08473,real,297,65,76
axg-08474,real,279,58,77
axg-08475,real,232,49,57
axg-08476,real,278,61,84
axg-08477,real,153,33,44
axg-08478,real,260,60,78
axg-08479,real,238,49,64
axg-08480,real,296,67,80
axg-08481,real,358,73,95
axg-08482,real,156,31,46
axg-08483,real,136,34,37
axg-08484,real,252,55,74
axg-08485,real,253,50,62
axg-08486,real,173,37,53
axg-08487,real,286,64,78
axg-08488,real,173,34,45
axg-08489,real,265,62,75
axg-08490,real,209,45,52
axg-08491,real,290,64,82
axg-08492,real,187,43,63
axg-08493,real,156,33,40
axg-08494,real,156,35,42
axg-08495,real,208,44,58
axg-08496,real,223,49,61
axg-08497,real,278,58,69
axg-08498,real,225,48,56
axg-08499,real,283,62,73
axg-08500,real,188,41,51
axg-08501,real,230,51,64
axg-08502,real,199,40,49
axg-08503,real,245,50,67
axg-08504,real,267,56,79
axg-08505,real,197,44,49
axg-08506,real,169,34,43
axg-08507,real,188,40,57
axg-08508,real,157,32,50
axg-08509,real,155,34,39
axg-08510,real,149,33,42
axg-08511,real,185,39,52
axg-08512,real,228,47,58
axg-08513,real,283,59,78
axg-08514,real,374,84,105
axg-08515,real,187,36,54
axg-08516,real,198,44,51
axg-08517,real,219,46,54
axg-08518,real,169,38,52
axg-08519,real,185,37,49
axg-08520,real,249,53,76
axg-08521,real,237,48,58
axg-08522,real,192,44,58
axg-08523,real,203,45,53
axg-08524,real,163,36,43
axg-08525,real,246,50,58
axg-08526,real,207,46,57
axg-08527,real,163,35,41
axg-08528,real,236,51,61
axg-08529,real,157,30,36
axg-08530,real,173,38,48
axg-08531,real,219,52,55
axg-08532,real,256,56,74
axg-08533,real,303,69,81
axg-08534,real,195,40,47
axg-08535,real,269,64,68
axg-08536,real,231,55,77
axg-08537,real,244,52,66
axg-08538,real,133,28,36
axg-08539,real,212,46,54
axg-08540,real,177,39,51
axg-08541,real,250,55,66
axg-08542,real,196,47,54
axg-08543,real,233,52,65
axg-08544,real,135,30,40
axg-08545,real,231,46,57
axg-08546,real,162,37,45
axg-08547,real,161,35,42
axg-08548,real,232,47,66
axg-08549,real,197,39,64
axg-08550,real,298,65,73
axg-08551,real,211,44,51
axg-08552,real,210,43,48
axg-08553,real,285,62,79
axg-08554,real,104,20,28
axg-08555,real,216,46,73
axg-08556,real,254,53,60
axg-08557,real,135,29,37
axg-08558,real,185,38,53
axg-08559,real,170,34,45
axg-08560,real,136,30,43
axg-08561,real,169,36,47
axg-08562,real,210,45,56
axg-08563,real,273,56,69
axg-08564,real,317,71,82
axg-08565,real,241,54,75
axg-08566,real,181,39,51
axg-08567,real,249,54,67
axg-08568,real,243,53,61
axg-08569,real,212,44,54
axg-08570,real,194,41,52
axg-08571,real,168,35,46
axg-08572,real,168,35,47
axg-08573,real,207,49,58
axg-08574,real,365,76,100
axg-08575,real,258,59,72
axg-08576,real,205,40,53
axg-08577,real,148,31,39
axg-08578,real,148,32,44
axg-08579,real,287,59,69
axg-08580,real,217,46,63
axg-08581,real,208,46,53
axg-08582,real,206,43,53
axg-08583,real,164,33,49
axg-08584,real,181,40,50
axg-08585,real,154,36,42
axg-08586,real,96,20,28
axg-08587,real,267,56,72
axg-08588,real,208,47,57
axg-08589,real,225,44,69
axg-08590,real,141,29,37
axg-08591,real,163,33,43
axg-08592,real,209,45,52
axg-08593,real,246,52,58
axg-08594,real,224,53,59
axg-08595,real,219,46,67
axg-08596,real,270,54,75
axg-08597,real,230,45,64
axg-08598,real,235,52,61
axg-08599,real,272,60,73
axg-08600,real,196,44,53
axg-08601,real,250,53,75
axg-08602,real,219,47,71
axg-08603,real,251,50,71
axg-08604,real,168,36,49
axg-08605,real,171,34,46
axg-08606,real,186,40,52
axg-08607,real,195,41,54
axg-08608,real,158,33,48
axg-08609,real,212,49,64
axg-08610,real,190,37,52
axg-08611,real,319,74,90
axg-08612,real,149,33,43
axg-08613,real,306,68,79
axg-08614,real,266,58,68
axg-08615,real,237,56,70
axg-08616,real,225,45,62
axg-08617,real,181,40,50
axg-08618,real,327,67,87
axg-08619,real,213,47,61
axg-08620,real,167,37,45
axg-08621,real,145,33,42
axg-08622,real,217,48,60
axg-08623,real,225,49,61
axg-08624,real,128,27,33
axg-08625,real,175,39,47
axg-08626,real,253,56,68
axg-08627,real,189,41,58
axg-08628,real,238,51,68
axg-08629,real,188,40,46
axg-08630,real,205,46,56
axg-08631,real,284,63,84
axg-08632,real,281,61,77
axg-08633,real,175,36,40
axg-08634,real,216,47,57
axg-08635,real,198,44,49
axg-08636,real,210,43,51
axg-08637,real,286,60,88
axg-08638,real,161,36,43
axg-08639,real,153,36,43
axg-08640,real,310,70,80
axg-08641,real,318,68,78
axg-08642,real,173,37,43
axg-08643,real,245,50,61
axg-08644,real,254,55,67
axg-08645,real,162,35,42
axg-08646,real,232,45,70
axg-08647,real,223,50,61
axg-08648,real,225,53,77
axg-08649,real,239,49,55
axg-08650,real,128,25,32
axg-08651,real,203,51,59
axg-08652,real,162,40,43
axg-08653,real,294,67,85
axg-08654,real,280,60,72
axg-08655,real,162,36,45
axg-08656,real,213,47,54
axg-08657,real,298,68,79
axg-08658,real,141,32,37
axg-08659,real,217,49,65
axg-08660,real,151,30,35
axg-08661,real,220,48,55
axg-08662,real,212,48,51
axg-08663,real,193,44,59
axg-08664,real,152,31,38
axg-08665,real,185,38,47
axg-08666,real,223,48,52
axg-08667,real,150,30,35
axg-08668,real,199,44,51
axg-08669,real,139,30,36
axg-08670,real,189,41,43
axg-08671,real,292,65,76
axg-08672,real,242,47,76
axg-08673,real,246,50,53
axg-08674,real,190,38,42
axg-08675,real,182,36,48
axg-08676,real,173,39,44
axg-08677,real,206,42,47
axg-08678,real,152,36,43
axg-08679,real,321,62,95
axg-08680,real,216,41,64
axg-08681,real,182,37,46
axg-08682,real,131,29,35
axg-08683,real,275,55,68
axg-08684,real,237,50,62
axg-08685,real,198,42,48
axg-08686,real,177,39,44
axg-08687,real,233,53,72
axg-08688,real,196,42,57
axg-08689,real,267,61,80
axg-08690,real,149,32,40
axg-08691,real,199,45,51
axg-08692,real,179,39,46
axg-08693,real,129,28,35
axg-08694,real,199,40,49
axg-08695,real,245,56,65
axg-08696,real,174,37,54
axg-08697,real,280,62,71
axg-08698,real,243,56,70
axg-08699,real,149,31,36
axg-08700,real,201,44,57
axg-08701,real,188,41,46
axg-08702,real,179,36,53
axg-08703,real,215,43,56
axg-08704,real,185,37,48
axg-08705,real,216,44,58
axg-08706,real,159,32,39
axg-08707,real,229,50,59
axg-08708,real,195,43,53
axg-08709,real,389,83,118
axg-08710,real,314,67,82
axg-08711,real,234,51,68
axg-08712,real,219,43,65
axg-08713,real,196,43,55
axg-08714,real,248,52,67
axg-08715,real,217,45,62
axg-08716,real,235,52,66
axg-08717,real,367,80,98
axg-08718,real,264,54,68
axg-08719,real,133,29,33
axg-08720,real,272,58,72
axg-08721,real,235,52,69
axg-08722,real,294,67,79
axg-08723,real,190,42,53
axg-08724,real,275,60,76
axg-08725,real,175,36,53
axg-08726,real,246,53,67
axg-08727,real,184,42,56
axg-08728,real,217,47,69
axg-08729,real,241,52,78
axg-08730,real,245,55,72
axg-08731,real,264,57,65
axg-08732,real,190,42,47
axg-08733,real,193,44,52
axg-08734,real,261,59,71
axg-08735,real,328,70,89
axg-08736,real,234,49,62
axg-08737,real,238,53,64
axg-08738,real,154,36,45
axg-08739,real,204,48,58
axg-08740,real,161,34,40
axg-08741,real,175,37,47
axg-08742,real,195,43,52
axg-08743,real,286,64,83
axg-08744,real,249,54,65
axg-08745,real,276,60,72
axg-08746,real,142,28,36
axg-08747,real,278,64,85
axg-08748,real,166,36,46
axg-08749,real,289,63,74
axg-08750,real,303,68,83
axg-08751,real,196,46,58
axg-08752,real,211,45,61
axg-08753,real,147,33,40
axg-08754,real,116,24,31
axg-08755,real,132,30,36
axg-08756,real,110,25,29
axg-08757,real,175,38,52
axg-08758,real,125,25,33
axg-08759,real,235,50,65
axg-08760,real,211,45,58
axg-08761,real,151,30,40
axg-08762,real,184,37,47
axg-08763,real,107,23,31
axg-08764,real,185,42,49
axg-08765,real,159,35,45
axg-08766,real,292,64,89
axg-08767,real,272,65,78
axg-08768,real,187,40,53
axg-08769,real,183,37,59
axg-08770,real,144,30,39
axg-08771,real,157,31,41
axg-08772,real,162,35,46
axg-08773,real,220,42,56
axg-08774,real,234,50,67
axg-08775,real,224,50,60
axg-08776,real,193,42,58
axg-08777,real,198,47,57
axg-08778,real,191,41,49
axg-08779,real,257,60,71
axg-08780,real,219,52,58
axg-08781,real,214,41,55
axg-08782,real,183,37,54
axg-08783,real,221,45,67
axg-08784,real,134,29,33
axg-08785,real,207,46,52
axg-08786,real,171,40,45
axg-08787,real,171,33,43
axg-08788,real,196,41,52
axg-08789,real,175,38,47
axg-08790,real,235,48,63
axg-08791,real,233,52,61
axg-08792,real,299,62,74
axg-08793,real,202,42,49
axg-08794,real,222,49,62
axg-08795,real,209,44,54
axg-08796,real,311,68,86
axg-08797,real,194,42,46
axg-08798,real,150,30,47
axg-08799,real,182,36,45
axg-08800,real,196,42,48
axg-08801,real,209,48,62
axg-08802,real,175,39,55
axg-08803,real,218,40,51
axg-08804,real,225,46,58
axg-08805,real,413,86,115
axg-08806,real,189,42,64
axg-08807,real,212,47,63
axg-08808,real,239,44,70
axg-08809,real,108,24,32
axg-08810,real,220,44,54
axg-08811,real,273,59,69
axg-08812,real,258,56,79
axg-08813,real,153,33,45
axg-08814,real,244,51,64
axg-08815,real,241,54,66
axg-08816,real,165,39,45
axg-08817,real,259,54,83
axg-08818,real,253,51,65
axg-08819,real,229,47,57
axg-08820,real,228,49,57
axg-08821,real,179,38,50
axg-08822,real,305,65,78
axg-08823,real,226,48,62
axg-08824,real,262,57,66
axg-08825,real,177,37,47
axg-08826,real,182,39,57
axg-08827,real,110,24,35
axg-08828,real,79,14,25
axg-08829,real,91,20,24
axg-08830,real,90,18,25
axg-08831,real,64,15,21
axg-08832,real,70,15,24
axg-08833,real,63,13,21
axg-08834,real,88,17,29
axg-08835,real,77,17,24
axg-08836,real,99,20,28
axg-08837,real,66,13,22
axg-08838,real,106,23,30
axg-08839,real,56,12,21
axg-08840,real,107,21,35
axg-08841,real,51,11,17
axg-08842,real,67,14,24
axg-08843,real,74,14,23
axg-08844,real,64,13,24
axg-08845,real,101,23,33
axg-08846,real,93,19,29
axg-08847,real,81,16,30
axg-08848,real,98,20,32
axg-08849,real,94,21,29
axg-08850,real,104,25,31
axg-08851,real,50,10,15
axg-08852,real,71,15,22
axg-08853,real,74,14,27
axg-08854,real,89,20,27
axg-08855,real,67,14,18
axg-08856,real,116,23,33
axg-08857,real,67,15,20
axg-08858,real,96,20,32
axg-08859,real,106,23,36
axg-08860,real,86,19,24
axg-08861,real,95,20,28
axg-08862,real,96,19,30
axg-08863,real,111,23,32
axg-08864,real,84,17,30
axg-08865,real,86,17,29
axg-08866,real,75,16,21
axg-08867,real,122,24,40
axg-08868,real,94,19,27
axg-08869,real,93,19,34
axg-08870,real,100,21,29
axg-08871,real,126,26,40
axg-08872,real,96,20,35
axg-08873,real,85,17,29
axg-08874,real,61,13,23
axg-08875,real,58,14,22
axg-08876,real,64,14,21
axg-08877,real,85,17,25
axg-08878,real,71,13,21
axg-08879,real,78,16,25
axg-08880,real,76,15,26
axg-08881,real,105,21,29
axg-08882,real,72,17,28
axg-08883,real,95,20,26
axg-08884,real,119,23,31
axg-08885,real,84,19,27
axg-08886,real,85,18,26
axg-08887,real,81,16,27
axg-08888,real,82,17,27
axg-08889,real,70,16,23
axg-08890,real,144,29,48
axg-08891,real,102,21,32
axg-08892,real,123,25,41
axg-08893,real,100,21,32
axg-08894,real,82,18,28
axg-08895,real,95,18,35
axg-08896,real,91,19,30
axg-08897,real,85,18,24
axg-08898,real,82,18,27
axg-08899,real,68,14,23
axg-08900,real,93,20,26
axg-08901,real,73,14,22
axg-08902,real,54,13,22
axg-08903,real,65,15,21
axg-08904,real,68,15,21
axg-08905,real,83,16,23
axg-08906,real,123,26,40
axg-08907,real,105,21,35
axg-08908,real,102,23,38
axg-08909,real,113,22,38
axg-08910,real,57,11,19
axg-08911,real,74,16,27
axg-08912,real,135,31,37
axg-08913,real,104,22,33
axg-08914,real,116,23,30
axg-08915,real,82,16,22
axg-08916,real,88,16,26
axg-08917,real,97,18,27
axg-08918,real,93,20,30
axg-08919,real,78,16,28
axg-08920,real,124,27,41
axg-08921,real,85,17,27
axg-08922,real,94,21,29
axg-08923,real,63,13,20
axg-08924,real,54,12,18
axg-08925,real,88,16,29
axg-08926,real,76,15,21
axg-08927,real,88,19,29
axg-08928,real,68,13,27
axg-08929,real,71,16,25
axg-08930,real,102,20,31
axg-08931,real,99,19,30
axg-08932,real,60,13,18
axg-08933,real,105,22,33
axg-08934,real,69,14,22
axg-08935,real,69,14,23
axg-08936,real,72,13,23
axg-08937,real,97,20,28
axg-08938,real,65,13,16
axg-08939,real,63,11,22
axg-08940,real,75,18,23
axg-08941,real,89,17,24
axg-08942,real,70,14,22
axg-08943,real,87,15,27
axg-08944,real,77,19,25
axg-08945,real,78,16,28
axg-08946,real,113,23,31
axg-08947,real,59,11,15
axg-08948,real,127,33,41
axg-08949,real,89,17,32
axg-08950,real,71,13,20
axg-08951,real,78,17,23
axg-08952,real,63,12,18
axg-08953,real,76,16,25
axg-08954,real,111,22,32
axg-08955,real,114,23,31
axg-08956,real,86,19,26
axg-08957,real,34,5,13
axg-08958,real,65,14,22
axg-08959,real,66,14,22
axg-08960,real,41,9,18
axg-08961,real,74,16,22
axg-08962,real,88,18,26
axg-08963,real,64,14,21
axg-08964,real,65,12,16
axg-08965,real,64,15,24
axg-08966,real,54,11,15
axg-08967,real,41,8,15
axg-08968,real,70,15,23
axg-08969,real,77,15,26
axg-08970,real,70,14,18
axg-08971,real,57,10,20
axg-08972,real,54,12,17
axg-08973,real,40,8,12
axg-08974,real,44,11,14
axg-08975,real,80,17,22
axg-08976,real,64,13,20
axg-08977,real,77,15,25
axg-08978,real,37,8,12
axg-08979,real,107,23,32
axg-08980,real,40,10,14
axg-08981,real,84,17,26
axg-08982,real,87,22,30
axg-08983,real,37,7,10
axg-08984,real,41,8,15
axg-08985,real,53,10,17
axg-08986,real,75,14,20
axg-08987,real,25,4,10
axg-08988,real,28,5,9
axg-08989,real,68,14,18
axg-08990,real,83,17,19
axg-08991,real,71,16,21
axg-08992,real,39,9,13
axg-08993,real,46,10,14
axg-08994,real,62,15,20
axg-08995,real,84,16,21
axg-08996,real,67,15,25
axg-08997,real,32,7,10
axg-08998,real,37,8,12
axg-08999,real,62,14,19
axg-09000,real,125,29,41
axg-09001,real,80,16,23
axg-09002,real,59,14,21
axg-09003,real,84,19,26
axg-09004,real,104,25,33
axg-09005,real,72,14,18
axg-09006,real,70,14,16
axg-09007,real,74,15,19
axg-09008,real,142,31,41
axg-09009,real,50,11,16
axg-09010,real,66,13,22
axg-09011,real,96,22,32
axg-09012,real,65,14,23
axg-09013,real,68,15,25
axg-09014,real,96,18,27
axg-09015,real,64,14,20
axg-09016,real,80,16,29
axg-09017,real,78,17,27
axg-09018,real,70,16,19
axg-09019,real,61,12,18
axg-09020,real,72,15,22
axg-09021,real,65,14,19
axg-09022,real,68,15,24
axg-09023,real,99,25,35
axg-09024,real,118,25,32
axg-09025,real,55,11,18
axg-09026,real,83,18,23
axg-09027,real,77,16,22
axg-09028,real,89,18,33
axg-09029,real,77,19,27
axg-09030,real,113,23,32
axg-09031,real,82,16,22
axg-09032,real,47,9,13
axg-09033,real,93,21,32
axg-09034,real,107,24,38
axg-09035,real,83,17,25
axg-09036,real,87,19,26
axg-09037,real,40,8,17
axg-09038,real,100,22,28
axg-09039,real,49,12,18
axg-09040,real,65,17,21
axg-09041,real,62,13,21
axg-09042,real,105,19,39
axg-09043,real,71,17,33
axg-09044,real,120,26,41
axg-09045,real,68,14,23
axg-09046,real,31,6,11
axg-09047,real,76,16,23
axg-09048,real,121,22,42
axg-09049,real,89,21,26
axg-09050,real,50,11,16
axg-09051,real,68,16,24
axg-09052,real,116,24,32
axg-09053,real,85,16,26
axg-09054,real,77,17,24
axg-09055,real,120,25,32
axg-09056,real,102,21,34
axg-09057,real,78,16,23
axg-09058,real,66,15,22
axg-09059,real,72,16,24
axg-09060,real,106,23,31
axg-09061,real,61,13,18
axg-09062,real,80,16,20
axg-09063,real,85,16,26
axg-09064,real,110,23,34
axg-09065,real,96,18,29
axg-09066,real,115,23,37
axg-09067,real,70,15,21
axg-09068,real,73,14,22
axg-09069,real,78,16,27
axg-09070,real,113,28,34
axg-09071,real,84,17,30
axg-09072,real,105,22,30
axg-09073,real,79,15,27
axg-09074,real,77,18,23
axg-09075,real,38,6,17
axg-09076,real,93,21,30
axg-09077,real,82,16,28
axg-09078,real,75,14,24
axg-09079,real,84,17,27
axg-09080,real,79,16,22
axg-09081,real,92,20,30
axg-09082,real,76,16,21
axg-09083,real,81,15,21
axg-09084,real,128,30,41
axg-09085,real,64,15,24
axg-09086,real,84,18,26
axg-09087,real,95,20,32
axg-09088,real,65,14,21
axg-09089,real,80,14,22
axg-09090,real,73,16,22
axg-09091,real,82,16,25
axg-09092,real,57,11,18
axg-09093,real,74,17,21
axg-09094,real,128,29,39
axg-09095,real,93,21,29
axg-09096,real,76,17,26
axg-09097,real,75,14,24
axg-09098,real,83,18,28
axg-09099,real,79,18,26
axg-09100,real,111,23,32
axg-09101,real,96,18,35
axg-09102,real,46,8,18
axg-09103,real,77,18,24
axg-09104,real,74,17,22
axg-09105,real,89,17,26
axg-09106,real,96,19,32
axg-09107,real,106,22,32
axg-09108,real,48,11,19
axg-09109,real,50,10,23
axg-09110,real,94,22,31
axg-09111,real,93,23,32
axg-09112,real,116,25,39
axg-09113,real,73,17,25
axg-09114,real,110,22,37
axg-09115,real,69,14,21
axg-09116,real,97,21,31
axg-09117,real,101,23,29
axg-09118,real,79,14,22
axg-09119,real,73,18,26
axg-09120,real,84,20,24
axg-09121,real,60,13,23
axg-09122,real,131,27,38
axg-09123,real,55,12,19
axg-09124,real,89,21,27
axg-09125,real,84,16,24
axg-09126,real,71,15,20
axg-09127,real,109,22,36
axg-09128,real,86,19,28
axg-09129,real,87,18,25
axg-09130,real,89,19,28
axg-09131,real,99,22,29
axg-09132,real,75,16,21
axg-09133,real,116,24,33
axg-09134,real,66,14,22
axg-09135,real,84,17,28
axg-09136,real,87,17,29
axg-09137,real,87,21,28
axg-09138,real,82,16,30
axg-09139,real,84,17,29
axg-09140,real,71,15,21
axg-09141,real,64,14,21
axg-09142,real,83,17,26
axg-09143,real,86,19,28
axg-09144,real,72,14,24
axg-09145,real,71,16,22
axg-09146,real,72,14,22
axg-09147,real,118,26,37
axg-09148,real,100,20,29
axg-09149,real,67,13,21
axg-09150,real,101,20,35
axg-09151,real,74,16,26
axg-09152,real,63,12,22
axg-09153,real,47,9,21
axg-09154,real,72,17,25
axg-09155,real,73,13,26
axg-09156,real,51,11,19
axg-09157,real,52,10,20
axg-09158,real,276,60,73
axg-09159,real,107,23,34
axg-09160,real,57,12,18
axg-09161,real,67,14,17
axg-09162,real,80,18,25
axg-09163,real,77,17,27
axg-09164,real,81,15,26
axg-09165,real,74,15,26
axg-09166,real,34,7,12
axg-09167,real,124,27,35
axg-09168,real,83,17,31
axg-09169,real,82,17,30
axg-09170,real,116,24,36
axg-09171,real,91,22,36
axg-09172,real,110,23,30
axg-09173,real,80,19,26
axg-09174,real,91,21,27
axg-09175,real,87,18,27
axg-09176,real,84,16,25
axg-09177,real,101,21,34
axg-09178,real,52,11,17
axg-09179,real,72,16,22
axg-09180,real,90,19,27
axg-09181,real,69,16,20
axg-09182,real,75,15,23
axg-09183,real,76,17,23
axg-09184,real,89,19,27
axg-09185,real,48,11,18
axg-09186,real,55,10,18
axg-09187,real,65,14,21
axg-09188,real,69,14,23
axg-09189,real,77,17,22
axg-09190,real,91,18,29
axg-09191,real,71,16,20
axg-09192,real,81,17,28
axg-09193,real,99,21,26
axg-09194,real,85,17,25
axg-09195,real,62,13,23
axg-09196,real,87,20,27
axg-09197,real,83,18,30
axg-09198,real,88,16,30
axg-09199,real,102,23,31
axg-09200,real,117,25,39
axg-09201,real,85,18,26
axg-09202,real,92,19,31
axg-09203,real,46,8,16
axg-09204,real,64,15,20
axg-09205,real,97,21,31
axg-09206,real,76,16,25
axg-09207,real,73,17,24
axg-09208,real,108,22,32
axg-09209,real,53,13,21
axg-09210,real,89,19,25
axg-09211,real,80,19,28
axg-09212,real,50,10,17
axg-09213,real,65,14,21
axg-09214,real,91,18,27
axg-09215,real,89,20,28
axg-09216,real,86,19,26
axg-09217,real,114,24,33
axg-09218,real,80,16,27
axg-09219,real,89,19,26
axg-09220,real,71,15,22
axg-09221,real,37,7,13
axg-09222,real,90,23,30
axg-09223,real,35,7,14
axg-09224,real,60,12,20
axg-09225,real,83,18,26
axg-09226,real,93,21,26
axg-09227,real,87,16,30
axg-09228,real,89,18,30
axg-09229,real,88,18,30
axg-09230,real,92,22,36
axg-09231,real,92,19,30
axg-09232,real,83,17,27
axg-09233,real,44,10,17
axg-09234,real,58,14,20
axg-09235,real,79,17,27
axg-09236,real,87,19,24
axg-09237,real,45,11,16
axg-09238,real,86,20,30
axg-09239,real,71,14,23
axg-09240,real,106,22,29
axg-09241,real,109,24,33
axg-09242,real,55,12,24
axg-09243,real,89,17,26
axg-09244,real,95,18,29
axg-09245,real,73,14,28
axg-09246,real,61,12,20
axg-09247,real,80,16,22
axg-09248,real,80,19,29
axg-09249,real,66,13,20
axg-09250,real,72,18,25
axg-09251,real,55,11,18
axg-09252,real,107,21,30
axg-09253,real,97,23,30
axg-09254,real,113,25,36
axg-09255,real,72,14,22
axg-09256,real,85,21,25
axg-09257,real,92,21,31
axg-09258,real,120,29,36
axg-09259,real,83,22,26
axg-09260,real,82,20,26
axg-09261,real,57,11,19
axg-09262,real,101,23,32
axg-09263,real,84,19,28
axg-09264,real,87,18,31
axg-09265,real,67,15,25
axg-09266,real,48,10,17
axg-09267,real,81,17,26
axg-09268,real,81,14,22
axg-09269,real,94,17,26
axg-09270,real,134,28,41
axg-09271,real,60,11,22
axg-09272,real,45,10,15
axg-09273,real,117,24,32
axg-09274,real,67,15,20
axg-09275,real,59,13,20
axg-09276,real,63,14,18
axg-09277,real,111,22,29
axg-09278,real,122,26,40
axg-09279,real,103,23,31
axg-09280,real,107,24,32
axg-09281,real,132,31,34
axg-09282,real,48,10,15
axg-09283,real,33,8,12
axg-09284,real,51,11,16
axg-09285,real,54,12,19
axg-09286,real,81,16,25
axg-09287,real,82,18,25
axg-09288,real,53,10,21
axg-09289,real,82,20,23
axg-09290,real,65,13,23
axg-09291,real,107,22,30
axg-09292,real,75,17,24
axg-09293,real,78,18,30
axg-09294,real,82,18,23
axg-09295,real,41,9,16
axg-09296,real,67,12,27
axg-09297,real,86,17,25
axg-09298,real,94,20,25
axg-09299,real,131,29,42
axg-09300,real,135,28,39
axg-09301,real,79,19,26
axg-09302,real,100,21,29
axg-09303,real,103,23,32
axg-09304,real,107,23,33
axg-09305,real,84,17,25
axg-09306,real,83,19,29
axg-09307,real,105,25,34
axg-09308,real,61,15,20
axg-09309,real,70,13,22
axg-09310,real,54,12,22
axg-09311,real,77,16,26
axg-09312,real,98,25,30
axg-09313,real,81,18,24
axg-09314,real,88,20,27
axg-09315,real,86,19,31
axg-09316,real,44,10,14
axg-09317,real,76,16,28
axg-09318,real,74,17,26
axg-09319,real,54,12,17
axg-09320,real,79,17,30
axg-09321,real,62,12,19
axg-09322,real,78,16,20
axg-09323,real,109,21,34
axg-09324,real,65,14,21
axg-09325,real,89,17,24
axg-09326,real,96,19,29
axg-09327,real,82,17,28
axg-09328,real,100,23,27
axg-09329,real,91,17,29
axg-09330,real,62,14,19
axg-09331,real,108,25,29
axg-09332,real,105,24,35
axg-09333,real,108,21,27
axg-09334,real,90,19,27
axg-09335,real,60,13,21
axg-09336,real,106,24,35
axg-09337,real,63,15,21
axg-09338,real,73,13,20
axg-09339,real,67,16,23
axg-09340,real,79,15,30
axg-09341,real,85,18,28
axg-09342,real,73,15,22
axg-09343,real,69,14,17
axg-09344,real,109,23,28
axg-09345,real,123,26,35
axg-09346,real,79,16,27
axg-09347,real,62,15,22
axg-09348,real,79,14,26
axg-09349,real,62,13,20
axg-09350,real,76,16,22
axg-09351,real,104,23,28
axg-09352,real,82,19,25
axg-09353,real,82,17,23
axg-09354,real,94,21,31
axg-09355,real,91,19,29
axg-09356,real,353,67,110
axg-09357,real,78,18,31
axg-09358,real,99,21,30
axg-09359,real,97,18,28
axg-09360,real,68,17,22
axg-09361,real,100,22,40
axg-09362,real,70,14,22
axg-09363,real,110,23,34
axg-09364,real,72,17,29
axg-09365,real,77,14,29
axg-09366,real,49,10,16
axg-09367,real,112,26,34
axg-09368,real,61,12,20
axg-09369,real,83,18,27
axg-09370,real,58,13,21
axg-09371,real,67,14,22
axg-09372,real,114,24,32
axg-09373,real,89,19,32
axg-09374,real,108,21,38
axg-09375,real,49,12,19
axg-09376,real,86,19,32
axg-09377,real,59,12,22
axg-09378,real,71,15,20
axg-09379,real,73,14,23
axg-09380,real,74,14,23
axg-09381,real,137,30,40
axg-09382,real,83,22,30
axg-09383,real,87,17,24
axg-09384,real,77,16,25
axg-09385,real,96,20,31
axg-09386,real,55,11,16
axg-09387,real,88,18,25
axg-09388,real,75,18,25
axg-09389,real,75,13,28
axg-09390,real,81,16,26
axg-09391,real,61,14,19
axg-09392,real,63,13,19
axg-09393,real,92,20,24
axg-09394,real,127,31,42
axg-09395,real,100,22,29
axg-09396,real,90,18,25
axg-09397,real,68,14,25
axg-09398,real,70,13,19
axg-09399,real,112,24,32
axg-09400,real,76,17,22
axg-09401,real,99,23,31
axg-09402,real,69,14,22
axg-09403,real,85,17,29
axg-09404,real,71,16,23
axg-09405,real,74,17,25
axg-09406,real,75,15,27
axg-09407,real,102,22,36
axg-09408,real,111,23,36
axg-09409,real,53,14,21
axg-09410,real,69,17,25
axg-09411,real,95,19,27
axg-09412,real,86,20,28
axg-09413,real,79,16,22
axg-09414,real,99,22,33
axg-09415,real,76,14,25
axg-09416,real,87,18,26
axg-09417,real,71,15,26
axg-09418,real,57,11,20
axg-09419,real,86,17,31
axg-09420,real,102,21,35
axg-09421,real,110,22,32
axg-09422,real,75,15,20
axg-09423,real,122,26,37
axg-09424,real,94,21,32
axg-09425,real,73,15,25
axg-09426,real,64,12,19
axg-09427,real,115,23,36
axg-09428,real,84,17,30
axg-09429,real,96,22,33
axg-09430,real,93,21,27
axg-09431,real,77,15,23
axg-09432,real,88,17,34
axg-09433,real,64,12,20
axg-09434,real,62,13,18
axg-09435,real,80,16,28
axg-09436,real,72,14,24
axg-09437,real,91,19,26
axg-09438,real,121,27,32
axg-09439,real,74,15,26
axg-09440,real,71,15,23
axg-09441,real,53,10,14
axg-09442,real,82,18,28
axg-09443,real,117,25,40
axg-09444,real,53,11,15
axg-09445,real,106,21,34
axg-09446,real,478,99,139
axg-09447,real,108,23,36
axg-09448,real,63,13,24
axg-09449,real,106,23,40
axg-09450,real,71,13,31
axg-09451,real,78,15,27
axg-09452,real,113,25,40
axg-09453,real,102,22,34
axg-09454,real,91,18,27
axg-09455,real,100,24,33
axg-09456,real,100,18,33
axg-09457,real,113,24,38
axg-09458,real,71,15,22
axg-09459,real,70,14,22
axg-09460,real,87,16,29
axg-09461,real,59,12,16
axg-09462,real,55,12,18
axg-09463,real,72,16,22
axg-09464,real,60,14,18
axg-09465,real,125,28,44
axg-09466,real,65,14,20
axg-09467,real,86,17,27
axg-09468,real,119,25,34
axg-09469,real,60,14,22
axg-09470,real,116,27,31
axg-09471,real,112,23,35
axg-09472,real,88,20,31
axg-09473,real,85,19,24
axg-09474,real,71,15,22
axg-09475,real,73,14,25
axg-09476,real,76,16,22
axg-09477,real,73,16,20
axg-09478,real,81,18,24
axg-09479,real,103,20,35
axg-09480,real,101,24,30
axg-09481,real,77,18,28
axg-09482,real,74,15,27
axg-09483,real,96,18,27
axg-09484,real,46,10,13
axg-09485,real,80,17,30
axg-09486,real,75,15,23
axg-09487,real,62,12,17
axg-09488,real,92,21,34
axg-09489,real,37,8,14
axg-09490,real,111,23,35
axg-09491,real,84,19,29
axg-09492,real,69,12,26
axg-09493,real,92,19,28
axg-09494,real,45,9,16
axg-09495,real,112,24,33
axg-09496,real,127,24,40
axg-09497,real,74,13,21
axg-09498,real,56,12,22
axg-09499,real,80,16,27
axg-09500,real,66,15,18
axg-09501,real,88,18,27
axg-09502,real,87,19,30
axg-09503,real,65,13,17
axg-09504,real,88,20,28
axg-09505,real,57,13,20
axg-09506,real,57,12,19
axg-09507,real,107,23,33
axg-09508,real,60,13,20
axg-09509,real,87,16,25
axg-09510,real,61,13,20
axg-09511,real,68,14,26
axg-09512,real,71,15,20
axg-09513,real,49,9,17
axg-09514,real,67,15,22
axg-09515,real,59,12,17
axg-09516,real,57,13,20
axg-09517,real,74,13,26
axg-09518,real,73,15,23
axg-09519,real,83,17,26
axg-09520,real,66,13,22
axg-09521,real,123,28,36
axg-09522,real,102,22,30
axg-09523,real,77,17,24
axg-09524,real,84,17,29
axg-09525,real,77,14,31
axg-09526,real,88,19,28
axg-09527,real,85,19,27
axg-09528,real,66,13,26
axg-09529,real,102,22,31
axg-09530,real,77,18,24
axg-09531,real,30,6,10
axg-09532,real,67,14,25
axg-09533,real,95,24,33
axg-09534,real,71,15,23
axg-09535,real,88,19,31
axg-09536,real,81,16,21
axg-09537,real,78,16,26
axg-09538,real,73,15,22
axg-09539,real,81,18,26
axg-09540,real,56,11,18
axg-09541,real,90,20,29
axg-09542,real,79,17,23
axg-09543,real,100,24,32
axg-09544,real,85,19,26
axg-09545,real,117,24,31
axg-09546,real,59,13,18
axg-09547,real,87,18,28
axg-09548,real,85,19,25
axg-09549,real,82,19,22
axg-09550,real,84,16,31
axg-09551,real,84,18,30
axg-09552,real,86,19,24
axg-09553,real,139,35,44
axg-09554,real,143,29,42
axg-09555,real,73,13,21
axg-09556,real,88,19,24
axg-09557,real,71,13,20
axg-09558,real,106,23,29
axg-09559,real,88,19,30
axg-09560,real,103,23,30
axg-09561,real,102,19,35
axg-09562,real,75,14,26
axg-09563,real,49,10,17
axg-09564,real,72,15,26
axg-09565,real,93,19,27
axg-09566,real,83,19,26
axg-09567,real,80,18,27
axg-09568,real,106,25,38
axg-09569,real,147,27,50
axg-09570,real,93,19,27
axg-09571,real,106,23,29
axg-09572,real,91,18,30
axg-09573,real,77,18,25
axg-09574,real,72,16,23
axg-09575,real,60,13,21
axg-09576,real,71,15,20
axg-09577,real,68,12,18
axg-09578,real,89,20,27
axg-09579,real,85,17,25
axg-09580,real,84,15,25
axg-09581,real,77,16,26
axg-09582,real,86,18,28
axg-09583,real,102,21,32
axg-09584,real,79,18,23
axg-09585,real,131,26,43
axg-09586,real,80,16,27
axg-09587,real,85,18,29
axg-09588,real,72,15,25
axg-09589,real,71,14,24
axg-09590,real,90,19,27
axg-09591,real,92,19,28
axg-09592,real,103,22,29
axg-09593,real,75,16,22
axg-09594,real,85,19,25
axg-09595,real,72,17,21
axg-09596,real,97,19,25
axg-09597,real,88,18,26
axg-09598,real,75,12,31
axg-09599,real,132,27,42
axg-09600,real,106,21,32
axg-09601,real,70,14,24
axg-09602,real,86,18,26
axg-09603,real,83,19,24
axg-09604,real,90,17,30
axg-09605,real,78,16,29
axg-09606,real,115,23,34
axg-09607,real,60,11,23
axg-09608,real,59,13,20
axg-09609,real,56,11,21
axg-09610,real,60,12,20
axg-09611,real,105,22,32
axg-09612,real,71,14,20
axg-09613,real,99,20,27
axg-09614,real,59,12,19
axg-09615,real,79,18,24
axg-09616,real,60,13,18
axg-09617,real,67,15,22
axg-09618,real,103,19,30
axg-09619,real,91,16,26
axg-09620,real,76,14,25
axg-09621,real,74,15,21
axg-09622,real,56,12,18
axg-09623,real,73,15,18
axg-09624,real,118,27,37
axg-09625,real,86,16,24
axg-09626,real,69,16,20
axg-09627,real,107,21,39
axg-09628,real,63,14,21
axg-09629,real,95,21,34
axg-09630,real,75,15,27
axg-09631,real,80,19,25
axg-09632,real,117,26,34
axg-09633,real,57,10,20
axg-09634,real,78,18,26
axg-09635,real,124,29,41
axg-09636,real,345,61,104
axg-09637,real,86,19,27
axg-09638,real,75,15,20
axg-09639,real,395,89,111
axg-09640,real,98,20,32
axg-09641,real,68,14,21
axg-09642,real,76,16,20
axg-09643,real,84,18,24
axg-09644,real,77,16,23
axg-09645,real,62,13,21
axg-09646,real,112,23,35
axg-09647,real,453,96,120
axg-09648,real,83,17,30
axg-09649,real,80,16,28
axg-09650,real,45,10,15
axg-09651,real,88,19,29
axg-09652,real,76,17,23
axg-09653,real,72,17,22
axg-09654,real,62,16,24
axg-09655,real,75,16,24
axg-09656,real,71,13,18
axg-09657,real,98,20,27
axg-09658,real,72,16,22
axg-09659,real,54,11,20
axg-09660,real,53,11,18
axg-09661,real,81,17,24
axg-09662,real,47,10,16
axg-09663,real,65,14,24
axg-09664,real,72,15,26
axg-09665,real,583,123,150
axg-09666,real,715,154,195
axg-09667,real,49,10,15
axg-09668,real,78,17,22
axg-09669,real,75,15,22
axg-09670,real,56,11,21
axg-09671,real,96,20,36
axg-09672,real,56,11,22
axg-09673,real,79,16,27
axg-09674,real,98,20,28
axg-09675,real,82,18,28
axg-09676,real,61,13,19
axg-09677,real,50,10,15
axg-09678,real,111,26,33
axg-09679,real,64,13,24
axg-09680,real,92,18,24
axg-09681,real,75,17,27
axg-09682,real,75,16,24
axg-09683,real,146,30,41
axg-09684,real,90,20,33
axg-09685,real,77,17,27
axg-09686,real,84,19,27
axg-09687,real,87,18,29
axg-09688,real,310,68,95
axg-09689,real,67,16,23
axg-09690,real,51,11,17
axg-09691,real,46,10,15
axg-09692,real,89,19,28
axg-09693,real,205,42,59
axg-09694,real,364,74,91
axg-09695,real,150,34,45
axg-09696,real,167,36,45
axg-09697,real,212,47,59
axg-09698,real,261,55,71
axg-09699,real,371,75,93
axg-09700,real,88,17,31
axg-09701,real,86,19,25
axg-09702,real,53,12,17
axg-09703,real,85,18,26
axg-09704,real,76,16,26
axg-09705,real,75,16,22
axg-09706,real,76,16,28
axg-09707,real,88,19,24
axg-09708,real,100,22,29
axg-09709,real,93,18,27
axg-09710,real,78,14,28
axg-09711,real,90,20,28
axg-09712,real,92,16,31
axg-09713,real,90,22,28
axg-09714,real,101,21,29
axg-09715,real,436,88,117
axg-09716,real,727,155,199
axg-09717,real,127,27,36
axg-09718,real,405,92,127
axg-09719,real,103,21,30
axg-09720,real,100,20,29
axg-09721,real,81,16,25
axg-09722,real,85,17,23
axg-09723,real,94,21,27
axg-09724,real,87,19,33
axg-09725,real,92,19,27
axg-09726,real,93,20,31
axg-09727,real,60,12,16
axg-09728,real,118,24,34
axg-09729,real,46,9,15
axg-09730,real,50,13,18
axg-09731,real,45,9,17
axg-09732,real,56,13,20
axg-09733,real,97,22,31
axg-09734,real,85,19,28
axg-09735,real,96,20,29
axg-09736,real,85,16,27
axg-09737,real,111,23,33
axg-09738,real,105,23,33
axg-09739,real,67,13,15
axg-09740,real,87,18,25
axg-09741,real,96,20,32
axg-09742,real,55,11,16
axg-09743,real,91,18,29
axg-09744,real,68,15,19
axg-09745,real,98,20,32
axg-09746,real,52,8,21
axg-09747,real,55,12,14
axg-09748,real,58,11,20
axg-09749,real,102,21,32
axg-09750,real,91,18,22
axg-09751,real,100,21,27
axg-09752,real,69,15,18
axg-09753,real,66,14,19
axg-09754,real,65,12,18
axg-09755,real,62,11,13
axg-09756,real,64,14,19
axg-09757,real,48,10,16
axg-09758,real,61,14,20
axg-09759,real,56,12,17
axg-09760,real,75,13,19
axg-09761,real,75,16,22
axg-09762,real,84,19,24
axg-09763,real,66,13,18
axg-09764,real,60,12,18
axg-09765,real,60,12,17
axg-09766,real,70,14,21
axg-09767,real,54,10,18
axg-09768,real,66,14,19
axg-09769,real,65,12,18
axg-09770,real,56,13,18
axg-09771,real,60,12,21
axg-09772,real,68,13,19
axg-09773,real,269,54,98
axg-09774,real,151,33,39
axg-09775,real,184,40,49
axg-09776,real,309,65,86
axg-09777,real,215,47,60
axg-09778,real,161,32,41
axg-09779,real,285,57,68
axg-09780,real,113,24,30
axg-09781,real,176,39,44
axg-09782,real,162,34,40
axg-09783,real,123,28,41
axg-09784,real,180,39,52
axg-09785,real,241,50,66
axg-09786,real,182,39,49
axg-09787,real,211,47,66
axg-09788,real,192,37,56
axg-09789,real,250,52,71
axg-09790,real,369,79,114
axg-09791,real,151,33,39
axg-09792,real,184,40,49
axg-09793,real,309,65,86
axg-09794,real,394,88,115
axg-09795,real,161,32,41
axg-09796,real,285,57,68
axg-09797,real,113,24,30
axg-09798,real,176,39,44
axg-09799,real,162,34,40
axg-09800,real,123,28,41
axg-09801,real,180,39,52
axg-09802,real,241,50,66
axg-09803,real,182,39,49
axg-09804,real,211,47,66
axg-09805,real,192,37,56
axg-09806,real,250,52,71
axg-09807,real,123,25,31
axg-09808,real,111,23,30
axg-09809,real,179,39,55
axg-09810,real,229,46,64
axg-09811,real,148,33,41
axg-09812,real,122,27,33
axg-09813,real,147,30,38
axg-09814,real,87,17,25
axg-09815,real,96,19,27
axg-09816,real,256,54,82
axg-09817,real,165,31,48
axg-09818,real,207,50,65
axg-09819,real,70,15,21
axg-09820,real,243,49,74
axg-09821,real,89,23,29
axg-09822,real,131,28,39
axg-09823,real,67,13,21
axg-09824,real,62,14,17
axg-09825,real,177,35,53
axg-09826,real,197,41,53
axg-09827,real,193,37,53
axg-09828,real,244,49,59
axg-09829,real,827,190,231
axg-09830,real,151,33,39
axg-09831,real,184,40,49
axg-09832,real,309,65,86
axg-09833,real,215,47,60
axg-09834,real,161,32,41
axg-09835,real,285,57,68
axg-09836,real,113,24,30
axg-09837,real,176,39,44
axg-09838,real,162,34,40
axg-09839,real,123,28,41
axg-09840,real,180,39,52
axg-09841,real,232,48,63
axg-09842,real,182,39,49
axg-09843,real,211,47,66
axg-09844,real,192,37,56
axg-09845,real,250,52,71
axg-09846,real,123,25,31
axg-09847,real,111,23,30
axg-09848,real,179,39,55
axg-09849,real,229,46,64
axg-09850,real,88,18,32
axg-09851,real,95,22,34
axg-09852,real,96,20,31
axg-09853,real,122,26,39
axg-09854,real,94,20,35
axg-09855,real,95,19,34
axg-09856,real,110,26,36
axg-09857,real,121,27,35
axg-09858,real,105,21,35
axg-09859,real,97,19,27
axg-09860,real,111,25,34
axg-09861,real,113,23,30
axg-09862,real,103,24,31
axg-09863,real,93,21,27
axg-09864,real,91,21,27
axg-09865,real,103,23,35
axg-09866,real,91,19,30
axg-09867,real,97,22,36
axg-09868,real,83,18,26
axg-09869,real,99,23,30
axg-09870,real,126,26,41
axg-09871,real,72,15,22
axg-09872,real,96,18,25
axg-09873,real,140,31,49
axg-09874,real,93,19,26
axg-09875,real,84,18,32
axg-09876,real,94,22,29
axg-09877,real,92,22,29
axg-09878,real,118,27,42
axg-09879,real,88,18,30
axg-09880,real,108,20,32
axg-09881,real,96,20,30
axg-09882,real,86,18,28
axg-09883,real,109,26,33
axg-09884,real,110,25,30
axg-09885,real,121,27,35
axg-09886,real,101,23,32
axg-09887,real,104,23,33
axg-09888,real,110,27,31
axg-09889,real,109,25,35
axg-09890,real,103,20,29
axg-09891,real,101,22,32
axg-09892,real,115,23,36
axg-09893,real,83,19,21
axg-09894,real,87,19,23
axg-09895,real,96,24,31
axg-09896,real,83,19,35
axg-09897,real,95,22,29
axg-09898,real,111,25,43
axg-09899,real,104,22,33
axg-09900,real,109,26,32
axg-09901,real,119,26,35
axg-09902,real,98,20,31
axg-09903,real,413,91,119
axg-09904,real,115,23,30
axg-09905,real,109,26,38
axg-09906,real,119,29,36
axg-09907,real,108,26,33
axg-09908,real,100,25,32
axg-09909,real,109,24,35
axg-09910,real,98,22,28
axg-09911,real,101,24,32
axg-09912,real,109,23,28
axg-09913,real,88,19,29
axg-09914,real,88,18,23
axg-09915,real,344,74,87
axg-09916,real,93,18,29
axg-09917,real,80,18,24
axg-09918,real,105,25,33
axg-09919,real,126,30,37
axg-09920,real,99,22,38
axg-09921,real,92,17,27
axg-09922,real,110,25,36
axg-09923,real,104,20,30
axg-09924,real,95,21,33
axg-09925,real,102,24,31
axg-09926,real,105,22,33
axg-09927,real,98,22,34
axg-09928,real,87,18,28
axg-09929,real,117,28,36
axg-09930,real,110,22,32
axg-09931,real,68,14,22
axg-09932,real,107,26,34
axg-09933,real,82,18,25
axg-09934,real,122,29,42
axg-09935,real,111,25,33
axg-09936,real,93,18,26
axg-09937,real,118,27,38
axg-09938,real,97,19,32
axg-09939,real,87,19,27
axg-09940,real,85,18,27
axg-09941,real,94,19,26
axg-09942,real,107,22,32
axg-09943,real,127,25,40
axg-09944,real,111,26,34
axg-09945,real,79,16,21
axg-09946,real,94,20,30
axg-09947,real,100,22,34
axg-09948,real,132,28,38
axg-09949,real,94,20,31
axg-09950,real,75,13,24
axg-09951,real,99,21,27
axg-09952,real,105,25,28
axg-09953,real,88,20,25
axg-09954,real,93,19,35
axg-09955,real,104,23,30
axg-09956,real,107,25,35
axg-09957,real,92,19,30
axg-09958,real,111,23,32
axg-09959,real,94,20,28
axg-09960,real,87,18,25
axg-09961,real,102,23,37
axg-09962,real,93,21,29
axg-09963,real,94,20,28
axg-09964,real,98,21,28
axg-09965,real,102,21,30
axg-09966,real,96,23,29
axg-09967,real,74,16,28
axg-09968,real,118,25,39
axg-09969,real,102,23,32
axg-09970,real,107,26,31
axg-09971,real,89,19,32
axg-09972,real,79,16,38
axg-09973,real,106,20,29
axg-09974,real,111,22,31
axg-09975,real,92,20,34
axg-09976,real,86,18,28
axg-09977,real,112,26,38
axg-09978,real,98,22,31
axg-09979,real,89,18,29
axg-09980,real,84,17,31
axg-09981,real,106,21,37
axg-09982,real,115,25,32
axg-09983,real,77,15,20
axg-09984,real,75,16,27
axg-09985,real,85,19,26
axg-09986,real,100,23,30
axg-09987,real,117,27,37
axg-09988,real,92,17,39
axg-09989,real,103,24,31
axg-09990,real,93,21,32
axg-09991,real,99,22,35
axg-09992,real,94,22,30
axg-09993,real,109,25,37
axg-09994,real,104,27,33
axg-09995,real,96,20,29
axg-09996,real,76,15,21
axg-09997,real,81,18,26
axg-09998,real,101,23,34
axg-09999,real,90,20,28
axg-10000,real,89,19,33
axg-10001,real,91,19,26
axg-10002,real,111,24,36
axg-10003,real,75,17,28
axg-10004,real,94,23,31
axg-10005,real,77,17,23
axg-10006,real,81,17,28
axg-10007,real,92,18,28
axg-10008,real,124,27,38
axg-10009,real,121,28,36
axg-10010,real,77,18,29
axg-10011,real,93,17,30
axg-10012,real,76,17,30
axg-10013,real,592,120,157
axg-10014,real,87,19,25
axg-10015,real,109,23,33
axg-10016,real,85,19,30
axg-10017,real,84,18,28
axg-10018,real,121,28,44
axg-10019,real,108,24,33
axg-10020,real,78,16,26
axg-10021,real,98,18,29
axg-10022,real,556,122,164
axg-10023,real,85,20,24
axg-10024,real,80,19,26
axg-10025,real,447,100,115
axg-10026,real,343,65,104
axg-10027,real,105,24,34
axg-10028,real,418,92,123
axg-10029,real,93,20,26
axg-10030,real,86,19,29
axg-10031,real,96,20,27
axg-10032,real,87,17,24
axg-10033,real,84,21,28
axg-10034,real,131,26,36
axg-10035,real,104,21,25
axg-10036,real,593,125,165
axg-10037,real,73,14,22
axg-10038,real,111,24,35
axg-10039,real,92,20,28
axg-10040,real,355,79,95
axg-10041,real,96,19,26
axg-10042,real,391,84,106
axg-10043,real,91,17,25
axg-10044,real,353,75,99
axg-10045,real,89,19,29
axg-10046,real,386,83,101
axg-10047,real,529,114,142
axg-10048,real,511,104,137
axg-10049,real,313,63,87
axg-10050,real,90,20,33
axg-10051,real,334,78,98
axg-10052,real,92,22,34
axg-10053,real,93,21,35
axg-10054,real,114,29,34
axg-10055,real,92,20,36
axg-10056,real,96,20,30
axg-10057,real,104,23,35
axg-10058,real,108,25,31
axg-10059,real,94,23,34
axg-10060,real,124,32,40
axg-10061,real,93,20,30
axg-10062,real,77,16,24
axg-10063,real,92,21,29
axg-10064,real,116,29,40
axg-10065,real,90,20,30
axg-10066,real,84,19,23
axg-10067,real,76,17,23
axg-10068,real,110,24,36
axg-10069,real,85,17,26
axg-10070,real,230,49,60
axg-10071,real,400,85,108
axg-10072,real,107,23,37
axg-10073,real,576,124,164
axg-10074,real,488,108,142
axg-10075,real,87,20,29
axg-10076,real,98,22,36
axg-10077,real,103,24,32
axg-10078,real,82,16,29
axg-10079,real,81,15,25
axg-10080,real,83,17,26
axg-10081,real,98,19,33
axg-10082,real,425,89,122
axg-10083,real,325,71,90
