row_id,label,n_chars,n_words,n_subwords
ntf-00000,real,927,208,247
ntf-00001,real,837,182,232
ntf-00002,real,881,197,250
ntf-00003,real,455,99,124
ntf-00004,real,684,132,187
ntf-00005,real,464,93,121
ntf-00006,real,201,40,55
ntf-00007,real,572,121,156
ntf-00008,real,256,54,72
ntf-00009,real,629,133,191
ntf-00010,real,345,75,98
ntf-00011,real,609,119,161
ntf-00012,real,1008,210,247
ntf-00013,real,705,153,188
ntf-00014,real,937,215,264
ntf-00015,real,962,187,270
ntf-00016,real,346,60,96
ntf-00017,real,571,120,144
ntf-00018,real,209,45,63
ntf-00019,real,461,96,123
ntf-00020,real,836,161,236
ntf-00021,real,923,188,249
ntf-00022,real,583,122,163
ntf-00023,real,250,54,69
ntf-00024,real,802,180,230
ntf-00025,real,690,134,179
ntf-00026,real,338,72,87
ntf-00027,real,888,188,255
ntf-00028,real,639,119,176
ntf-00029,real,1155,228,325
ntf-00030,real,1092,240,299
ntf-00031,real,1133,226,302
ntf-00032,real,306,61,86
ntf-00033,real,659,149,171
ntf-00034,real,1246,241,330
ntf-00035,real,1079,225,299
ntf-00036,real,564,123,147
ntf-00037,real,544,107,164
ntf-00038,real,1392,260,396
ntf-00039,real,355,72,94
ntf-00040,real,1022,202,267
ntf-00041,real,807,157,203
ntf-00042,real,327,72,90
ntf-00043,real,1162,233,333
ntf-00044,real,733,153,178
ntf-00045,real,1662,314,437
ntf-00046,real,668,142,177
ntf-00047,real,655,150,191
ntf-00048,real,366,86,104
ntf-00049,real,891,191,234
ntf-00050,real,582,114,148
ntf-00051,real,737,150,222
ntf-00052,real,803,152,210
ntf-00053,real,1087,202,299
ntf-00054,real,650,137,180
ntf-00055,real,401,85,109
ntf-00056,real,1207,247,295
ntf-00057,real,430,94,120
ntf-00058,real,932,195,244
ntf-00059,real,353,77,97
ntf-00060,real,1316,280,333
ntf-00061,real,798,172,222
ntf-00062,real,1158,245,305
ntf-00063,real,1853,423,531
ntf-00064,real,696,136,197
ntf-00065,real,703,139,202
ntf-00066,real,755,165,203
ntf-00067,real,711,143,201
ntf-00068,real,782,166,211
ntf-00069,real,1036,226,292
ntf-00070,real,904,174,252
ntf-00071,real,371,74,104
ntf-00072,real,750,177,206
ntf-00073,real,907,193,241
ntf-00074,real,833,180,226
ntf-00075,real,604,126,171
ntf-00076,real,1021,220,297
ntf-00077,real,870,182,258
ntf-00078,real,580,129,178
ntf-00079,real,1360,290,347
ntf-00080,real,1245,256,351
ntf-00081,real,1113,249,304
ntf-00082,real,875,182,252
ntf-00083,real,1233,258,362
ntf-00084,real,1605,342,429
ntf-00085,real,768,153,205
ntf-00086,real,605,125,172
ntf-00087,real,406,82,109
ntf-00088,real,501,106,127
ntf-00089,real,1721,356,448
ntf-00090,real,927,203,244
ntf-00091,real,800,169,234
ntf-00092,real,556,119,150
ntf-00093,real,953,206,255
ntf-00094,real,690,135,189
ntf-00095,real,1395,294,370
ntf-00096,real,625,132,167
ntf-00097,real,999,214,274
ntf-00098,real,597,123,160
ntf-00099,real,864,189,246
ntf-00100,real,532,116,139
ntf-00101,real,725,146,205
ntf-00102,real,1126,221,293
ntf-00103,real,1049,234,280
ntf-00104,real,953,214,264
ntf-00105,real,1033,215,270
ntf-00106,real,1043,212,253
ntf-00107,real,1010,222,273
ntf-00108,real,911,197,260
ntf-00109,real,231,43,79
ntf-00110,real,928,201,275
ntf-00111,real,1207,252,341
ntf-00112,real,1081,225,291
ntf-00113,real,791,164,205
ntf-00114,real,1172,255,325
ntf-00115,real,382,81,103
ntf-00116,real,480,101,133
ntf-00117,real,1210,239,302
ntf-00118,real,947,212,263
ntf-00119,real,1018,207,289
ntf-00120,real,725,139,212
ntf-00121,real,1046,224,255
ntf-00122,real,1321,271,342
ntf-00123,real,1112,235,294
ntf-00124,real,1773,345,474
ntf-00125,real,896,178,250
ntf-00126,real,234,54,65
ntf-00127,real,1000,214,249
ntf-00128,real,1038,213,283
ntf-00129,real,503,113,132
ntf-00130,real,447,87,120
ntf-00131,real,408,90,119
ntf-00132,real,881,191,227
ntf-00133,real,845,186,233
ntf-00134,real,1154,245,313
ntf-00135,real,855,177,240
ntf-00136,real,1234,259,328
ntf-00137,real,1045,232,317
ntf-00138,real,1259,258,347
ntf-00139,real,724,152,196
ntf-00140,real,658,133,176
ntf-00141,real,829,180,217
ntf-00142,real,532,115,145
ntf-00143,real,794,166,226
ntf-00144,real,368,77,104
ntf-00145,real,402,90,111
ntf-00146,real,871,183,231
ntf-00147,real,781,165,203
ntf-00148,real,612,131,161
ntf-00149,real,344,73,94
ntf-00150,real,671,116,213
ntf-00151,real,303,60,76
ntf-00152,real,975,222,271
ntf-00153,real,607,128,172
ntf-00154,real,1034,206,288
ntf-00155,real,274,54,74
ntf-00156,real,897,176,239
ntf-00157,real,536,113,151
ntf-00158,real,681,131,208
ntf-00159,real,1085,229,296
ntf-00160,real,1658,338,411
ntf-00161,real,867,180,254
ntf-00162,real,626,132,169
ntf-00163,real,351,72,102
ntf-00164,real,1510,286,432
ntf-00165,real,499,110,131
ntf-00166,real,998,204,290
ntf-00167,real,900,178,238
ntf-00168,real,1604,322,418
ntf-00169,real,712,161,197
ntf-00170,real,456,91,124
ntf-00171,real,658,146,173
ntf-00172,real,1203,239,333
ntf-00173,real,344,77,95
ntf-00174,real,1014,225,280
ntf-00175,real,855,171,218
ntf-00176,real,448,92,126
ntf-00177,real,641,130,189
ntf-00178,real,923,194,257
ntf-00179,real,382,79,107
ntf-00180,real,846,169,232
ntf-00181,real,487,98,132
ntf-00182,real,633,139,173
ntf-00183,real,634,133,166
ntf-00184,real,633,136,182
ntf-00185,real,778,165,206
ntf-00186,real,894,190,256
ntf-00187,real,1097,243,310
ntf-00188,real,761,159,216
ntf-00189,real,859,188,226
ntf-00190,real,990,221,261
ntf-00191,real,686,147,190
ntf-00192,real,1220,259,337
ntf-00193,real,2083,439,570
ntf-00194,real,1090,230,307
ntf-00195,real,1068,234,289
ntf-00196,real,527,106,145
ntf-00197,real,793,161,212
ntf-00198,real,723,165,206
ntf-00199,real,912,193,250
ntf-00200,real,841,161,214
ntf-00201,real,672,148,194
ntf-00202,real,1081,209,336
ntf-00203,real,295,59,82
ntf-00204,real,785,158,199
ntf-00205,real,722,148,193
ntf-00206,real,896,192,245
ntf-00207,real,706,150,197
ntf-00208,real,1056,245,335
ntf-00209,real,641,136,166
ntf-00210,real,748,162,205
ntf-00211,real,589,124,155
ntf-00212,real,1164,255,304
ntf-00213,real,799,166,220
ntf-00214,real,437,98,141
ntf-00215,real,1403,298,367
ntf-00216,real,661,142,185
ntf-00217,real,1091,225,282
ntf-00218,real,1054,217,290
ntf-00219,real,615,132,178
ntf-00220,real,606,135,169
ntf-00221,real,900,186,240
ntf-00222,real,639,135,181
ntf-00223,real,1067,223,290
ntf-00224,real,898,184,246
ntf-00225,real,822,178,223
ntf-00226,real,236,53,66
ntf-00227,real,409,90,119
ntf-00228,real,381,84,109
ntf-00229,real,792,160,206
ntf-00230,real,2538,543,632
ntf-00231,real,1139,239,330
ntf-00232,real,624,135,165
ntf-00233,real,612,129,165
ntf-00234,real,870,190,225
ntf-00235,real,1143,235,291
ntf-00236,real,601,123,166
ntf-00237,real,584,121,162
ntf-00238,real,821,163,220
ntf-00239,real,1131,239,306
ntf-00240,real,479,105,130
ntf-00241,real,1152,234,316
ntf-00242,real,687,139,174
ntf-00243,real,752,154,182
ntf-00244,real,847,188,240
ntf-00245,real,879,182,240
ntf-00246,real,1045,235,307
ntf-00247,real,565,121,153
ntf-00248,real,680,149,178
ntf-00249,real,900,183,256
ntf-00250,real,734,160,216
ntf-00251,real,554,118,152
ntf-00252,real,355,70,94
ntf-00253,real,736,159,201
ntf-00254,real,519,117,149
ntf-00255,real,1104,239,295
ntf-00256,real,657,125,216
ntf-00257,real,811,173,219
ntf-00258,real,778,156,220
ntf-00259,real,1122,230,289
ntf-00260,real,680,143,183
ntf-00261,real,1362,276,359
ntf-00262,real,1291,270,345
ntf-00263,real,650,130,160
ntf-00264,real,946,202,260
ntf-00265,real,1054,226,272
ntf-00266,real,441,92,112
ntf-00267,real,768,157,216
ntf-00268,real,1122,244,295
ntf-00269,real,1225,253,318
ntf-00270,real,1146,226,291
ntf-00271,real,526,115,147
ntf-00272,real,906,191,247
ntf-00273,real,612,135,167
ntf-00274,real,739,160,193
ntf-00275,real,3053,628,853
ntf-00276,real,361,79,105
ntf-00277,real,752,159,219
ntf-00278,real,371,75,114
ntf-00279,real,884,175,249
ntf-00280,real,893,193,244
ntf-00281,real,1162,255,309
ntf-00282,real,753,171,215
ntf-00283,real,1766,385,484
ntf-00284,real,1038,215,300
ntf-00285,real,892,204,261
ntf-00286,real,906,191,247
ntf-00287,real,1060,218,284
ntf-00288,real,1177,239,300
ntf-00289,real,994,207,248
ntf-00290,real,984,193,261
ntf-00291,real,893,189,237
ntf-00292,real,1222,258,335
ntf-00293,real,754,163,205
ntf-00294,real,819,158,198
ntf-00295,real,1223,243,322
ntf-00296,real,905,200,239
ntf-00297,real,848,174,216
ntf-00298,real,2391,478,646
ntf-00299,real,484,109,130
ntf-00300,real,1142,249,325
ntf-00301,real,811,169,211
ntf-00302,real,1944,414,533
ntf-00303,real,928,195,246
ntf-00304,real,1141,241,301
ntf-00305,real,1185,247,333
ntf-00306,real,495,110,139
ntf-00307,real,1315,290,351
ntf-00308,real,389,93,116
ntf-00309,real,1042,232,273
ntf-00310,real,1086,206,284
ntf-00311,real,757,135,229
ntf-00312,real,580,121,163
ntf-00313,real,1525,300,397
ntf-00314,real,571,121,167
ntf-00315,real,860,185,240
ntf-00316,real,1444,299,366
ntf-00317,real,925,192,227
ntf-00318,real,550,122,154
ntf-00319,real,736,164,208
ntf-00320,real,942,195,267
ntf-00321,real,982,204,249
ntf-00322,real,2092,405,571
ntf-00323,real,842,186,234
ntf-00324,real,917,195,254
ntf-00325,real,348,84,94
ntf-00326,real,663,144,180
ntf-00327,real,748,134,193
ntf-00328,real,520,114,143
ntf-00329,real,509,113,145
ntf-00330,real,797,181,223
ntf-00331,real,796,172,215
ntf-00332,real,786,150,208
ntf-00333,real,851,180,239
ntf-00334,real,885,188,234
ntf-00335,real,657,147,186
ntf-00336,real,1155,232,341
ntf-00337,real,1092,206,322
ntf-00338,real,608,130,177
ntf-00339,real,1404,301,374
ntf-00340,real,508,109,137
ntf-00341,real,289,65,82
ntf-00342,real,1018,187,310
ntf-00343,real,657,149,185
ntf-00344,real,566,125,152
ntf-00345,real,694,127,194
ntf-00346,real,647,149,178
ntf-00347,real,905,199,250
ntf-00348,real,339,67,104
ntf-00349,real,666,144,179
ntf-00350,real,951,210,256
ntf-00351,real,807,177,226
ntf-00352,real,865,184,224
ntf-00353,real,890,186,216
ntf-00354,real,697,149,175
ntf-00355,real,953,201,240
ntf-00356,real,822,167,210
ntf-00357,real,707,148,187
ntf-00358,real,486,96,138
ntf-00359,real,422,94,122
ntf-00360,real,4343,942,1174
ntf-00361,real,1233,273,364
ntf-00362,real,448,94,128
ntf-00363,real,1041,217,303
ntf-00364,real,1200,265,314
ntf-00365,real,1592,328,442
ntf-00366,real,1171,262,311
ntf-00367,real,759,170,215
ntf-00368,real,1066,223,290
ntf-00369,real,338,68,89
ntf-00370,real,1111,255,306
ntf-00371,real,537,106,132
ntf-00372,real,688,149,177
ntf-00373,real,904,204,244
ntf-00374,real,766,159,212
ntf-00375,real,714,152,207
ntf-00376,real,393,84,114
ntf-00377,real,3425,725,904
ntf-00378,real,832,179,215
ntf-00379,real,899,183,226
ntf-00380,real,735,157,206
ntf-00381,real,940,187,251
ntf-00382,real,914,203,254
ntf-00383,real,1425,302,388
ntf-00384,real,797,166,220
ntf-00385,real,555,124,157
ntf-00386,real,682,143,188
ntf-00387,real,728,149,218
ntf-00388,real,456,92,135
ntf-00389,real,1085,216,299
ntf-00390,real,695,149,188
ntf-00391,real,1769,331,514
ntf-00392,real,1192,246,344
ntf-00393,real,1951,413,526
ntf-00394,real,1119,239,314
ntf-00395,real,887,197,232
ntf-00396,real,828,177,220
ntf-00397,real,967,200,261
ntf-00398,real,812,174,228
ntf-00399,real,545,116,158
ntf-00400,real,1449,310,393
ntf-00401,real,1053,212,301
ntf-00402,real,1309,275,337
ntf-00403,real,833,171,240
ntf-00404,real,817,149,239
ntf-00405,real,641,136,158
ntf-00406,real,1296,274,356
ntf-00407,real,983,208,249
ntf-00408,real,1057,220,284
ntf-00409,real,309,65,85
ntf-00410,real,947,206,250
ntf-00411,real,823,185,216
ntf-00412,real,978,198,280
ntf-00413,real,768,158,213
ntf-00414,real,1080,238,308
ntf-00415,real,990,217,246
ntf-00416,real,791,170,196
ntf-00417,real,688,147,173
ntf-00418,real,587,132,162
ntf-00419,real,1413,307,372
ntf-00420,real,1143,239,301
ntf-00421,real,1443,306,352
ntf-00422,real,957,187,259
ntf-00423,real,583,125,151
ntf-00424,real,764,167,213
ntf-00425,real,712,147,181
ntf-00426,real,872,201,239
ntf-00427,real,440,94,126
ntf-00428,real,947,204,242
ntf-00429,real,667,144,172
ntf-00430,real,687,145,185
ntf-00431,real,802,166,216
ntf-00432,real,411,74,139
ntf-00433,real,800,171,211
ntf-00434,real,1364,286,346
ntf-00435,real,1073,227,268
ntf-00436,real,722,155,195
ntf-00437,real,684,148,182
ntf-00438,real,1006,213,271
ntf-00439,real,844,165,234
ntf-00440,real,907,199,239
ntf-00441,real,704,157,199
ntf-00442,real,709,157,187
ntf-00443,real,797,162,214
ntf-00444,real,487,111,139
ntf-00445,real,936,203,248
ntf-00446,real,774,148,206
ntf-00447,real,2176,447,536
ntf-00448,real,315,65,83
ntf-00449,real,703,154,191
ntf-00450,real,700,149,176
ntf-00451,real,530,112,163
ntf-00452,real,971,197,274
ntf-00453,real,1100,223,291
ntf-00454,real,552,121,134
ntf-00455,real,1245,258,316
ntf-00456,real,1266,280,347
ntf-00457,real,1071,226,276
ntf-00458,real,722,160,193
ntf-00459,real,955,189,278
ntf-00460,real,335,73,87
ntf-00461,real,1183,259,346
ntf-00462,real,938,190,295
ntf-00463,real,1308,278,343
ntf-00464,real,691,138,180
ntf-00465,real,1297,273,323
ntf-00466,real,805,168,202
ntf-00467,real,1054,213,312
ntf-00468,real,994,197,257
ntf-00469,real,962,201,279
ntf-00470,real,796,171,199
ntf-00471,real,367,73,112
ntf-00472,real,792,182,231
ntf-00473,real,573,128,159
ntf-00474,real,657,147,184
ntf-00475,real,2276,447,623
ntf-00476,real,633,128,169
ntf-00477,real,744,124,207
ntf-00478,real,407,87,97
ntf-00479,real,996,210,256
ntf-00480,real,591,131,155
ntf-00481,real,574,129,159
ntf-00482,real,478,101,129
ntf-00483,real,777,164,186
ntf-00484,real,788,150,210
ntf-00485,real,552,115,125
ntf-00486,real,916,195,221
ntf-00487,real,812,176,216
ntf-00488,real,951,182,243
ntf-00489,real,645,133,168
ntf-00490,real,451,94,111
ntf-00491,real,1172,237,301
ntf-00492,real,512,103,133
ntf-00493,real,1976,429,500
ntf-00494,real,1318,270,330
ntf-00495,real,657,144,185
ntf-00496,real,674,148,185
ntf-00497,real,780,162,224
ntf-00498,real,1013,214,279
ntf-00499,real,312,73,89
ntf-00500,real,372,75,108
ntf-00501,real,1055,226,262
ntf-00502,real,909,185,217
ntf-00503,real,747,151,208
ntf-00504,real,1173,246,311
ntf-00505,real,1060,221,282
ntf-00506,real,714,157,190
ntf-00507,real,1083,232,297
ntf-00508,real,1472,319,413
ntf-00509,real,1005,215,269
ntf-00510,real,530,125,153
ntf-00511,real,832,158,227
ntf-00512,real,852,177,226
ntf-00513,real,903,199,232
ntf-00514,real,1803,361,454
ntf-00515,real,1040,224,274
ntf-00516,real,3535,713,920
ntf-00517,real,606,130,171
ntf-00518,real,1232,249,342
ntf-00519,real,621,135,161
ntf-00520,real,1125,246,305
ntf-00521,real,795,166,205
ntf-00522,real,711,155,175
ntf-00523,real,973,212,255
ntf-00524,real,887,194,237
ntf-00525,real,510,102,159
ntf-00526,real,715,148,203
ntf-00527,real,521,122,142
ntf-00528,real,4084,901,1105
ntf-00529,real,1071,235,285
ntf-00530,real,400,81,108
ntf-00531,real,700,143,185
ntf-00532,real,1078,237,302
ntf-00533,real,563,121,158
ntf-00534,real,646,140,191
ntf-00535,real,752,161,201
ntf-00536,real,1326,273,346
ntf-00537,real,647,134,197
ntf-00538,real,755,158,220
ntf-00539,real,462,100,135
ntf-00540,real,1534,315,407
ntf-00541,real,1177,252,333
ntf-00542,real,437,97,116
ntf-00543,real,555,123,138
ntf-00544,real,599,130,163
ntf-00545,real,756,164,212
ntf-00546,real,1013,219,254
ntf-00547,real,638,133,164
ntf-00548,real,429,86,116
ntf-00549,real,1116,235,279
ntf-00550,real,1463,305,396
ntf-00551,real,976,173,252
ntf-00552,real,722,155,192
ntf-00553,real,1044,223,259
ntf-00554,real,525,114,150
ntf-00555,real,486,104,122
ntf-00556,real,552,117,153
ntf-00557,real,670,145,188
ntf-00558,real,642,135,160
ntf-00559,real,348,75,107
ntf-00560,real,469,99,134
ntf-00561,real,780,158,217
ntf-00562,real,306,60,93
ntf-00563,real,905,195,255
ntf-00564,real,696,160,193
ntf-00565,real,965,209,240
ntf-00566,real,449,95,121
ntf-00567,real,389,82,100
ntf-00568,real,479,100,150
ntf-00569,real,624,130,170
ntf-00570,real,606,133,156
ntf-00571,real,852,180,220
ntf-00572,real,508,105,134
ntf-00573,real,546,119,148
ntf-00574,real,302,69,91
ntf-00575,real,1108,225,291
ntf-00576,real,865,186,231
ntf-00577,real,1548,331,403
ntf-00578,real,810,172,216
ntf-00579,real,419,86,116
ntf-00580,real,521,109,134
ntf-00581,real,358,80,96
ntf-00582,real,712,156,200
ntf-00583,real,398,81,93
ntf-00584,real,1234,252,343
ntf-00585,real,508,105,171
ntf-00586,real,349,72,92
ntf-00587,real,649,131,166
ntf-00588,real,459,102,140
ntf-00589,real,463,98,117
ntf-00590,real,1318,276,350
ntf-00591,real,946,198,247
ntf-00592,real,473,107,128
ntf-00593,real,221,46,68
ntf-00594,real,418,88,122
ntf-00595,real,904,194,233
ntf-00596,real,817,162,240
ntf-00597,real,541,114,143
ntf-00598,real,521,107,139
ntf-00599,real,998,225,269
ntf-00600,real,1136,220,304
ntf-00601,real,644,136,176
ntf-00602,real,438,86,113
ntf-00603,real,343,72,89
ntf-00604,real,824,176,216
ntf-00605,real,487,110,120
ntf-00606,real,444,94,120
ntf-00607,real,228,50,67
ntf-00608,real,773,175,209
ntf-00609,real,742,162,201
ntf-00610,real,567,126,156
ntf-00611,real,848,183,202
ntf-00612,real,1040,223,275
ntf-00613,real,972,216,239
ntf-00614,real,922,186,265
ntf-00615,real,1190,240,314
ntf-00616,real,989,215,292
ntf-00617,real,427,90,115
ntf-00618,real,534,114,147
ntf-00619,real,416,80,112
ntf-00620,real,371,74,94
ntf-00621,real,689,142,172
ntf-00622,real,654,141,168
ntf-00623,real,1027,217,255
ntf-00624,real,670,145,185
ntf-00625,real,247,52,72
ntf-00626,real,681,140,175
ntf-00627,real,945,180,265
ntf-00628,real,628,133,153
ntf-00629,real,508,105,142
ntf-00630,real,618,139,173
ntf-00631,real,537,117,143
ntf-00632,real,552,115,138
ntf-00633,real,579,109,162
ntf-00634,real,477,103,131
ntf-00635,real,908,191,223
ntf-00636,real,770,182,224
ntf-00637,real,674,148,187
ntf-00638,real,949,214,249
ntf-00639,real,651,137,174
ntf-00640,real,542,116,137
ntf-00641,real,578,121,158
ntf-00642,real,285,63,83
ntf-00643,real,1076,234,277
ntf-00644,real,1056,224,297
ntf-00645,real,483,105,123
ntf-00646,real,314,67,77
ntf-00647,real,738,151,234
ntf-00648,real,644,135,165
ntf-00649,real,1048,213,298
ntf-00650,real,1031,219,303
ntf-00651,real,461,100,132
ntf-00652,real,732,148,170
ntf-00653,real,903,191,253
ntf-00654,real,640,137,164
ntf-00655,real,366,79,99
ntf-00656,real,698,148,188
ntf-00657,real,461,104,125
ntf-00658,real,435,94,109
ntf-00659,real,618,131,166
ntf-00660,real,553,115,158
ntf-00661,real,347,76,107
ntf-00662,real,658,140,178
ntf-00663,real,620,126,156
ntf-00664,real,503,111,136
ntf-00665,real,726,156,215
ntf-00666,real,651,147,179
ntf-00667,real,976,206,244
ntf-00668,real,1039,206,247
ntf-00669,real,438,92,118
ntf-00670,real,635,135,171
ntf-00671,real,742,155,195
ntf-00672,real,1270,260,305
ntf-00673,real,598,135,168
ntf-00674,real,558,116,150
ntf-00675,real,737,153,199
ntf-00676,real,730,163,196
ntf-00677,real,1096,221,265
ntf-00678,real,369,78,103
ntf-00679,real,415,89,111
ntf-00680,real,1009,216,263
ntf-00681,real,757,160,197
ntf-00682,real,969,192,258
ntf-00683,real,844,187,230
ntf-00684,real,551,124,160
ntf-00685,real,542,110,151
ntf-00686,real,836,175,211
ntf-00687,real,1149,267,323
ntf-00688,real,692,137,196
ntf-00689,real,684,139,167
ntf-00690,real,931,203,243
ntf-00691,real,303,55,88
ntf-00692,real,728,142,199
ntf-00693,real,1135,239,268
ntf-00694,real,1385,292,330
ntf-00695,real,652,137,180
ntf-00696,real,457,95,124
ntf-00697,real,844,177,212
ntf-00698,real,569,126,150
ntf-00699,real,487,88,163
ntf-00700,real,641,134,193
ntf-00701,real,625,132,170
ntf-00702,real,834,180,207
ntf-00703,real,685,147,204
ntf-00704,real,685,149,179
ntf-00705,real,673,134,195
ntf-00706,real,816,165,225
ntf-00707,real,378,80,106
ntf-00708,real,1298,276,344
ntf-00709,real,852,176,277
ntf-00710,real,803,155,227
ntf-00711,real,958,209,241
ntf-00712,real,489,101,124
ntf-00713,real,716,154,205
ntf-00714,real,974,190,275
ntf-00715,real,652,146,178
ntf-00716,real,600,128,158
ntf-00717,real,683,135,176
ntf-00718,real,800,177,205
ntf-00719,real,834,177,216
ntf-00720,real,670,129,206
ntf-00721,real,370,86,106
ntf-00722,real,1061,235,280
ntf-00723,real,919,200,243
ntf-00724,real,1925,409,476
ntf-00725,real,566,125,152
ntf-00726,real,707,147,202
ntf-00727,real,711,134,202
ntf-00728,real,788,152,210
ntf-00729,real,830,181,211
ntf-00730,real,592,125,142
ntf-00731,real,974,213,285
ntf-00732,real,568,136,156
ntf-00733,real,960,203,286
ntf-00734,real,874,184,249
ntf-00735,real,732,149,200
ntf-00736,real,1228,256,349
ntf-00737,real,401,92,115
ntf-00738,real,699,150,196
ntf-00739,real,2015,443,596
ntf-00740,real,547,107,137
ntf-00741,real,369,79,93
ntf-00742,real,592,124,146
ntf-00743,real,1216,263,306
ntf-00744,real,541,120,137
ntf-00745,real,709,142,175
ntf-00746,real,519,110,135
ntf-00747,real,545,115,152
ntf-00748,real,1257,251,358
ntf-00749,real,593,126,146
ntf-00750,real,448,105,121
ntf-00751,real,874,183,245
ntf-00752,real,676,154,181
ntf-00753,real,1068,232,273
ntf-00754,real,1730,373,439
ntf-00755,real,805,166,198
ntf-00756,real,950,200,267
ntf-00757,real,1046,214,287
ntf-00758,real,890,187,252
ntf-00759,real,709,151,189
ntf-00760,real,283,62,79
ntf-00761,real,895,176,257
ntf-00762,real,930,199,261
ntf-00763,real,2431,546,690
ntf-00764,real,1109,239,291
ntf-00765,real,569,127,173
ntf-00766,real,736,159,200
ntf-00767,real,1329,275,349
ntf-00768,real,1167,237,337
ntf-00769,real,729,145,206
ntf-00770,real,922,201,252
ntf-00771,real,582,127,164
ntf-00772,real,1213,263,311
ntf-00773,real,286,61,82
ntf-00774,real,1152,243,293
ntf-00775,real,551,112,141
ntf-00776,real,561,127,145
ntf-00777,real,453,99,119
ntf-00778,real,731,156,192
ntf-00779,real,497,99,126
ntf-00780,real,599,122,157
ntf-00781,real,1001,215,258
ntf-00782,real,839,187,217
ntf-00783,real,261,55,75
ntf-00784,real,825,180,227
ntf-00785,real,333,70,87
ntf-00786,real,715,149,182
ntf-00787,real,294,61,84
ntf-00788,real,1024,210,275
ntf-00789,real,906,192,220
ntf-00790,real,505,106,134
ntf-00791,real,675,142,189
ntf-00792,real,679,149,175
ntf-00793,real,605,128,169
ntf-00794,real,563,126,161
ntf-00795,real,979,206,259
ntf-00796,real,1345,273,378
ntf-00797,real,1558,339,429
ntf-00798,real,543,120,149
ntf-00799,real,1067,215,286
ntf-00800,real,433,95,123
ntf-00801,real,794,172,206
ntf-00802,real,618,131,160
ntf-00803,real,943,199,274
ntf-00804,real,751,166,204
ntf-00805,real,1168,255,303
ntf-00806,real,511,106,139
ntf-00807,real,401,89,104
ntf-00808,real,625,129,170
ntf-00809,real,346,77,89
ntf-00810,real,398,89,104
ntf-00811,real,1227,252,332
ntf-00812,real,805,177,234
ntf-00813,real,707,144,218
ntf-00814,real,291,63,83
ntf-00815,real,1479,326,411
ntf-00816,real,1248,259,348
ntf-00817,real,694,142,195
ntf-00818,real,506,109,137
ntf-00819,real,426,93,110
ntf-00820,real,301,70,78
ntf-00821,real,580,131,155
ntf-00822,real,735,158,199
ntf-00823,real,826,165,242
ntf-00824,real,2220,476,589
ntf-00825,real,1180,245,327
ntf-00826,real,613,134,167
ntf-00827,real,815,163,214
ntf-00828,real,1441,268,369
ntf-00829,real,1889,393,519
ntf-00830,real,767,164,218
ntf-00831,real,586,125,153
ntf-00832,real,639,133,177
ntf-00833,real,343,74,92
ntf-00834,real,2702,568,705
ntf-00835,real,705,145,186
ntf-00836,real,1078,206,311
ntf-00837,real,1034,215,257
ntf-00838,real,1050,225,304
ntf-00839,real,615,135,173
ntf-00840,real,401,82,114
ntf-00841,real,1267,264,333
ntf-00842,real,563,116,162
ntf-00843,real,262,49,70
ntf-00844,real,561,130,172
ntf-00845,real,607,126,167
ntf-00846,real,827,169,236
ntf-00847,real,471,97,145
ntf-00848,real,1268,267,344
ntf-00849,real,317,57,97
ntf-00850,real,208,49,62
ntf-00851,real,1122,247,302
ntf-00852,real,252,55,66
ntf-00853,real,754,167,210
ntf-00854,real,597,127,154
ntf-00855,real,957,197,239
ntf-00856,real,647,139,174
ntf-00857,real,322,70,88
ntf-00858,real,233,48,71
ntf-00859,real,1023,217,267
ntf-00860,real,739,156,192
ntf-00861,real,272,60,78
ntf-00862,real,454,101,120
ntf-00863,real,869,188,234
ntf-00864,real,1717,381,517
ntf-00865,real,1189,248,367
ntf-00866,real,418,92,117
ntf-00867,real,635,132,164
ntf-00868,real,1173,252,338
ntf-00869,real,1151,254,308
ntf-00870,real,1525,322,418
ntf-00871,real,856,188,241
ntf-00872,real,1184,253,332
ntf-00873,real,595,126,173
ntf-00874,real,331,71,86
ntf-00875,real,618,129,157
ntf-00876,real,717,153,179
ntf-00877,real,1013,218,272
ntf-00878,real,693,153,175
ntf-00879,real,620,135,190
ntf-00880,real,1020,221,284
ntf-00881,real,1040,218,283
ntf-00882,real,1112,232,279
ntf-00883,real,573,118,135
ntf-00884,real,781,163,208
ntf-00885,real,2207,460,569
ntf-00886,real,1112,233,288
ntf-00887,real,880,192,249
ntf-00888,real,815,173,222
ntf-00889,real,623,134,163
ntf-00890,real,924,190,241
ntf-00891,real,716,152,188
ntf-00892,real,1326,279,350
ntf-00893,real,839,183,219
ntf-00894,real,1592,327,397
ntf-00895,real,662,137,178
ntf-00896,real,516,108,137
ntf-00897,real,293,55,82
ntf-00898,real,267,50,84
ntf-00899,real,2323,502,617
ntf-00900,real,220,51,67
ntf-00901,real,248,53,76
ntf-00902,real,680,147,179
ntf-00903,real,296,65,78
ntf-00904,real,873,200,256
ntf-00905,real,679,155,192
ntf-00906,real,1636,354,437
ntf-00907,real,422,89,125
ntf-00908,real,502,112,136
ntf-00909,real,1038,202,292
ntf-00910,real,228,48,63
ntf-00911,real,960,224,278
ntf-00912,real,812,180,229
ntf-00913,real,961,200,238
ntf-00914,real,216,46,58
ntf-00915,real,878,179,253
ntf-00916,real,1075,225,305
ntf-00917,real,643,134,181
ntf-00918,real,678,147,181
ntf-00919,real,210,44,66
ntf-00920,real,811,176,226
ntf-00921,real,378,74,115
ntf-00922,real,811,159,231
ntf-00923,real,950,218,255
ntf-00924,real,968,206,275
ntf-00925,real,1022,207,284
ntf-00926,real,752,143,225
ntf-00927,real,1526,319,398
ntf-00928,real,340,76,96
ntf-00929,real,635,135,183
ntf-00930,real,889,190,254
ntf-00931,real,1311,274,365
ntf-00932,real,868,164,253
ntf-00933,real,984,209,267
ntf-00934,real,492,101,133
ntf-00935,real,467,94,144
ntf-00936,real,968,206,266
ntf-00937,real,339,76,98
ntf-00938,real,275,60,80
ntf-00939,real,385,76,104
ntf-00940,real,225,49,60
ntf-00941,real,619,136,165
ntf-00942,real,1490,313,413
ntf-00943,real,811,175,214
ntf-00944,real,1006,217,263
ntf-00945,real,687,148,196
ntf-00946,real,611,132,149
ntf-00947,real,779,164,205
ntf-00948,real,659,138,187
ntf-00949,real,757,167,193
ntf-00950,real,941,183,265
ntf-00951,real,711,152,202
ntf-00952,real,941,191,247
ntf-00953,real,1235,262,338
ntf-00954,real,990,226,286
ntf-00955,real,504,116,144
ntf-00956,real,543,105,152
ntf-00957,real,523,111,144
ntf-00958,real,904,192,241
ntf-00959,real,244,52,76
ntf-00960,real,363,78,100
ntf-00961,real,893,188,232
ntf-00962,real,607,122,149
ntf-00963,real,505,106,139
ntf-00964,real,1080,233,285
ntf-00965,real,792,161,204
ntf-00966,real,757,171,201
ntf-00967,real,509,100,131
ntf-00968,real,1085,224,295
ntf-00969,real,628,134,177
ntf-00970,real,868,177,214
ntf-00971,real,265,59,77
ntf-00972,real,700,152,173
ntf-00973,real,584,114,151
ntf-00974,real,826,181,230
ntf-00975,real,267,57,76
ntf-00976,real,601,118,165
ntf-00977,real,545,109,156
ntf-00978,real,544,120,141
ntf-00979,real,751,154,189
ntf-00980,real,732,150,193
ntf-00981,real,353,73,98
ntf-00982,real,444,91,118
ntf-00983,real,674,140,174
ntf-00984,real,992,203,272
ntf-00985,real,955,196,259
ntf-00986,real,873,187,251
ntf-00987,real,971,193,257
ntf-00988,real,801,168,216
ntf-00989,real,227,46,74
ntf-00990,real,983,220,275
ntf-00991,real,945,200,232
ntf-00992,real,859,186,225
ntf-00993,real,406,89,107
ntf-00994,real,350,78,89
ntf-00995,real,401,83,107
ntf-00996,real,318,66,84
ntf-00997,real,1053,219,283
ntf-00998,real,447,94,122
ntf-00999,real,423,80,137
ntf-01000,real,610,129,162
ntf-01001,real,318,66,88
ntf-01002,real,968,215,282
ntf-01003,real,884,202,235
ntf-01004,real,730,155,194
ntf-01005,real,1186,240,300
ntf-01006,real,1355,288,373
ntf-01007,real,639,133,171
ntf-01008,real,338,64,90
ntf-01009,real,287,54,81
ntf-01010,real,778,177,223
ntf-01011,real,850,186,227
ntf-01012,real,994,218,268
ntf-01013,real,1030,215,273
ntf-01014,real,1024,214,279
ntf-01015,real,554,120,154
ntf-01016,real,995,231,275
ntf-01017,real,572,110,144
ntf-01018,real,496,108,124
ntf-01019,real,295,61,77
ntf-01020,real,912,202,255
ntf-01021,real,840,160,239
ntf-01022,real,1048,220,289
ntf-01023,real,1209,248,304
ntf-01024,real,659,145,175
ntf-01025,real,822,177,233
ntf-01026,real,382,73,118
ntf-01027,real,471,95,134
ntf-01028,real,307,66,91
ntf-01029,real,934,202,252
ntf-01030,real,992,220,295
ntf-01031,real,312,69,87
ntf-01032,real,967,208,268
ntf-01033,real,775,139,224
ntf-01034,real,314,67,97
ntf-01035,real,308,59,96
ntf-01036,real,1367,309,368
ntf-01037,real,841,191,226
ntf-01038,real,1316,276,362
ntf-01039,real,591,128,157
ntf-01040,real,995,216,299
ntf-01041,real,961,193,276
ntf-01042,real,586,132,158
ntf-01043,real,299,62,75
ntf-01044,real,322,71,92
ntf-01045,real,411,85,133
ntf-01046,real,313,60,93
ntf-01047,real,283,60,79
ntf-01048,real,347,71,85
ntf-01049,real,349,73,90
ntf-01050,real,387,81,110
ntf-01051,real,306,66,80
ntf-01052,real,762,164,217
ntf-01053,real,801,163,220
ntf-01054,real,512,119,147
ntf-01055,real,685,153,177
ntf-01056,real,561,108,166
ntf-01057,real,837,182,248
ntf-01058,real,241,49,74
ntf-01059,real,348,75,98
ntf-01060,real,420,83,137
ntf-01061,real,294,68,86
ntf-01062,real,382,79,126
ntf-01063,real,1111,252,295
ntf-01064,real,1002,206,264
ntf-01065,real,350,72,106
ntf-01066,real,654,130,205
ntf-01067,real,1877,421,505
ntf-01068,real,512,112,146
ntf-01069,real,355,67,84
ntf-01070,real,346,70,103
ntf-01071,real,817,164,204
ntf-01072,real,1013,213,261
ntf-01073,real,947,201,276
ntf-01074,real,452,98,118
ntf-01075,real,589,121,183
ntf-01076,real,663,136,166
ntf-01077,real,385,82,115
ntf-01078,real,537,106,134
ntf-01079,real,1623,339,430
ntf-01080,real,964,183,258
ntf-01081,real,876,198,242
ntf-01082,real,663,142,192
ntf-01083,real,956,190,313
ntf-01084,real,1057,219,264
ntf-01085,real,394,87,110
ntf-01086,real,354,74,97
ntf-01087,real,916,202,243
ntf-01088,real,711,151,202
ntf-01089,real,245,54,69
ntf-01090,real,365,70,96
ntf-01091,real,379,78,108
ntf-01092,real,579,135,160
ntf-01093,real,412,85,123
ntf-01094,real,242,51,65
ntf-01095,real,373,78,115
ntf-01096,real,313,62,89
ntf-01097,real,1611,321,449
ntf-01098,real,513,108,132
ntf-01099,real,808,176,238
ntf-01100,real,942,186,251
ntf-01101,real,1475,315,386
ntf-01102,real,1016,215,307
ntf-01103,real,1248,267,381
ntf-01104,real,729,129,266
ntf-01105,real,1203,248,395
ntf-01106,real,565,128,172
ntf-01107,real,187,41,50
ntf-01108,real,241,50,67
ntf-01109,real,192,37,49
ntf-01110,real,376,71,106
ntf-01111,real,754,157,217
ntf-01112,real,352,71,104
ntf-01113,real,308,69,91
ntf-01114,real,300,63,102
ntf-01115,real,652,142,172
ntf-01116,real,652,136,169
ntf-01117,real,617,129,176
ntf-01118,real,617,128,164
ntf-01119,real,233,44,65
ntf-01120,real,311,64,84
ntf-01121,real,318,72,94
ntf-01122,real,709,137,218
ntf-01123,real,547,105,186
ntf-01124,real,755,162,221
ntf-01125,real,442,97,125
ntf-01126,real,519,106,133
ntf-01127,real,270,57,81
ntf-01128,real,1064,220,302
ntf-01129,real,651,139,203
ntf-01130,real,672,152,194
ntf-01131,real,1190,249,320
ntf-01132,real,880,196,250
ntf-01133,real,560,112,165
ntf-01134,real,925,187,249
ntf-01135,real,1077,232,346
ntf-01136,real,652,136,175
ntf-01137,real,265,57,73
ntf-01138,real,1212,261,310
ntf-01139,real,689,159,208
ntf-01140,real,680,136,171
ntf-01141,real,724,158,212
ntf-01142,real,1106,249,299
ntf-01143,real,1317,274,334
ntf-01144,real,695,144,189
ntf-01145,real,1352,246,394
ntf-01146,real,908,184,261
ntf-01147,real,620,137,180
ntf-01148,real,1077,238,323
ntf-01149,real,543,117,141
ntf-01150,real,1747,342,483
ntf-01151,real,638,133,160
ntf-01152,real,944,206,290
ntf-01153,real,1729,341,475
ntf-01154,real,1146,244,310
ntf-01155,real,870,183,253
ntf-01156,real,605,125,159
ntf-01157,real,254,56,71
ntf-01158,real,1264,268,356
ntf-01159,real,663,128,196
ntf-01160,real,711,135,226
ntf-01161,real,674,147,200
ntf-01162,real,815,170,222
ntf-01163,real,264,55,72
ntf-01164,real,606,128,183
ntf-01165,real,697,144,186
ntf-01166,real,551,111,158
ntf-01167,real,381,89,110
ntf-01168,real,437,95,107
ntf-01169,real,924,186,247
ntf-01170,real,399,82,97
ntf-01171,real,299,60,80
ntf-01172,real,721,155,207
ntf-01173,real,241,51,66
ntf-01174,real,420,89,103
ntf-01175,real,944,194,254
ntf-01176,real,503,94,128
ntf-01177,real,408,83,106
ntf-01178,real,946,185,261
ntf-01179,real,1109,219,273
ntf-01180,real,332,75,109
ntf-01181,real,868,183,237
ntf-01182,real,733,158,207
ntf-01183,real,351,75,88
ntf-01184,real,685,142,190
ntf-01185,real,405,86,126
ntf-01186,real,987,201,280
ntf-01187,real,849,172,227
ntf-01188,real,748,149,224
ntf-01189,real,1085,224,287
ntf-01190,real,691,143,188
ntf-01191,real,1316,272,340
ntf-01192,real,638,128,200
ntf-01193,real,666,136,198
ntf-01194,real,1353,274,357
ntf-01195,real,389,83,124
ntf-01196,real,557,110,142
ntf-01197,real,971,211,306
ntf-01198,real,1278,252,361
ntf-01199,real,554,113,170
ntf-01200,real,1213,263,320
ntf-01201,real,1276,242,363
ntf-01202,real,639,123,193
ntf-01203,real,523,102,140
ntf-01204,real,792,152,223
ntf-01205,real,578,117,172
ntf-01206,real,956,198,278
ntf-01207,real,629,133,169
ntf-01208,real,1086,231,294
ntf-01209,real,1185,202,379
ntf-01210,real,802,169,230
ntf-01211,real,754,164,239
ntf-01212,real,756,152,220
ntf-01213,real,484,101,131
ntf-01214,real,1019,222,296
ntf-01215,real,917,147,304
ntf-01216,real,553,120,159
ntf-01217,real,696,149,189
ntf-01218,real,447,92,122
ntf-01219,real,658,130,179
ntf-01220,real,682,136,188
ntf-01221,real,493,84,153
ntf-01222,real,641,123,194
ntf-01223,real,596,126,162
ntf-01224,real,606,123,163
ntf-01225,real,1051,225,283
ntf-01226,real,481,97,129
ntf-01227,real,971,209,282
ntf-01228,real,532,113,142
ntf-01229,real,866,164,230
ntf-01230,real,1114,229,283
ntf-01231,real,538,116,132
ntf-01232,real,941,192,240
ntf-01233,real,853,178,244
ntf-01234,real,1753,317,519
ntf-01235,real,858,155,234
ntf-01236,real,724,151,216
ntf-01237,real,642,124,187
ntf-01238,real,438,95,129
ntf-01239,real,253,47,72
ntf-01240,real,678,139,189
ntf-01241,real,604,118,159
ntf-01242,real,1569,326,418
ntf-01243,real,1018,214,276
ntf-01244,real,836,176,232
ntf-01245,real,253,49,79
ntf-01246,real,517,106,158
ntf-01247,real,564,126,155
ntf-01248,real,647,140,187
ntf-01249,real,299,57,89
ntf-01250,real,552,101,155
ntf-01251,real,869,182,257
ntf-01252,real,661,135,201
ntf-01253,real,901,194,257
ntf-01254,real,576,106,185
ntf-01255,real,753,157,219
ntf-01256,real,1303,280,351
ntf-01257,real,575,104,182
ntf-01258,real,586,114,188
ntf-01259,real,658,124,196
ntf-01260,real,966,199,280
ntf-01261,real,680,148,197
ntf-01262,real,781,156,227
ntf-01263,real,655,120,172
ntf-01264,real,539,100,164
ntf-01265,real,690,139,208
ntf-01266,real,1082,229,285
ntf-01267,real,661,146,203
ntf-01268,real,713,153,203
ntf-01269,real,644,141,192
ntf-01270,real,1104,237,337
ntf-01271,real,652,133,194
ntf-01272,real,891,192,252
ntf-01273,real,579,125,156
ntf-01274,real,643,130,190
ntf-01275,real,643,124,181
ntf-01276,real,570,112,162
ntf-01277,real,522,119,163
ntf-01278,real,686,143,206
ntf-01279,real,769,163,211
ntf-01280,real,676,144,188
ntf-01281,real,862,180,241
ntf-01282,real,552,122,160
ntf-01283,real,589,122,169
ntf-01284,real,684,131,214
ntf-01285,real,613,126,178
ntf-01286,real,863,181,240
ntf-01287,real,695,143,192
ntf-01288,real,708,149,185
ntf-01289,real,509,101,148
ntf-01290,real,578,123,163
ntf-01291,real,643,137,187
ntf-01292,real,721,154,196
ntf-01293,real,620,136,179
ntf-01294,real,696,136,192
ntf-01295,real,767,149,212
ntf-01296,real,798,158,201
ntf-01297,real,899,185,234
ntf-01298,real,834,173,238
ntf-01299,real,656,135,182
ntf-01300,real,1219,257,370
ntf-01301,real,452,92,135
ntf-01302,real,1623,337,501
ntf-01303,real,885,182,244
ntf-01304,real,670,143,185
ntf-01305,real,841,185,234
ntf-01306,real,785,166,204
ntf-01307,real,1043,210,300
ntf-01308,real,683,144,191
ntf-01309,real,730,141,226
ntf-01310,real,798,168,218
ntf-01311,real,730,151,210
ntf-01312,real,693,144,190
ntf-01313,real,591,117,172
ntf-01314,real,778,166,218
ntf-01315,real,413,72,130
ntf-01316,real,1415,289,410
ntf-01317,real,907,186,237
ntf-01318,real,411,78,123
ntf-01319,real,1230,250,341
ntf-01320,real,537,107,128
ntf-01321,real,838,169,256
ntf-01322,real,739,118,233
ntf-01323,real,232,51,68
ntf-01324,real,1158,240,313
ntf-01325,real,575,86,195
ntf-01326,real,963,192,275
ntf-01327,real,822,175,226
ntf-01328,real,815,167,225
ntf-01329,real,832,166,234
ntf-01330,real,561,114,147
ntf-01331,real,536,109,139
ntf-01332,real,894,177,249
ntf-01333,real,531,111,137
ntf-01334,real,830,178,242
ntf-01335,real,892,169,233
ntf-01336,real,713,147,194
ntf-01337,real,411,83,122
ntf-01338,real,958,189,268
ntf-01339,real,627,132,170
ntf-01340,real,865,177,256
ntf-01341,real,969,189,274
ntf-01342,real,764,155,203
ntf-01343,real,936,185,290
ntf-01344,real,899,188,247
ntf-01345,real,687,142,188
ntf-01346,real,494,98,153
ntf-01347,real,678,129,174
ntf-01348,real,970,202,266
ntf-01349,real,385,80,120
ntf-01350,real,1134,227,299
ntf-01351,real,1171,251,320
ntf-01352,real,973,194,279
ntf-01353,real,702,147,196
ntf-01354,real,704,144,199
ntf-01355,real,1063,206,268
ntf-01356,real,663,125,212
ntf-01357,real,757,162,212
ntf-01358,real,693,136,213
ntf-01359,real,636,123,166
ntf-01360,real,1126,238,270
ntf-01361,real,304,61,107
ntf-01362,real,706,122,227
ntf-01363,real,735,158,201
ntf-01364,real,539,125,162
ntf-01365,real,574,117,170
ntf-01366,real,786,157,209
ntf-01367,real,1051,216,272
ntf-01368,real,444,95,129
ntf-01369,real,669,128,189
ntf-01370,real,577,117,162
ntf-01371,real,794,163,229
ntf-01372,real,604,117,161
ntf-01373,real,957,193,246
ntf-01374,real,553,110,175
ntf-01375,real,936,182,250
ntf-01376,real,1122,235,298
ntf-01377,real,878,179,263
ntf-01378,real,590,126,174
ntf-01379,real,973,196,283
ntf-01380,real,343,75,109
ntf-01381,real,526,111,137
ntf-01382,real,643,120,177
ntf-01383,real,600,128,179
ntf-01384,real,654,136,196
ntf-01385,real,816,168,227
ntf-01386,real,1073,216,300
ntf-01387,real,617,132,181
ntf-01388,real,846,186,241
ntf-01389,real,478,101,136
ntf-01390,real,930,192,233
ntf-01391,real,780,172,211
ntf-01392,real,312,62,82
ntf-01393,real,924,194,254
ntf-01394,real,1244,243,351
ntf-01395,real,741,142,191
ntf-01396,real,248,55,71
ntf-01397,real,544,115,172
ntf-01398,real,1114,211,295
ntf-01399,real,588,122,160
ntf-01400,real,488,104,135
ntf-01401,real,545,117,150
ntf-01402,real,1002,226,274
ntf-01403,real,834,171,238
ntf-01404,real,904,174,247
ntf-01405,real,185,38,54
ntf-01406,real,225,45,60
ntf-01407,real,1409,320,467
ntf-01408,real,691,151,198
ntf-01409,real,947,204,265
ntf-01410,real,430,86,104
ntf-01411,real,566,118,150
ntf-01412,real,691,129,173
ntf-01413,real,1070,225,295
ntf-01414,real,564,122,159
ntf-01415,real,645,138,200
ntf-01416,real,415,95,118
ntf-01417,real,416,92,118
ntf-01418,real,841,175,231
ntf-01419,real,638,131,180
ntf-01420,real,885,185,234
ntf-01421,real,639,137,180
ntf-01422,real,300,67,79
ntf-01423,real,666,142,199
ntf-01424,real,821,165,229
ntf-01425,real,556,126,153
ntf-01426,real,1070,216,314
ntf-01427,real,975,205,261
ntf-01428,real,625,125,179
ntf-01429,real,574,124,148
ntf-01430,fake,979,210,270
ntf-01431,fake,603,130,172
ntf-01432,fake,227,48,60
ntf-01433,fake,361,78,100
ntf-01434,fake,346,75,95
ntf-01435,fake,1270,254,358
ntf-01436,fake,741,157,192
ntf-01437,fake,743,155,198
ntf-01438,fake,962,201,266
ntf-01439,fake,676,142,209
ntf-01440,fake,550,111,143
ntf-01441,fake,662,136,170
ntf-01442,fake,330,72,91
ntf-01443,fake,440,92,131
ntf-01444,fake,372,77,97
ntf-01445,fake,632,141,184
ntf-01446,fake,1071,216,299
ntf-01447,fake,785,166,224
ntf-01448,fake,1113,239,309
ntf-01449,fake,1104,222,283
ntf-01450,fake,891,183,232
ntf-01451,fake,453,101,132
ntf-01452,fake,586,124,152
ntf-01453,fake,873,174,231
ntf-01454,fake,418,78,129
ntf-01455,fake,1118,177,409
ntf-01456,fake,972,205,267
ntf-01457,fake,348,76,101
ntf-01458,fake,983,210,262
ntf-01459,fake,853,172,261
ntf-01460,fake,889,190,253
ntf-01461,fake,737,153,217
ntf-01462,fake,861,185,252
ntf-01463,fake,614,131,158
ntf-01464,fake,903,191,243
ntf-01465,fake,747,154,206
ntf-01466,fake,680,141,195
ntf-01467,fake,891,189,257
ntf-01468,fake,652,147,181
ntf-01469,fake,509,113,148
ntf-01470,fake,523,105,150
ntf-01471,fake,1222,281,339
ntf-01472,fake,596,119,150
ntf-01473,fake,831,171,237
ntf-01474,fake,1127,237,337
ntf-01475,fake,784,156,221
ntf-01476,fake,980,211,272
ntf-01477,fake,338,71,96
ntf-01478,fake,760,158,207
ntf-01479,fake,502,101,131
ntf-01480,fake,548,119,171
ntf-01481,fake,400,89,110
ntf-01482,fake,1188,248,333
ntf-01483,fake,1230,245,318
ntf-01484,fake,298,64,91
ntf-01485,fake,844,170,237
ntf-01486,fake,787,173,210
ntf-01487,fake,434,93,129
ntf-01488,fake,764,149,203
ntf-01489,fake,412,89,116
ntf-01490,fake,1568,335,430
ntf-01491,fake,1035,220,317
ntf-01492,fake,521,104,133
ntf-01493,fake,534,106,134
ntf-01494,fake,570,119,150
ntf-01495,fake,449,98,130
ntf-01496,fake,793,166,243
ntf-01497,fake,805,173,211
ntf-01498,fake,615,118,175
ntf-01499,fake,1017,214,300
ntf-01500,fake,638,139,164
ntf-01501,fake,663,134,196
ntf-01502,fake,649,133,197
ntf-01503,fake,648,136,176
ntf-01504,fake,751,152,202
ntf-01505,fake,809,175,234
ntf-01506,fake,376,82,107
ntf-01507,fake,990,203,272
ntf-01508,fake,925,164,284
ntf-01509,fake,504,105,146
ntf-01510,fake,399,88,122
ntf-01511,fake,859,176,214
ntf-01512,fake,714,133,196
ntf-01513,fake,724,138,196
ntf-01514,fake,233,50,64
ntf-01515,fake,916,187,242
ntf-01516,fake,878,186,245
ntf-01517,fake,677,145,206
ntf-01518,fake,492,107,127
ntf-01519,fake,909,198,252
ntf-01520,fake,1184,239,315
ntf-01521,fake,803,185,215
ntf-01522,fake,724,159,202
ntf-01523,fake,649,137,200
ntf-01524,fake,454,99,127
ntf-01525,fake,621,130,159
ntf-01526,fake,284,62,77
ntf-01527,fake,394,80,116
ntf-01528,fake,473,98,125
ntf-01529,fake,304,44,103
ntf-01530,fake,879,184,240
ntf-01531,fake,287,61,74
ntf-01532,fake,1632,324,409
ntf-01533,fake,1075,226,275
ntf-01534,fake,784,153,228
ntf-01535,fake,568,124,155
ntf-01536,fake,612,136,176
ntf-01537,fake,493,90,158
ntf-01538,fake,765,166,228
ntf-01539,fake,872,184,225
ntf-01540,fake,740,154,206
ntf-01541,fake,1076,244,302
ntf-01542,fake,891,179,231
ntf-01543,fake,933,208,270
ntf-01544,fake,495,90,139
ntf-01545,fake,563,118,169
ntf-01546,fake,312,66,89
ntf-01547,fake,1083,210,257
ntf-01548,fake,856,183,251
ntf-01549,fake,477,101,132
ntf-01550,fake,1199,246,317
ntf-01551,fake,849,174,218
ntf-01552,fake,1263,247,351
ntf-01553,fake,871,181,235
ntf-01554,fake,1179,241,311
ntf-01555,fake,785,163,235
ntf-01556,fake,1274,261,341
ntf-01557,fake,592,107,158
ntf-01558,fake,1081,235,298
ntf-01559,fake,705,142,182
ntf-01560,fake,735,143,216
ntf-01561,fake,1582,332,478
ntf-01562,fake,356,73,107
ntf-01563,fake,598,127,171
ntf-01564,fake,1094,235,324
ntf-01565,fake,781,173,230
ntf-01566,fake,952,199,270
ntf-01567,fake,1252,265,343
ntf-01568,fake,472,102,135
ntf-01569,fake,689,140,176
ntf-01570,fake,981,204,237
ntf-01571,fake,893,176,228
ntf-01572,fake,548,116,151
ntf-01573,fake,604,120,153
ntf-01574,fake,550,114,151
ntf-01575,fake,902,186,246
ntf-01576,fake,1296,259,347
ntf-01577,fake,889,183,295
ntf-01578,fake,366,76,101
ntf-01579,fake,641,140,174
ntf-01580,fake,673,140,187
ntf-01581,fake,368,76,95
ntf-01582,fake,572,124,153
ntf-01583,fake,1113,223,293
ntf-01584,fake,843,179,220
ntf-01585,fake,614,124,174
ntf-01586,fake,947,190,280
ntf-01587,fake,791,154,196
ntf-01588,fake,1006,204,273
ntf-01589,fake,1310,275,357
ntf-01590,fake,458,88,121
ntf-01591,fake,1254,255,364
ntf-01592,fake,1162,228,284
ntf-01593,fake,817,158,225
ntf-01594,fake,614,136,165
ntf-01595,fake,442,98,124
ntf-01596,fake,1369,289,392
ntf-01597,fake,349,61,98
ntf-01598,fake,754,156,223
ntf-01599,fake,828,179,218
ntf-01600,fake,868,191,236
ntf-01601,fake,1507,320,435
ntf-01602,fake,561,116,164
ntf-01603,fake,942,190,258
ntf-01604,fake,826,155,226
ntf-01605,fake,263,53,73
ntf-01606,fake,1560,318,449
ntf-01607,fake,775,165,227
ntf-01608,fake,582,121,155
ntf-01609,fake,362,75,103
ntf-01610,fake,329,66,91
ntf-01611,fake,553,113,162
ntf-01612,fake,254,53,82
ntf-01613,fake,1624,351,461
ntf-01614,fake,932,188,253
ntf-01615,fake,883,172,274
ntf-01616,fake,990,214,304
ntf-01617,fake,525,109,172
ntf-01618,fake,481,99,137
ntf-01619,fake,1032,213,281
ntf-01620,fake,801,166,227
ntf-01621,fake,548,111,174
ntf-01622,fake,544,110,149
ntf-01623,fake,913,181,260
ntf-01624,fake,571,122,164
ntf-01625,fake,975,208,270
ntf-01626,fake,606,122,144
ntf-01627,fake,470,89,117
ntf-01628,fake,952,205,287
ntf-01629,fake,910,191,276
ntf-01630,fake,823,193,237
ntf-01631,fake,968,194,275
ntf-01632,fake,892,190,235
ntf-01633,fake,951,212,264
ntf-01634,fake,588,122,156
ntf-01635,fake,672,137,189
ntf-01636,fake,643,123,183
ntf-01637,fake,554,115,143
ntf-01638,fake,1191,242,327
ntf-01639,fake,755,149,215
ntf-01640,fake,921,189,272
ntf-01641,fake,704,142,207
ntf-01642,fake,643,131,188
ntf-01643,fake,663,127,183
ntf-01644,fake,657,129,207
ntf-01645,fake,590,128,163
ntf-01646,fake,644,139,175
ntf-01647,fake,658,132,186
ntf-01648,fake,376,74,89
ntf-01649,fake,957,203,245
ntf-01650,fake,891,181,247
ntf-01651,fake,280,60,88
ntf-01652,fake,1001,210,262
ntf-01653,fake,358,76,98
ntf-01654,fake,809,157,231
ntf-01655,fake,1050,215,274
ntf-01656,fake,1069,204,314
ntf-01657,fake,870,177,280
ntf-01658,fake,1119,239,299
ntf-01659,fake,1527,327,400
ntf-01660,fake,970,187,265
ntf-01661,fake,818,173,226
ntf-01662,fake,1058,234,300
ntf-01663,fake,999,198,274
ntf-01664,fake,810,171,225
ntf-01665,fake,643,131,173
ntf-01666,fake,688,133,203
ntf-01667,fake,232,45,64
ntf-01668,fake,1793,379,475
ntf-01669,fake,620,127,164
ntf-01670,fake,814,169,234
ntf-01671,fake,534,111,140
ntf-01672,fake,639,141,187
ntf-01673,fake,1458,300,380
ntf-01674,fake,440,92,116
ntf-01675,fake,978,208,288
ntf-01676,fake,653,135,167
ntf-01677,fake,791,162,221
ntf-01678,fake,378,79,110
ntf-01679,fake,1312,255,334
ntf-01680,fake,700,148,195
ntf-01681,fake,601,131,146
ntf-01682,fake,1185,249,332
ntf-01683,fake,900,179,258
ntf-01684,fake,615,133,177
ntf-01685,fake,683,142,191
ntf-01686,fake,1411,290,379
ntf-01687,fake,734,136,188
ntf-01688,fake,502,103,164
ntf-01689,fake,919,189,241
ntf-01690,fake,750,158,222
ntf-01691,fake,735,158,195
ntf-01692,fake,1027,205,290
ntf-01693,fake,1053,222,263
ntf-01694,fake,644,137,201
ntf-01695,fake,760,168,197
ntf-01696,fake,549,106,162
ntf-01697,fake,955,194,291
ntf-01698,fake,619,130,172
ntf-01699,fake,1283,266,356
ntf-01700,fake,683,149,188
ntf-01701,fake,1105,225,288
ntf-01702,fake,583,108,176
ntf-01703,fake,1053,205,264
ntf-01704,fake,1310,285,352
ntf-01705,fake,918,186,241
ntf-01706,fake,1084,234,324
ntf-01707,fake,1155,245,314
ntf-01708,fake,823,185,241
ntf-01709,fake,1034,228,288
ntf-01710,fake,811,176,212
ntf-01711,fake,297,65,79
ntf-01712,fake,764,174,222
ntf-01713,fake,635,134,179
ntf-01714,fake,1182,248,314
ntf-01715,fake,1153,229,316
ntf-01716,fake,926,205,277
ntf-01717,fake,863,182,234
ntf-01718,fake,1470,298,393
ntf-01719,fake,676,136,170
ntf-01720,fake,787,157,230
ntf-01721,fake,909,193,235
ntf-01722,fake,468,99,141
ntf-01723,fake,803,169,227
ntf-01724,fake,1097,235,295
ntf-01725,fake,1135,244,296
ntf-01726,fake,819,171,223
ntf-01727,fake,367,70,110
ntf-01728,fake,996,213,264
ntf-01729,fake,480,106,132
ntf-01730,fake,1120,235,284
ntf-01731,fake,752,159,177
ntf-01732,fake,775,154,218
ntf-01733,fake,436,93,114
ntf-01734,fake,1155,233,291
ntf-01735,fake,507,107,128
ntf-01736,fake,786,157,219
ntf-01737,fake,849,173,215
ntf-01738,fake,619,133,177
ntf-01739,fake,638,131,171
ntf-01740,fake,689,139,190
ntf-01741,fake,1021,216,299
ntf-01742,fake,457,97,132
ntf-01743,fake,598,120,172
ntf-01744,fake,759,156,204
ntf-01745,fake,813,171,206
ntf-01746,fake,782,154,229
ntf-01747,fake,852,181,244
ntf-01748,fake,867,177,229
ntf-01749,fake,807,171,217
ntf-01750,fake,580,123,169
ntf-01751,fake,927,196,254
ntf-01752,fake,845,187,232
ntf-01753,fake,772,159,230
ntf-01754,fake,806,160,231
ntf-01755,fake,1023,210,263
ntf-01756,fake,566,110,136
ntf-01757,fake,953,195,238
ntf-01758,fake,754,161,204
ntf-01759,fake,604,129,146
ntf-01760,fake,1205,252,314
ntf-01761,fake,802,162,230
ntf-01762,fake,980,191,260
ntf-01763,fake,751,163,202
ntf-01764,fake,980,193,239
ntf-01765,fake,931,205,243
ntf-01766,fake,777,149,221
ntf-01767,fake,553,119,161
ntf-01768,fake,513,105,157
ntf-01769,fake,529,113,136
ntf-01770,fake,439,99,121
ntf-01771,fake,867,183,234
ntf-01772,fake,1223,260,323
ntf-01773,fake,1051,200,287
ntf-01774,fake,743,157,192
ntf-01775,fake,860,167,244
ntf-01776,fake,762,155,220
ntf-01777,fake,869,178,242
ntf-01778,fake,741,161,192
ntf-01779,fake,417,84,106
ntf-01780,fake,967,210,271
ntf-01781,fake,1450,298,429
ntf-01782,fake,812,178,213
ntf-01783,fake,697,155,200
ntf-01784,fake,738,154,203
ntf-01785,fake,910,193,234
ntf-01786,fake,1166,248,314
ntf-01787,fake,947,201,256
ntf-01788,fake,770,159,213
ntf-01789,fake,1459,287,426
ntf-01790,fake,666,137,178
ntf-01791,fake,479,94,143
ntf-01792,fake,670,148,179
ntf-01793,fake,1077,219,275
ntf-01794,fake,708,142,188
ntf-01795,fake,1011,210,249
ntf-01796,fake,1138,223,280
ntf-01797,fake,584,112,175
ntf-01798,fake,790,162,212
ntf-01799,fake,916,192,237
ntf-01800,fake,1207,245,327
ntf-01801,fake,782,163,218
ntf-01802,fake,666,136,175
ntf-01803,fake,783,162,211
ntf-01804,fake,915,205,244
ntf-01805,fake,541,105,138
ntf-01806,fake,646,135,177
ntf-01807,fake,941,197,250
ntf-01808,fake,648,133,178
ntf-01809,fake,845,166,222
ntf-01810,fake,591,122,168
ntf-01811,fake,839,171,210
ntf-01812,fake,1205,241,355
ntf-01813,fake,900,196,264
ntf-01814,fake,649,136,183
ntf-01815,fake,695,156,179
ntf-01816,fake,1903,417,535
ntf-01817,fake,793,169,217
ntf-01818,fake,968,206,261
ntf-01819,fake,1316,286,368
ntf-01820,fake,843,175,241
ntf-01821,fake,503,111,135
ntf-01822,fake,1070,236,303
ntf-01823,fake,712,143,177
ntf-01824,fake,922,202,243
ntf-01825,fake,1253,270,340
ntf-01826,fake,790,176,218
ntf-01827,fake,737,150,217
ntf-01828,fake,710,157,207
ntf-01829,fake,849,178,230
ntf-01830,fake,1015,203,282
ntf-01831,fake,842,182,249
ntf-01832,fake,826,167,228
ntf-01833,fake,392,86,110
ntf-01834,fake,785,166,209
ntf-01835,fake,348,65,117
ntf-01836,fake,901,184,224
ntf-01837,fake,412,84,118
ntf-01838,fake,501,104,144
ntf-01839,fake,663,129,193
ntf-01840,fake,274,57,73
ntf-01841,fake,621,114,179
ntf-01842,fake,834,168,234
ntf-01843,fake,674,142,190
ntf-01844,fake,628,124,164
ntf-01845,fake,809,163,208
ntf-01846,fake,622,128,159
ntf-01847,fake,522,109,146
ntf-01848,fake,684,149,192
ntf-01849,fake,432,91,114
ntf-01850,fake,268,53,78
ntf-01851,fake,929,194,272
ntf-01852,fake,371,77,107
ntf-01853,fake,850,184,244
ntf-01854,fake,957,208,261
ntf-01855,fake,703,145,179
ntf-01856,fake,718,156,210
ntf-01857,fake,645,124,192
ntf-01858,fake,1078,228,269
ntf-01859,fake,645,136,194
ntf-01860,fake,1285,261,326
ntf-01861,fake,1033,221,280
ntf-01862,fake,425,85,126
ntf-01863,fake,1401,275,418
ntf-01864,fake,969,212,257
ntf-01865,fake,937,184,244
ntf-01866,fake,753,155,230
ntf-01867,fake,526,110,153
ntf-01868,fake,1012,218,277
ntf-01869,fake,1004,215,287
ntf-01870,fake,1154,239,308
ntf-01871,fake,687,146,175
ntf-01872,fake,1077,234,306
ntf-01873,fake,573,124,151
ntf-01874,fake,921,193,253
ntf-01875,fake,255,53,68
ntf-01876,fake,1023,213,285
ntf-01877,fake,588,107,182
ntf-01878,fake,534,106,150
ntf-01879,fake,939,204,249
ntf-01880,fake,1142,242,303
ntf-01881,fake,642,142,178
ntf-01882,fake,718,141,203
ntf-01883,fake,752,168,204
ntf-01884,fake,737,156,213
ntf-01885,fake,1134,248,328
ntf-01886,fake,594,128,167
ntf-01887,fake,1079,240,303
ntf-01888,fake,1014,224,272
ntf-01889,fake,495,112,130
ntf-01890,fake,729,160,198
ntf-01891,fake,836,174,235
ntf-01892,fake,958,208,271
ntf-01893,fake,2129,437,581
ntf-01894,fake,762,162,214
ntf-01895,fake,765,155,224
ntf-01896,fake,1502,326,417
ntf-01897,fake,510,97,139
ntf-01898,fake,1477,298,450
ntf-01899,fake,1156,236,317
ntf-01900,fake,336,68,100
ntf-01901,fake,729,154,191
ntf-01902,fake,686,147,189
ntf-01903,fake,804,166,233
ntf-01904,fake,987,200,271
ntf-01905,fake,1021,228,280
ntf-01906,fake,499,108,136
ntf-01907,fake,603,119,169
ntf-01908,fake,735,165,193
ntf-01909,fake,1080,240,310
ntf-01910,fake,798,165,221
ntf-01911,fake,891,183,240
ntf-01912,fake,970,199,267
ntf-01913,fake,793,182,231
ntf-01914,fake,580,128,158
ntf-01915,fake,464,98,130
ntf-01916,fake,692,144,196
ntf-01917,fake,795,164,215
ntf-01918,fake,742,154,195
ntf-01919,fake,927,193,256
ntf-01920,fake,887,181,246
ntf-01921,fake,967,192,269
ntf-01922,fake,1413,297,369
ntf-01923,fake,966,195,253
ntf-01924,fake,822,176,245
ntf-01925,fake,631,138,177
ntf-01926,fake,305,59,86
ntf-01927,fake,891,205,249
ntf-01928,fake,904,199,238
ntf-01929,fake,1003,215,275
ntf-01930,fake,676,150,201
ntf-01931,fake,701,156,196
ntf-01932,fake,819,180,226
ntf-01933,fake,643,135,170
ntf-01934,fake,766,165,212
ntf-01935,fake,720,157,213
ntf-01936,fake,961,208,255
ntf-01937,fake,1003,213,293
ntf-01938,fake,745,161,203
ntf-01939,fake,581,139,193
ntf-01940,fake,647,129,199
ntf-01941,fake,606,123,156
ntf-01942,fake,830,176,217
ntf-01943,fake,1037,218,288
ntf-01944,fake,721,154,212
ntf-01945,fake,566,115,156
ntf-01946,fake,510,105,138
ntf-01947,fake,446,95,113
ntf-01948,fake,902,201,255
ntf-01949,fake,728,148,207
ntf-01950,fake,812,174,221
ntf-01951,fake,704,147,185
ntf-01952,fake,859,184,217
ntf-01953,fake,797,170,221
ntf-01954,fake,755,157,213
ntf-01955,fake,1665,346,490
ntf-01956,fake,1084,221,262
ntf-01957,fake,1060,221,287
ntf-01958,fake,630,138,181
ntf-01959,fake,769,169,228
ntf-01960,fake,1313,282,346
ntf-01961,fake,736,166,215
ntf-01962,fake,1271,271,350
ntf-01963,fake,735,160,202
ntf-01964,fake,675,139,166
ntf-01965,fake,1753,366,462
ntf-01966,fake,984,211,259
ntf-01967,fake,795,167,241
ntf-01968,fake,813,165,221
ntf-01969,fake,639,131,182
ntf-01970,fake,698,146,204
ntf-01971,fake,853,190,226
ntf-01972,fake,780,159,211
ntf-01973,fake,1000,218,287
ntf-01974,fake,494,101,132
ntf-01975,fake,615,129,170
ntf-01976,fake,846,163,219
ntf-01977,fake,688,165,206
ntf-01978,fake,1138,233,285
ntf-01979,fake,863,181,225
ntf-01980,fake,699,153,196
ntf-01981,fake,1221,254,322
ntf-01982,fake,534,113,145
ntf-01983,fake,740,159,202
ntf-01984,fake,736,144,212
ntf-01985,fake,971,204,249
ntf-01986,fake,929,200,250
ntf-01987,fake,589,128,167
ntf-01988,fake,312,69,93
ntf-01989,fake,1122,246,305
ntf-01990,fake,899,194,248
ntf-01991,fake,452,104,130
ntf-01992,fake,754,156,212
ntf-01993,fake,893,202,266
ntf-01994,fake,853,185,237
ntf-01995,fake,707,137,192
ntf-01996,fake,684,148,187
ntf-01997,fake,434,96,120
ntf-01998,fake,729,151,209
ntf-01999,fake,837,143,272
ntf-02000,fake,876,194,242
ntf-02001,fake,753,158,211
ntf-02002,fake,776,168,217
ntf-02003,fake,1479,326,409
ntf-02004,fake,502,110,142
ntf-02005,fake,1673,336,539
ntf-02006,fake,1921,417,539
ntf-02007,fake,753,169,203
ntf-02008,fake,658,137,170
ntf-02009,fake,1146,236,320
ntf-02010,fake,1281,282,378
ntf-02011,fake,421,86,122
ntf-02012,fake,967,198,277
ntf-02013,fake,834,172,249
ntf-02014,fake,1756,366,462
ntf-02015,fake,532,115,144
ntf-02016,fake,829,198,239
ntf-02017,fake,792,174,215
ntf-02018,fake,1032,211,272
ntf-02019,fake,1102,246,317
ntf-02020,fake,1520,299,417
ntf-02021,fake,1007,229,273
ntf-02022,fake,1203,255,370
ntf-02023,fake,812,177,220
ntf-02024,fake,1004,217,306
ntf-02025,fake,790,173,219
ntf-02026,fake,663,128,197
ntf-02027,fake,918,186,261
ntf-02028,fake,940,194,257
ntf-02029,fake,641,145,200
ntf-02030,fake,550,133,152
ntf-02031,fake,924,200,242
ntf-02032,fake,959,201,267
ntf-02033,fake,1127,247,310
ntf-02034,fake,492,100,130
ntf-02035,fake,622,138,164
ntf-02036,fake,1367,297,354
ntf-02037,fake,337,62,97
ntf-02038,fake,874,175,235
ntf-02039,fake,936,182,223
ntf-02040,fake,385,80,96
ntf-02041,fake,1182,254,310
ntf-02042,fake,1019,210,243
ntf-02043,fake,896,189,242
ntf-02044,fake,582,126,166
ntf-02045,fake,1311,273,388
ntf-02046,fake,759,168,200
ntf-02047,fake,764,159,201
ntf-02048,fake,845,183,221
ntf-02049,fake,1056,225,266
ntf-02050,fake,656,142,194
ntf-02051,fake,877,178,216
ntf-02052,fake,1109,240,300
ntf-02053,fake,743,157,197
ntf-02054,fake,519,105,134
ntf-02055,fake,784,118,246
ntf-02056,fake,280,61,85
ntf-02057,fake,383,75,118
ntf-02058,fake,840,168,212
ntf-02059,fake,1141,245,316
ntf-02060,fake,411,82,109
ntf-02061,fake,374,74,116
ntf-02062,fake,524,109,153
ntf-02063,fake,220,41,64
ntf-02064,fake,474,105,129
ntf-02065,fake,674,141,188
ntf-02066,fake,1072,241,291
ntf-02067,fake,762,145,205
ntf-02068,fake,318,61,90
ntf-02069,fake,257,57,74
ntf-02070,fake,1067,231,304
ntf-02071,fake,396,80,104
ntf-02072,fake,651,140,190
ntf-02073,fake,863,182,218
ntf-02074,fake,474,102,130
ntf-02075,fake,335,74,97
ntf-02076,fake,1401,301,385
ntf-02077,fake,806,172,217
ntf-02078,fake,805,169,222
ntf-02079,fake,895,183,223
ntf-02080,fake,849,185,222
ntf-02081,fake,1062,230,298
ntf-02082,fake,778,170,229
ntf-02083,fake,643,137,171
ntf-02084,fake,1397,287,378
ntf-02085,fake,1079,239,298
ntf-02086,fake,1343,293,395
ntf-02087,fake,753,160,185
ntf-02088,fake,944,200,262
ntf-02089,fake,810,180,220
ntf-02090,fake,770,159,214
ntf-02091,fake,663,137,184
ntf-02092,fake,510,113,137
ntf-02093,fake,682,144,174
ntf-02094,fake,975,209,261
ntf-02095,fake,525,124,159
ntf-02096,fake,1357,289,352
ntf-02097,fake,522,112,143
ntf-02098,fake,1138,251,285
ntf-02099,fake,720,155,199
ntf-02100,fake,682,144,178
ntf-02101,fake,440,94,137
ntf-02102,fake,928,183,249
ntf-02103,fake,917,191,259
ntf-02104,fake,630,129,172
ntf-02105,fake,1108,235,308
ntf-02106,fake,723,152,195
ntf-02107,fake,780,173,224
ntf-02108,fake,740,148,195
ntf-02109,fake,453,91,127
ntf-02110,fake,818,169,229
ntf-02111,fake,690,141,174
ntf-02112,fake,1720,369,448
ntf-02113,fake,778,157,236
ntf-02114,fake,739,155,180
ntf-02115,fake,812,170,211
ntf-02116,fake,917,205,270
ntf-02117,fake,791,151,192
ntf-02118,fake,1073,236,319
ntf-02119,fake,901,202,256
ntf-02120,fake,639,144,175
ntf-02121,fake,702,155,209
ntf-02122,fake,1096,242,315
ntf-02123,fake,1143,235,309
ntf-02124,fake,962,203,263
ntf-02125,fake,1111,231,277
ntf-02126,fake,545,104,142
ntf-02127,fake,718,143,187
ntf-02128,fake,1496,294,436
ntf-02129,fake,658,150,192
ntf-02130,fake,907,189,263
ntf-02131,fake,859,180,212
ntf-02132,fake,645,135,158
ntf-02133,fake,997,211,268
ntf-02134,fake,1147,254,321
ntf-02135,fake,1338,281,354
ntf-02136,fake,632,123,170
ntf-02137,fake,848,172,231
ntf-02138,fake,1270,276,315
ntf-02139,fake,509,115,141
ntf-02140,fake,976,195,263
ntf-02141,fake,1259,277,316
ntf-02142,fake,805,171,232
ntf-02143,fake,397,86,112
ntf-02144,fake,393,77,115
ntf-02145,fake,672,149,181
ntf-02146,fake,1096,238,289
ntf-02147,fake,913,178,242
ntf-02148,fake,826,183,231
ntf-02149,fake,912,185,272
ntf-02150,fake,647,131,185
ntf-02151,fake,958,196,251
ntf-02152,fake,777,160,190
ntf-02153,fake,1072,240,316
ntf-02154,fake,872,176,203
ntf-02155,fake,866,182,227
ntf-02156,fake,1099,214,292
ntf-02157,fake,742,156,191
ntf-02158,fake,868,180,210
ntf-02159,fake,818,161,223
ntf-02160,fake,1059,223,285
ntf-02161,fake,927,199,242
ntf-02162,fake,785,175,203
ntf-02163,fake,716,149,195
ntf-02164,fake,781,164,206
ntf-02165,fake,884,192,239
ntf-02166,fake,1031,218,270
ntf-02167,fake,1199,240,328
ntf-02168,fake,656,137,171
ntf-02169,fake,1038,221,285
ntf-02170,fake,921,200,240
ntf-02171,fake,931,203,247
ntf-02172,fake,1131,243,319
ntf-02173,fake,785,161,212
ntf-02174,fake,940,190,245
ntf-02175,fake,823,178,214
ntf-02176,fake,395,88,120
ntf-02177,fake,672,132,187
ntf-02178,fake,636,122,167
ntf-02179,fake,661,134,184
ntf-02180,fake,985,206,285
ntf-02181,fake,609,135,164
ntf-02182,fake,568,129,152
ntf-02183,fake,421,88,133
ntf-02184,fake,969,207,269
ntf-02185,fake,1738,374,468
ntf-02186,fake,851,179,219
ntf-02187,fake,697,155,188
ntf-02188,fake,1229,263,306
ntf-02189,fake,1287,268,362
ntf-02190,fake,722,141,190
ntf-02191,fake,439,95,119
ntf-02192,fake,1033,217,285
ntf-02193,fake,1152,250,341
ntf-02194,fake,555,113,147
ntf-02195,fake,977,208,265
ntf-02196,fake,923,196,256
ntf-02197,fake,549,117,160
ntf-02198,fake,858,187,241
ntf-02199,fake,514,108,150
ntf-02200,fake,975,186,295
ntf-02201,fake,726,112,243
ntf-02202,fake,420,79,113
ntf-02203,fake,813,161,240
ntf-02204,fake,566,128,161
ntf-02205,fake,831,170,241
ntf-02206,fake,494,106,140
ntf-02207,fake,884,191,234
ntf-02208,fake,561,79,191
ntf-02209,fake,524,110,142
ntf-02210,fake,1066,213,285
ntf-02211,fake,605,126,162
ntf-02212,fake,553,116,170
ntf-02213,fake,884,187,239
ntf-02214,fake,712,147,191
ntf-02215,fake,832,172,219
ntf-02216,fake,563,122,144
ntf-02217,fake,1013,220,290
ntf-02218,fake,989,219,279
ntf-02219,fake,717,142,176
ntf-02220,fake,906,189,262
ntf-02221,fake,1473,322,392
ntf-02222,fake,774,157,233
ntf-02223,fake,994,203,286
ntf-02224,fake,1276,247,332
ntf-02225,fake,945,196,255
ntf-02226,fake,864,195,233
ntf-02227,fake,805,173,222
ntf-02228,fake,726,145,212
ntf-02229,fake,811,164,222
ntf-02230,fake,564,114,149
ntf-02231,fake,940,131,315
ntf-02232,fake,745,158,181
ntf-02233,fake,782,160,190
ntf-02234,fake,638,140,178
ntf-02235,fake,835,177,209
ntf-02236,fake,1180,268,340
ntf-02237,fake,595,127,161
ntf-02238,fake,284,59,86
ntf-02239,fake,684,140,199
ntf-02240,fake,1025,223,266
ntf-02241,fake,848,179,231
ntf-02242,fake,1140,238,295
ntf-02243,fake,756,164,216
ntf-02244,fake,706,145,189
ntf-02245,fake,904,189,239
ntf-02246,fake,1059,205,268
ntf-02247,fake,1061,221,290
ntf-02248,fake,251,51,68
ntf-02249,fake,889,178,254
ntf-02250,fake,424,88,132
ntf-02251,fake,810,177,210
ntf-02252,fake,514,100,138
ntf-02253,fake,1000,201,238
ntf-02254,fake,1045,225,270
ntf-02255,fake,1093,226,293
ntf-02256,fake,1345,292,360
ntf-02257,fake,1045,212,274
ntf-02258,fake,1249,269,332
ntf-02259,fake,953,199,276
ntf-02260,fake,1130,221,312
ntf-02261,fake,684,158,186
ntf-02262,fake,719,156,189
ntf-02263,fake,1041,234,292
ntf-02264,fake,357,53,125
ntf-02265,fake,366,78,107
ntf-02266,fake,738,161,239
ntf-02267,fake,674,139,182
ntf-02268,fake,775,176,211
ntf-02269,fake,257,52,70
ntf-02270,fake,254,53,74
ntf-02271,fake,421,87,106
ntf-02272,fake,632,131,161
ntf-02273,fake,1089,225,310
ntf-02274,fake,589,119,159
ntf-02275,fake,792,171,210
ntf-02276,fake,1061,234,293
ntf-02277,fake,780,167,206
ntf-02278,fake,536,118,141
ntf-02279,fake,1088,230,275
ntf-02280,fake,1196,248,321
ntf-02281,fake,255,51,73
ntf-02282,fake,943,201,256
ntf-02283,fake,2050,418,558
ntf-02284,fake,939,203,277
ntf-02285,fake,903,195,222
ntf-02286,fake,2348,491,610
ntf-02287,fake,556,119,163
ntf-02288,fake,640,140,165
ntf-02289,fake,450,96,116
ntf-02290,fake,498,105,141
ntf-02291,fake,330,68,90
ntf-02292,fake,1226,246,344
ntf-02293,fake,1173,248,330
ntf-02294,fake,465,92,141
ntf-02295,fake,454,96,134
ntf-02296,fake,1593,325,429
ntf-02297,fake,921,194,231
ntf-02298,fake,449,92,133
ntf-02299,fake,406,82,106
ntf-02300,fake,631,142,167
ntf-02301,fake,771,165,210
ntf-02302,fake,766,167,227
ntf-02303,fake,601,131,149
ntf-02304,fake,1046,220,254
ntf-02305,fake,609,128,159
ntf-02306,fake,832,167,229
ntf-02307,fake,797,170,209
ntf-02308,fake,340,69,97
ntf-02309,fake,859,189,233
ntf-02310,fake,794,169,230
ntf-02311,fake,1127,239,289
ntf-02312,fake,1005,227,294
ntf-02313,fake,932,194,250
ntf-02314,fake,904,195,254
ntf-02315,fake,769,157,209
ntf-02316,fake,748,148,206
ntf-02317,fake,957,200,257
ntf-02318,fake,1231,279,314
ntf-02319,fake,922,199,264
ntf-02320,fake,1217,259,331
ntf-02321,fake,739,148,223
ntf-02322,fake,1343,280,358
ntf-02323,fake,805,164,199
ntf-02324,fake,979,222,259
ntf-02325,fake,1038,215,294
ntf-02326,fake,931,190,259
ntf-02327,fake,1088,234,286
ntf-02328,fake,1145,226,312
ntf-02329,fake,862,179,205
ntf-02330,fake,579,120,150
ntf-02331,fake,961,187,256
ntf-02332,fake,744,157,205
ntf-02333,fake,693,153,186
ntf-02334,fake,219,43,61
ntf-02335,fake,1084,242,298
ntf-02336,fake,951,203,280
ntf-02337,fake,501,110,140
ntf-02338,fake,430,89,111
ntf-02339,fake,926,194,228
ntf-02340,fake,1043,205,296
ntf-02341,fake,690,138,189
ntf-02342,fake,696,150,179
ntf-02343,fake,917,189,251
ntf-02344,fake,1113,228,301
ntf-02345,fake,1025,225,280
ntf-02346,fake,814,177,236
ntf-02347,fake,1223,269,336
ntf-02348,fake,1569,349,428
ntf-02349,fake,1284,267,329
ntf-02350,fake,603,132,167
ntf-02351,fake,659,148,183
ntf-02352,fake,774,160,224
ntf-02353,fake,644,130,164
ntf-02354,fake,599,129,171
ntf-02355,fake,1320,276,333
ntf-02356,fake,955,212,263
ntf-02357,fake,718,152,181
ntf-02358,fake,393,83,111
ntf-02359,fake,455,88,129
ntf-02360,fake,585,129,149
ntf-02361,fake,719,159,214
ntf-02362,fake,1776,334,465
ntf-02363,fake,923,201,261
ntf-02364,fake,817,166,208
ntf-02365,fake,914,196,232
ntf-02366,fake,1032,197,275
ntf-02367,fake,916,185,245
ntf-02368,fake,733,141,213
ntf-02369,fake,900,194,252
ntf-02370,fake,1127,223,293
ntf-02371,fake,1338,299,363
ntf-02372,fake,567,119,159
ntf-02373,fake,940,210,239
ntf-02374,fake,1124,229,303
ntf-02375,fake,1373,284,347
ntf-02376,fake,1076,240,302
ntf-02377,fake,1022,193,300
ntf-02378,fake,854,163,224
ntf-02379,fake,671,144,191
ntf-02380,fake,595,122,160
ntf-02381,fake,762,159,211
ntf-02382,fake,1890,411,505
ntf-02383,fake,167,37,51
ntf-02384,fake,719,149,209
ntf-02385,fake,379,82,98
ntf-02386,fake,1298,272,329
ntf-02387,fake,1039,233,289
ntf-02388,fake,754,161,196
ntf-02389,fake,648,137,197
ntf-02390,fake,908,185,231
ntf-02391,fake,345,74,99
ntf-02392,fake,286,65,93
ntf-02393,fake,310,59,73
ntf-02394,fake,1112,235,309
ntf-02395,fake,705,152,191
ntf-02396,fake,322,66,94
ntf-02397,fake,510,109,137
ntf-02398,fake,409,96,111
ntf-02399,fake,590,128,169
ntf-02400,fake,714,167,193
ntf-02401,fake,1079,255,343
ntf-02402,fake,554,113,146
ntf-02403,fake,640,136,170
ntf-02404,fake,982,215,260
ntf-02405,fake,736,151,188
ntf-02406,fake,1034,220,279
ntf-02407,fake,1584,333,438
ntf-02408,fake,1094,234,289
ntf-02409,fake,582,126,157
ntf-02410,fake,1270,266,362
ntf-02411,fake,483,105,132
ntf-02412,fake,1025,220,271
ntf-02413,fake,1144,244,312
ntf-02414,fake,1269,275,352
ntf-02415,fake,1459,317,391
ntf-02416,fake,971,206,230
ntf-02417,fake,630,132,156
ntf-02418,fake,751,158,206
ntf-02419,fake,522,115,145
ntf-02420,fake,812,161,190
ntf-02421,fake,1121,221,342
ntf-02422,fake,545,112,139
ntf-02423,fake,1464,309,399
ntf-02424,fake,592,115,164
ntf-02425,fake,1124,243,299
ntf-02426,fake,420,88,112
ntf-02427,fake,540,111,132
ntf-02428,fake,1204,264,310
ntf-02429,fake,998,212,262
ntf-02430,fake,1505,228,491
ntf-02431,fake,1661,325,415
ntf-02432,fake,663,137,171
ntf-02433,fake,750,159,209
ntf-02434,fake,604,124,179
ntf-02435,fake,658,132,166
ntf-02436,fake,581,118,188
ntf-02437,fake,387,83,109
ntf-02438,fake,1056,224,298
ntf-02439,fake,720,159,194
ntf-02440,fake,1167,225,298
ntf-02441,fake,707,137,179
ntf-02442,fake,686,153,195
ntf-02443,fake,635,128,170
ntf-02444,fake,1219,261,350
ntf-02445,fake,530,105,157
ntf-02446,fake,342,67,91
ntf-02447,fake,672,136,199
ntf-02448,fake,974,206,245
ntf-02449,fake,1035,206,250
ntf-02450,fake,686,142,197
ntf-02451,fake,958,187,247
ntf-02452,fake,393,78,102
ntf-02453,fake,659,138,178
ntf-02454,fake,1157,253,292
ntf-02455,fake,1067,223,282
ntf-02456,fake,250,49,81
ntf-02457,fake,599,127,151
ntf-02458,fake,700,144,182
ntf-02459,fake,707,154,201
ntf-02460,fake,958,195,259
ntf-02461,fake,1312,295,342
ntf-02462,fake,943,206,239
ntf-02463,fake,560,123,160
ntf-02464,fake,909,196,250
ntf-02465,fake,628,137,177
ntf-02466,fake,447,100,134
ntf-02467,fake,876,173,231
ntf-02468,fake,1295,264,341
ntf-02469,fake,719,159,198
ntf-02470,fake,943,203,250
ntf-02471,fake,586,126,163
ntf-02472,fake,540,124,150
ntf-02473,fake,839,169,250
ntf-02474,fake,867,169,238
ntf-02475,fake,772,148,220
ntf-02476,fake,889,185,258
ntf-02477,fake,1336,269,349
ntf-02478,fake,541,110,146
ntf-02479,fake,1291,267,359
ntf-02480,fake,365,79,94
ntf-02481,fake,760,157,208
ntf-02482,fake,849,180,228
ntf-02483,fake,760,152,212
ntf-02484,fake,686,148,184
ntf-02485,fake,784,140,224
ntf-02486,fake,746,148,210
ntf-02487,fake,622,134,184
ntf-02488,fake,910,186,263
ntf-02489,fake,673,133,182
ntf-02490,fake,856,167,236
ntf-02491,fake,476,103,135
ntf-02492,fake,504,109,156
ntf-02493,fake,695,145,202
ntf-02494,fake,714,149,192
ntf-02495,fake,793,167,213
ntf-02496,fake,660,132,200
ntf-02497,fake,1117,234,311
ntf-02498,fake,1132,245,296
ntf-02499,fake,793,178,236
ntf-02500,fake,895,193,244
ntf-02501,fake,855,172,254
ntf-02502,fake,609,118,158
ntf-02503,fake,456,92,112
ntf-02504,fake,910,198,243
ntf-02505,fake,1454,314,386
ntf-02506,fake,611,126,178
ntf-02507,fake,590,129,171
ntf-02508,fake,1021,214,289
ntf-02509,fake,476,97,130
ntf-02510,fake,1173,256,299
ntf-02511,fake,1036,215,264
ntf-02512,fake,1514,327,408
ntf-02513,fake,828,170,224
ntf-02514,fake,598,133,175
ntf-02515,fake,739,142,238
ntf-02516,fake,1003,220,265
ntf-02517,fake,956,207,253
ntf-02518,fake,1166,242,317
ntf-02519,fake,554,123,170
ntf-02520,fake,458,99,131
ntf-02521,fake,718,133,202
ntf-02522,fake,590,124,165
ntf-02523,fake,1296,275,345
ntf-02524,fake,649,136,162
ntf-02525,fake,1052,229,286
ntf-02526,fake,661,144,190
ntf-02527,fake,617,129,163
ntf-02528,fake,730,151,188
ntf-02529,fake,991,195,286
ntf-02530,fake,886,193,241
ntf-02531,fake,813,169,228
ntf-02532,fake,1161,240,336
ntf-02533,fake,1031,216,286
ntf-02534,fake,862,192,256
ntf-02535,fake,742,153,201
ntf-02536,fake,1050,227,290
ntf-02537,fake,1036,209,259
ntf-02538,fake,868,172,229
ntf-02539,fake,313,64,92
ntf-02540,fake,1150,230,326
ntf-02541,fake,886,198,245
ntf-02542,fake,480,102,120
ntf-02543,fake,612,122,163
ntf-02544,fake,949,206,251
ntf-02545,fake,787,154,208
ntf-02546,fake,1105,179,343
ntf-02547,fake,1189,241,297
ntf-02548,fake,628,120,147
ntf-02549,fake,1040,212,250
ntf-02550,fake,536,115,151
ntf-02551,fake,582,112,180
ntf-02552,fake,720,154,204
ntf-02553,fake,979,212,266
ntf-02554,fake,1130,250,306
ntf-02555,fake,751,156,226
ntf-02556,fake,1024,220,259
ntf-02557,fake,1190,245,329
ntf-02558,fake,735,153,211
ntf-02559,fake,713,154,218
ntf-02560,fake,346,71,109
ntf-02561,fake,1427,316,392
ntf-02562,fake,1350,288,391
ntf-02563,fake,300,55,91
ntf-02564,fake,1156,271,323
ntf-02565,fake,1383,296,403
ntf-02566,fake,973,205,269
ntf-02567,fake,776,168,211
ntf-02568,fake,428,83,110
ntf-02569,fake,772,146,217
ntf-02570,fake,386,81,106
ntf-02571,fake,1223,264,332
ntf-02572,fake,627,142,166
ntf-02573,fake,530,106,150
ntf-02574,fake,823,180,216
ntf-02575,fake,744,155,195
ntf-02576,fake,2017,424,559
ntf-02577,fake,697,157,195
ntf-02578,fake,1020,218,296
ntf-02579,fake,799,158,218
ntf-02580,fake,1238,263,328
ntf-02581,fake,1217,270,320
ntf-02582,fake,1116,230,311
ntf-02583,fake,1407,297,391
ntf-02584,fake,848,181,225
ntf-02585,fake,476,103,142
ntf-02586,fake,403,90,111
ntf-02587,fake,738,165,191
ntf-02588,fake,969,206,235
ntf-02589,fake,721,137,185
ntf-02590,fake,1218,261,327
ntf-02591,fake,683,138,180
ntf-02592,fake,943,199,273
ntf-02593,fake,425,91,117
ntf-02594,fake,1174,216,359
ntf-02595,fake,545,110,156
ntf-02596,fake,843,169,243
ntf-02597,fake,654,147,191
ntf-02598,fake,853,184,227
ntf-02599,fake,1625,344,435
ntf-02600,fake,476,81,164
ntf-02601,fake,740,156,207
ntf-02602,fake,264,56,75
ntf-02603,fake,559,69,188
ntf-02604,fake,1154,237,329
ntf-02605,fake,1054,213,311
ntf-02606,fake,478,93,121
ntf-02607,fake,518,106,136
ntf-02608,fake,331,71,94
ntf-02609,fake,737,151,185
ntf-02610,fake,1172,245,340
ntf-02611,fake,535,72,190
ntf-02612,fake,678,142,198
ntf-02613,fake,387,78,111
ntf-02614,fake,948,161,299
ntf-02615,fake,530,114,136
ntf-02616,fake,301,63,87
ntf-02617,fake,1069,227,309
ntf-02618,fake,1232,254,353
ntf-02619,fake,397,82,131
ntf-02620,fake,904,182,245
ntf-02621,fake,629,121,152
ntf-02622,fake,679,149,178
ntf-02623,fake,281,58,74
ntf-02624,fake,1600,371,436
ntf-02625,fake,2226,463,631
ntf-02626,fake,482,108,135
ntf-02627,fake,614,78,208
ntf-02628,fake,895,187,246
ntf-02629,fake,889,184,262
ntf-02630,fake,455,59,169
ntf-02631,fake,976,195,242
ntf-02632,fake,570,112,154
ntf-02633,fake,932,212,266
ntf-02634,fake,996,216,282
ntf-02635,fake,809,173,196
ntf-02636,fake,359,80,92
ntf-02637,fake,710,149,184
ntf-02638,fake,805,124,261
ntf-02639,fake,1302,282,350
ntf-02640,fake,1540,316,422
ntf-02641,fake,306,64,90
ntf-02642,fake,892,187,235
ntf-02643,fake,790,159,218
ntf-02644,fake,245,51,70
ntf-02645,fake,699,93,266
ntf-02646,fake,757,149,211
ntf-02647,fake,526,72,178
ntf-02648,fake,654,91,218
ntf-02649,fake,617,97,193
ntf-02650,fake,626,131,168
ntf-02651,fake,426,89,117
ntf-02652,fake,840,172,230
ntf-02653,fake,605,130,172
ntf-02654,fake,841,176,230
ntf-02655,fake,620,130,173
ntf-02656,fake,1053,172,318
ntf-02657,fake,612,89,221
ntf-02658,fake,326,64,99
ntf-02659,fake,339,76,87
ntf-02660,fake,671,142,198
ntf-02661,fake,631,134,154
ntf-02662,fake,381,76,108
ntf-02663,fake,519,99,131
ntf-02664,fake,878,183,243
ntf-02665,fake,691,119,238
ntf-02666,fake,564,85,180
ntf-02667,fake,855,168,243
ntf-02668,fake,308,60,101
ntf-02669,fake,741,164,207
ntf-02670,fake,766,158,211
ntf-02671,fake,1033,219,273
ntf-02672,fake,363,79,98
ntf-02673,fake,458,89,124
ntf-02674,fake,987,194,281
ntf-02675,fake,691,150,185
ntf-02676,fake,1340,297,375
ntf-02677,fake,430,85,116
ntf-02678,fake,911,181,253
ntf-02679,fake,560,115,159
ntf-02680,fake,660,145,176
ntf-02681,fake,787,164,218
ntf-02682,fake,1472,297,364
ntf-02683,fake,593,113,182
ntf-02684,fake,1045,224,270
ntf-02685,fake,1229,264,317
ntf-02686,fake,581,114,163
ntf-02687,fake,498,101,169
ntf-02688,fake,491,104,142
ntf-02689,fake,1242,268,327
ntf-02690,fake,451,64,152
ntf-02691,fake,583,78,212
ntf-02692,fake,694,146,193
ntf-02693,fake,641,126,171
ntf-02694,fake,1174,250,328
ntf-02695,fake,1021,213,280
ntf-02696,fake,782,158,210
ntf-02697,fake,897,203,231
ntf-02698,fake,707,144,173
ntf-02699,fake,579,112,142
ntf-02700,fake,444,91,124
ntf-02701,fake,789,170,210
ntf-02702,fake,452,97,134
ntf-02703,fake,699,155,190
ntf-02704,fake,801,169,224
ntf-02705,fake,240,52,61
ntf-02706,fake,1069,231,266
ntf-02707,fake,538,104,168
ntf-02708,fake,427,87,117
ntf-02709,fake,463,98,128
ntf-02710,fake,626,133,163
ntf-02711,fake,530,116,147
ntf-02712,fake,683,142,188
ntf-02713,fake,557,105,156
ntf-02714,fake,999,199,275
ntf-02715,fake,651,149,180
ntf-02716,fake,605,124,163
ntf-02717,fake,1045,206,298
ntf-02718,fake,1526,312,406
ntf-02719,fake,479,107,148
ntf-02720,fake,664,149,169
ntf-02721,fake,704,157,183
ntf-02722,fake,1215,269,332
ntf-02723,fake,771,160,193
ntf-02724,fake,664,139,195
ntf-02725,fake,512,116,154
ntf-02726,fake,309,69,83
ntf-02727,fake,725,159,207
ntf-02728,fake,979,208,266
ntf-02729,fake,564,102,156
ntf-02730,fake,533,108,144
ntf-02731,fake,879,176,256
ntf-02732,fake,501,111,128
ntf-02733,fake,1352,269,346
ntf-02734,fake,435,95,109
ntf-02735,fake,781,155,226
ntf-02736,fake,408,87,111
ntf-02737,fake,853,173,246
ntf-02738,fake,536,108,136
ntf-02739,fake,1335,269,377
ntf-02740,fake,1263,254,372
ntf-02741,fake,1061,223,310
ntf-02742,fake,1190,239,314
ntf-02743,fake,1013,197,288
ntf-02744,fake,1522,312,427
ntf-02745,fake,1482,314,377
ntf-02746,fake,725,150,192
ntf-02747,fake,821,172,215
ntf-02748,fake,644,132,174
ntf-02749,fake,822,172,209
ntf-02750,fake,829,172,230
ntf-02751,fake,1421,300,397
ntf-02752,fake,765,170,229
ntf-02753,fake,439,98,111
ntf-02754,fake,811,158,193
ntf-02755,fake,763,159,211
ntf-02756,fake,477,95,134
ntf-02757,fake,400,79,101
ntf-02758,fake,636,130,170
ntf-02759,fake,615,81,197
ntf-02760,fake,661,147,181
ntf-02761,fake,1058,202,287
ntf-02762,fake,638,134,182
ntf-02763,fake,746,154,213
ntf-02764,fake,332,59,120
ntf-02765,fake,610,124,188
ntf-02766,fake,287,62,86
ntf-02767,fake,337,68,86
ntf-02768,fake,410,80,116
ntf-02769,fake,613,120,176
ntf-02770,fake,1173,247,284
ntf-02771,fake,552,117,161
ntf-02772,fake,411,56,148
ntf-02773,fake,810,162,222
ntf-02774,fake,658,132,175
ntf-02775,fake,894,200,236
ntf-02776,fake,614,135,186
ntf-02777,fake,939,189,238
ntf-02778,fake,486,102,128
ntf-02779,fake,753,165,209
ntf-02780,fake,610,127,187
ntf-02781,fake,471,100,129
ntf-02782,fake,1070,225,284
ntf-02783,fake,896,194,253
ntf-02784,fake,479,66,158
ntf-02785,fake,793,156,218
ntf-02786,fake,530,109,161
ntf-02787,fake,570,112,142
ntf-02788,fake,801,174,245
ntf-02789,fake,1203,245,310
ntf-02790,fake,783,107,263
ntf-02791,fake,671,133,189
ntf-02792,fake,517,102,143
ntf-02793,fake,903,168,276
ntf-02794,fake,1144,251,379
ntf-02795,fake,749,166,202
ntf-02796,fake,517,96,142
ntf-02797,fake,527,111,160
ntf-02798,fake,677,142,174
ntf-02799,fake,389,76,100
ntf-02800,fake,585,122,164
ntf-02801,fake,244,56,71
ntf-02802,fake,894,169,254
ntf-02803,fake,831,164,211
ntf-02804,fake,406,68,118
ntf-02805,fake,501,96,145
ntf-02806,fake,1710,353,445
ntf-02807,fake,710,130,195
ntf-02808,fake,462,88,145
ntf-02809,fake,662,103,211
ntf-02810,fake,599,108,161
ntf-02811,fake,2211,476,585
ntf-02812,fake,535,100,147
ntf-02813,fake,548,87,188
ntf-02814,fake,1773,301,513
ntf-02815,fake,670,132,207
ntf-02816,fake,550,121,152
ntf-02817,fake,200,43,57
ntf-02818,fake,994,204,274
ntf-02819,fake,1028,216,286
ntf-02820,fake,678,137,173
ntf-02821,fake,664,135,196
ntf-02822,fake,453,91,128
ntf-02823,fake,1068,218,278
ntf-02824,fake,692,151,183
ntf-02825,fake,436,94,128
ntf-02826,fake,837,171,203
ntf-02827,fake,1138,243,327
ntf-02828,fake,1044,211,252
ntf-02829,fake,964,197,250
ntf-02830,fake,513,115,144
ntf-02831,fake,580,95,187
ntf-02832,fake,669,132,185
ntf-02833,fake,380,79,112
ntf-02834,real,207,46,60
ntf-02835,real,349,66,79
ntf-02836,real,1055,207,250
ntf-02837,fake,653,126,163
ntf-02838,fake,347,71,98
ntf-02839,fake,881,197,256
ntf-02840,real,552,112,150
ntf-02841,real,597,129,154
ntf-02842,real,969,195,284
ntf-02843,real,780,165,239
ntf-02844,real,455,93,136
ntf-02845,real,989,200,290
ntf-02846,real,949,209,286
ntf-02847,real,1028,198,305
ntf-02848,real,496,105,154
ntf-02849,real,935,191,284
ntf-02850,real,1088,217,304
ntf-02851,real,878,187,257
ntf-02852,real,905,195,244
ntf-02853,real,727,147,225
ntf-02854,real,736,152,210
ntf-02855,real,640,137,175
ntf-02856,real,368,75,119
ntf-02857,real,1117,256,319
ntf-02858,real,875,185,230
ntf-02859,real,293,62,85
ntf-02860,real,733,159,207
ntf-02861,real,720,153,213
ntf-02862,real,323,68,95
ntf-02863,real,337,71,96
ntf-02864,real,537,112,133
ntf-02865,real,470,99,145
ntf-02866,real,444,96,135
ntf-02867,real,452,87,119
ntf-02868,real,469,99,151
ntf-02869,real,915,198,275
ntf-02870,real,867,175,268
ntf-02871,real,1122,249,298
ntf-02872,real,588,124,176
ntf-02873,real,273,59,78
ntf-02874,real,275,58,79
ntf-02875,real,762,159,238
ntf-02876,real,609,129,171
ntf-02877,real,645,135,169
ntf-02878,real,415,88,133
ntf-02879,real,723,160,198
ntf-02880,real,718,150,182
ntf-02881,real,1012,202,310
ntf-02882,real,1047,220,265
ntf-02883,real,961,213,281
ntf-02884,real,774,160,238
ntf-02885,real,691,140,208
ntf-02886,real,710,138,217
ntf-02887,real,685,147,204
ntf-02888,real,549,116,158
ntf-02889,real,340,72,106
ntf-02890,real,1044,224,306
ntf-02891,real,572,122,171
ntf-02892,real,1507,329,452
ntf-02893,real,857,179,265
ntf-02894,real,1160,224,345
ntf-02895,real,1050,216,297
ntf-02896,real,703,146,231
ntf-02897,real,656,146,177
ntf-02898,real,891,187,254
ntf-02899,real,970,194,312
ntf-02900,real,952,198,265
ntf-02901,real,1620,352,437
ntf-02902,real,1135,242,350
ntf-02903,real,828,175,243
ntf-02904,real,193,40,58
ntf-02905,real,898,187,246
ntf-02906,real,884,180,270
ntf-02907,real,752,158,230
ntf-02908,real,314,69,93
ntf-02909,real,885,184,269
ntf-02910,real,968,201,291
ntf-02911,real,515,106,152
ntf-02912,real,913,188,299
ntf-02913,real,1341,300,411
ntf-02914,real,602,125,171
ntf-02915,real,624,134,184
ntf-02916,real,758,143,199
ntf-02917,real,421,87,145
ntf-02918,real,818,166,253
ntf-02919,real,620,130,183
ntf-02920,real,841,179,257
ntf-02921,real,1137,258,339
ntf-02922,real,1067,228,300
ntf-02923,real,794,165,234
ntf-02924,real,1727,361,549
ntf-02925,real,609,120,199
ntf-02926,real,659,136,195
ntf-02927,real,451,89,115
ntf-02928,real,631,136,180
ntf-02929,real,788,157,200
ntf-02930,real,998,205,292
ntf-02931,real,819,177,263
ntf-02932,real,905,200,284
ntf-02933,real,540,113,160
ntf-02934,real,612,134,180
ntf-02935,real,651,141,187
ntf-02936,real,540,116,160
ntf-02937,real,536,105,159
ntf-02938,real,589,124,158
ntf-02939,real,435,93,132
ntf-02940,real,667,157,185
ntf-02941,real,452,84,126
ntf-02942,real,565,115,152
ntf-02943,real,505,105,153
ntf-02944,real,863,171,283
ntf-02945,real,470,104,128
ntf-02946,real,531,118,141
ntf-02947,real,889,187,274
ntf-02948,real,224,49,68
ntf-02949,real,909,185,264
ntf-02950,real,301,65,91
ntf-02951,real,725,168,213
ntf-02952,real,767,157,215
ntf-02953,real,561,117,158
ntf-02954,real,416,81,125
ntf-02955,real,313,67,87
ntf-02956,real,833,169,229
ntf-02957,real,994,201,269
ntf-02958,real,634,131,187
ntf-02959,real,906,186,246
ntf-02960,real,547,116,150
ntf-02961,real,1262,277,375
ntf-02962,real,954,206,235
ntf-02963,real,723,163,213
ntf-02964,real,798,174,214
ntf-02965,real,794,170,221
ntf-02966,real,842,190,260
ntf-02967,real,805,177,222
ntf-02968,real,649,138,182
ntf-02969,real,976,204,278
ntf-02970,real,834,176,247
ntf-02971,real,737,151,222
ntf-02972,real,795,163,231
ntf-02973,real,1027,221,266
ntf-02974,real,702,154,193
ntf-02975,real,997,209,269
ntf-02976,real,804,167,264
ntf-02977,real,997,217,295
ntf-02978,real,284,60,67
ntf-02979,real,526,113,163
ntf-02980,real,920,188,287
ntf-02981,real,792,167,228
ntf-02982,real,581,120,161
ntf-02983,real,749,164,223
ntf-02984,real,507,112,150
ntf-02985,real,601,120,179
ntf-02986,real,799,169,212
ntf-02987,real,909,208,262
ntf-02988,real,683,140,198
ntf-02989,real,989,199,326
ntf-02990,real,753,156,191
ntf-02991,real,829,171,226
ntf-02992,real,980,201,260
ntf-02993,real,926,189,282
ntf-02994,real,455,96,117
ntf-02995,real,1132,243,318
ntf-02996,real,746,149,203
ntf-02997,real,649,132,178
ntf-02998,real,659,134,173
ntf-02999,real,717,150,238
ntf-03000,real,764,173,253
ntf-03001,real,688,138,223
ntf-03002,real,602,133,192
ntf-03003,real,590,122,174
ntf-03004,real,502,107,142
ntf-03005,real,714,137,237
ntf-03006,real,931,208,281
ntf-03007,real,752,160,229
ntf-03008,real,871,171,279
ntf-03009,real,518,103,175
ntf-03010,real,470,105,150
ntf-03011,real,427,84,139
ntf-03012,real,834,171,259
ntf-03013,real,1141,248,357
ntf-03014,real,616,129,193
ntf-03015,real,674,149,206
ntf-03016,real,801,162,265
ntf-03017,real,952,203,241
ntf-03018,real,842,168,229
ntf-03019,real,554,106,155
ntf-03020,real,825,181,274
ntf-03021,real,411,87,121
ntf-03022,real,839,177,264
ntf-03023,real,668,139,189
ntf-03024,real,770,166,232
ntf-03025,real,675,138,202
ntf-03026,real,437,94,126
ntf-03027,real,778,163,246
ntf-03028,real,874,181,291
ntf-03029,real,960,193,325
ntf-03030,real,840,177,201
ntf-03031,real,970,208,284
ntf-03032,real,367,78,116
ntf-03033,real,658,129,201
ntf-03034,real,909,185,263
ntf-03035,real,508,113,151
ntf-03036,real,1058,216,332
ntf-03037,real,1118,224,343
ntf-03038,real,600,129,165
ntf-03039,real,787,159,230
ntf-03040,real,330,68,104
ntf-03041,real,665,130,219
ntf-03042,real,921,201,248
ntf-03043,real,699,151,187
ntf-03044,real,563,116,157
ntf-03045,real,982,214,266
ntf-03046,real,460,92,152
ntf-03047,real,282,64,87
ntf-03048,real,1124,242,320
ntf-03049,real,810,166,225
ntf-03050,real,239,46,62
ntf-03051,real,916,187,255
ntf-03052,real,373,76,111
ntf-03053,real,923,200,251
ntf-03054,real,524,105,151
ntf-03055,real,941,195,277
ntf-03056,real,633,133,183
ntf-03057,real,531,107,178
ntf-03058,real,512,100,146
ntf-03059,real,517,109,139
ntf-03060,real,862,171,239
ntf-03061,real,961,210,314
ntf-03062,real,670,144,189
ntf-03063,real,730,155,217
ntf-03064,real,391,82,112
ntf-03065,real,368,82,107
ntf-03066,real,1272,273,381
ntf-03067,real,1023,233,318
ntf-03068,real,386,81,113
ntf-03069,real,948,193,252
ntf-03070,real,575,122,159
ntf-03071,real,804,161,212
ntf-03072,real,666,146,218
ntf-03073,real,418,85,115
ntf-03074,real,451,89,136
ntf-03075,real,551,124,142
ntf-03076,real,631,137,179
ntf-03077,real,1058,204,299
ntf-03078,real,740,157,196
ntf-03079,real,666,143,185
ntf-03080,real,492,107,142
ntf-03081,real,826,180,257
ntf-03082,real,868,185,276
ntf-03083,real,840,182,242
ntf-03084,real,1110,213,299
ntf-03085,real,541,116,145
ntf-03086,real,1017,207,294
ntf-03087,real,1018,208,293
ntf-03088,real,593,124,166
ntf-03089,real,336,73,109
ntf-03090,real,529,109,152
ntf-03091,real,491,100,141
ntf-03092,real,1065,222,338
ntf-03093,real,743,161,213
ntf-03094,real,472,94,125
ntf-03095,real,1005,201,275
ntf-03096,real,605,120,171
ntf-03097,real,502,98,143
ntf-03098,real,1084,227,341
ntf-03099,real,1293,247,408
ntf-03100,real,393,81,115
ntf-03101,real,986,207,309
ntf-03102,real,1349,300,380
ntf-03103,real,386,81,123
ntf-03104,real,813,168,189
ntf-03105,real,1074,222,289
ntf-03106,real,724,151,203
ntf-03107,real,1134,233,313
ntf-03108,real,1020,228,289
ntf-03109,real,740,156,201
ntf-03110,real,537,113,140
ntf-03111,real,613,132,165
ntf-03112,real,402,84,106
ntf-03113,real,416,85,118
ntf-03114,real,433,83,112
ntf-03115,real,692,162,224
ntf-03116,real,985,210,246
ntf-03117,real,837,186,248
ntf-03118,real,922,212,274
ntf-03119,real,557,128,173
ntf-03120,real,658,135,180
ntf-03121,real,538,115,145
ntf-03122,real,564,129,152
ntf-03123,real,895,186,253
ntf-03124,real,920,178,285
ntf-03125,real,488,110,128
ntf-03126,real,550,118,154
ntf-03127,real,482,112,140
ntf-03128,real,446,103,115
ntf-03129,real,360,80,106
ntf-03130,real,657,143,215
ntf-03131,real,796,172,232
ntf-03132,real,638,136,178
ntf-03133,real,619,137,180
ntf-03134,real,736,169,219
ntf-03135,real,597,130,178
ntf-03136,real,440,93,122
ntf-03137,real,813,183,236
ntf-03138,real,453,94,123
ntf-03139,real,832,172,253
ntf-03140,real,616,127,153
ntf-03141,real,667,154,181
ntf-03142,real,720,151,222
ntf-03143,real,595,126,164
ntf-03144,real,946,201,242
ntf-03145,real,975,216,302
ntf-03146,real,1513,302,459
ntf-03147,real,759,166,242
ntf-03148,real,782,176,244
ntf-03149,real,969,212,292
ntf-03150,real,604,135,193
ntf-03151,real,672,142,191
ntf-03152,real,536,105,163
ntf-03153,real,836,179,217
ntf-03154,real,600,132,166
ntf-03155,real,474,101,135
ntf-03156,real,461,97,129
ntf-03157,real,288,63,86
ntf-03158,real,441,94,127
ntf-03159,real,759,157,221
ntf-03160,real,537,117,157
ntf-03161,real,699,145,199
ntf-03162,real,699,152,193
ntf-03163,real,643,138,176
ntf-03164,real,688,137,216
ntf-03165,real,685,145,190
ntf-03166,real,1047,221,339
ntf-03167,real,1133,243,363
ntf-03168,real,999,230,285
ntf-03169,real,890,192,233
ntf-03170,real,871,194,269
ntf-03171,real,878,184,236
ntf-03172,real,1108,237,287
ntf-03173,real,489,104,127
ntf-03174,real,686,144,200
ntf-03175,real,852,176,224
ntf-03176,real,591,128,169
ntf-03177,real,793,177,243
ntf-03178,real,724,145,200
ntf-03179,real,781,170,215
ntf-03180,real,433,93,131
ntf-03181,real,783,163,255
ntf-03182,real,533,106,131
ntf-03183,real,665,140,178
ntf-03184,real,618,130,181
ntf-03185,real,477,100,132
ntf-03186,real,905,193,253
ntf-03187,real,777,155,206
ntf-03188,real,657,126,189
ntf-03189,real,685,138,165
ntf-03190,real,813,166,241
ntf-03191,real,685,144,201
ntf-03192,real,724,164,217
ntf-03193,real,841,178,243
ntf-03194,real,1086,235,305
ntf-03195,real,870,172,231
ntf-03196,real,884,177,290
ntf-03197,real,905,187,236
ntf-03198,real,645,137,183
ntf-03199,real,1072,230,291
ntf-03200,real,713,151,188
ntf-03201,real,502,103,131
ntf-03202,real,403,87,130
ntf-03203,real,1026,211,284
ntf-03204,real,929,187,249
ntf-03205,real,1133,238,296
ntf-03206,real,906,195,277
ntf-03207,real,1018,193,264
ntf-03208,real,724,144,180
ntf-03209,real,397,89,116
ntf-03210,real,944,209,239
ntf-03211,real,568,119,151
ntf-03212,real,833,174,252
ntf-03213,real,1031,209,260
ntf-03214,real,1151,255,298
ntf-03215,real,1220,233,362
ntf-03216,real,695,140,180
ntf-03217,real,1200,231,334
ntf-03218,real,814,166,214
ntf-03219,real,888,187,260
ntf-03220,real,675,157,188
ntf-03221,real,632,137,186
ntf-03222,real,911,198,255
ntf-03223,real,759,160,233
ntf-03224,real,438,100,126
ntf-03225,real,554,125,153
ntf-03226,real,729,157,188
ntf-03227,real,798,173,216
ntf-03228,real,800,164,185
ntf-03229,real,968,199,268
ntf-03230,real,960,205,294
ntf-03231,real,735,146,217
ntf-03232,real,786,171,214
ntf-03233,real,938,202,274
ntf-03234,real,895,191,261
ntf-03235,real,706,150,193
ntf-03236,real,813,171,264
ntf-03237,real,1000,219,291
ntf-03238,real,883,201,254
ntf-03239,real,1043,216,273
ntf-03240,real,503,115,134
ntf-03241,real,931,200,245
ntf-03242,real,500,106,146
ntf-03243,real,934,224,254
ntf-03244,real,1016,218,282
ntf-03245,real,959,220,246
ntf-03246,real,639,122,204
ntf-03247,real,277,57,78
ntf-03248,real,944,197,280
ntf-03249,real,692,138,188
ntf-03250,real,1027,215,287
ntf-03251,real,810,180,212
ntf-03252,real,1348,294,365
ntf-03253,real,769,162,200
ntf-03254,real,1125,226,327
ntf-03255,real,846,178,239
ntf-03256,real,1040,195,313
ntf-03257,real,842,175,213
ntf-03258,real,509,103,145
ntf-03259,real,1041,208,303
ntf-03260,real,750,146,208
ntf-03261,real,462,102,129
ntf-03262,real,709,156,208
ntf-03263,real,1078,213,311
ntf-03264,real,1566,327,412
ntf-03265,real,995,209,263
ntf-03266,real,839,184,236
ntf-03267,real,845,187,224
ntf-03268,real,921,201,225
ntf-03269,real,1164,245,303
ntf-03270,real,905,201,277
ntf-03271,real,1352,274,359
ntf-03272,real,412,87,112
ntf-03273,real,883,174,235
ntf-03274,real,948,196,260
ntf-03275,real,869,186,235
ntf-03276,real,601,122,166
ntf-03277,real,1010,226,283
ntf-03278,real,911,196,238
ntf-03279,real,1376,270,384
ntf-03280,real,1333,305,366
ntf-03281,real,980,204,257
ntf-03282,real,1033,194,310
ntf-03283,real,609,129,162
ntf-03284,real,973,194,234
ntf-03285,real,803,157,259
ntf-03286,real,1274,264,343
ntf-03287,real,1333,286,348
ntf-03288,real,510,111,156
ntf-03289,real,633,136,171
ntf-03290,real,1196,244,339
ntf-03291,real,431,93,124
ntf-03292,real,815,170,221
ntf-03293,real,665,140,176
ntf-03294,real,593,134,166
ntf-03295,real,949,200,257
ntf-03296,real,1050,220,293
ntf-03297,real,647,138,169
ntf-03298,real,956,207,261
ntf-03299,real,894,166,268
ntf-03300,real,1000,214,288
ntf-03301,real,574,117,168
ntf-03302,real,1091,227,308
ntf-03303,real,591,121,164
ntf-03304,real,884,178,291
ntf-03305,real,1277,274,336
ntf-03306,real,822,182,210
ntf-03307,real,537,112,153
ntf-03308,real,841,165,213
ntf-03309,real,519,117,138
ntf-03310,real,1007,215,285
ntf-03311,real,709,150,194
ntf-03312,real,1601,321,443
ntf-03313,real,1260,268,359
ntf-03314,real,720,162,199
ntf-03315,real,851,193,233
ntf-03316,real,474,97,125
ntf-03317,real,927,189,271
ntf-03318,real,540,113,166
ntf-03319,real,626,130,170
ntf-03320,real,483,112,136
ntf-03321,real,879,194,250
ntf-03322,real,715,149,200
ntf-03323,real,466,101,125
ntf-03324,real,858,193,225
ntf-03325,real,622,129,165
ntf-03326,real,412,81,112
ntf-03327,real,598,136,174
ntf-03328,real,458,96,117
ntf-03329,real,649,135,186
ntf-03330,real,994,208,265
ntf-03331,real,367,78,123
ntf-03332,real,986,200,280
ntf-03333,real,424,97,125
ntf-03334,real,973,218,271
ntf-03335,real,713,152,212
ntf-03336,real,590,120,182
ntf-03337,real,694,141,197
ntf-03338,real,884,192,257
ntf-03339,real,828,184,211
ntf-03340,real,562,120,169
ntf-03341,real,737,161,222
ntf-03342,real,537,109,152
ntf-03343,real,598,126,159
ntf-03344,real,752,159,221
ntf-03345,real,930,195,254
ntf-03346,real,890,181,254
ntf-03347,real,1114,238,307
ntf-03348,real,1166,231,342
ntf-03349,real,946,206,251
ntf-03350,real,338,71,97
ntf-03351,real,6763,1466,1900
ntf-03352,real,1203,226,364
ntf-03353,real,1091,237,327
ntf-03354,real,841,176,252
ntf-03355,real,1115,222,333
ntf-03356,real,907,204,274
ntf-03357,real,582,123,151
ntf-03358,real,1036,215,306
ntf-03359,real,392,92,112
ntf-03360,real,578,123,166
ntf-03361,real,822,178,224
ntf-03362,real,1056,225,302
ntf-03363,real,594,127,165
ntf-03364,real,562,113,158
ntf-03365,real,1696,356,503
ntf-03366,real,1483,301,448
ntf-03367,real,476,103,126
ntf-03368,real,541,109,153
ntf-03369,real,605,115,183
ntf-03370,real,1397,293,404
ntf-03371,real,750,162,213
ntf-03372,real,758,158,218
ntf-03373,real,965,204,288
ntf-03374,real,976,215,292
ntf-03375,real,1164,252,323
ntf-03376,real,686,148,181
ntf-03377,real,693,140,222
ntf-03378,real,1155,256,334
ntf-03379,real,707,149,205
ntf-03380,real,867,178,263
ntf-03381,real,825,178,236
ntf-03382,real,394,86,117
ntf-03383,real,792,164,231
ntf-03384,real,520,108,148
ntf-03385,real,778,165,223
ntf-03386,real,571,118,171
ntf-03387,real,729,140,218
ntf-03388,real,844,188,266
ntf-03389,real,824,178,235
ntf-03390,real,781,168,223
ntf-03391,real,685,156,181
ntf-03392,real,391,82,112
ntf-03393,real,880,184,269
ntf-03394,real,556,123,172
ntf-03395,real,1078,238,322
ntf-03396,real,622,135,202
ntf-03397,real,1485,326,471
ntf-03398,real,718,144,234
ntf-03399,real,397,86,122
ntf-03400,real,793,164,228
ntf-03401,real,910,179,248
ntf-03402,real,849,172,241
ntf-03403,real,742,148,198
ntf-03404,real,863,185,259
ntf-03405,real,1686,363,524
ntf-03406,real,530,110,156
ntf-03407,real,1755,387,546
ntf-03408,real,521,107,150
ntf-03409,real,486,107,152
ntf-03410,real,1123,241,322
ntf-03411,real,1551,335,403
ntf-03412,real,673,139,184
ntf-03413,real,862,192,255
ntf-03414,real,702,150,202
ntf-03415,real,1034,217,297
ntf-03416,real,751,154,219
ntf-03417,real,390,84,122
ntf-03418,real,616,128,199
ntf-03419,real,673,139,188
ntf-03420,real,1367,286,412
ntf-03421,real,1231,260,357
ntf-03422,real,1047,233,313
ntf-03423,real,985,215,284
ntf-03424,real,647,137,188
ntf-03425,real,714,153,200
ntf-03426,real,608,119,183
ntf-03427,real,918,203,275
ntf-03428,real,1144,246,332
ntf-03429,real,955,206,274
ntf-03430,real,2139,468,666
ntf-03431,real,591,125,178
ntf-03432,real,397,90,113
ntf-03433,real,512,109,145
ntf-03434,real,339,71,97
ntf-03435,real,922,205,272
ntf-03436,real,504,100,157
ntf-03437,real,2122,476,640
ntf-03438,real,245,49,70
ntf-03439,real,1114,243,325
ntf-03440,real,507,104,139
ntf-03441,real,624,135,187
ntf-03442,real,588,125,171
ntf-03443,real,630,136,199
ntf-03444,real,650,133,195
ntf-03445,real,871,193,230
ntf-03446,real,868,178,254
ntf-03447,real,831,168,247
ntf-03448,real,881,195,264
ntf-03449,real,506,110,142
ntf-03450,real,393,86,113
ntf-03451,real,872,184,257
ntf-03452,real,433,95,127
ntf-03453,real,682,141,197
ntf-03454,real,540,111,163
ntf-03455,real,879,189,252
ntf-03456,real,793,164,225
ntf-03457,real,494,110,168
ntf-03458,real,875,194,291
ntf-03459,real,723,151,193
ntf-03460,real,426,94,126
ntf-03461,real,1288,287,400
ntf-03462,real,1032,217,313
ntf-03463,real,921,196,290
ntf-03464,real,647,130,192
ntf-03465,real,721,144,216
ntf-03466,real,626,129,196
ntf-03467,real,1287,282,411
ntf-03468,real,603,118,174
ntf-03469,real,895,179,256
ntf-03470,real,793,172,247
ntf-03471,real,1131,253,318
ntf-03472,real,887,205,251
ntf-03473,real,1073,229,322
ntf-03474,real,1108,233,325
ntf-03475,real,931,215,262
ntf-03476,real,1172,249,352
ntf-03477,real,1063,217,319
ntf-03478,real,1573,335,443
ntf-03479,real,1079,206,339
ntf-03480,real,975,205,266
ntf-03481,real,391,87,117
ntf-03482,real,904,194,246
ntf-03483,real,689,148,191
ntf-03484,real,498,98,143
ntf-03485,real,1042,215,291
ntf-03486,real,794,158,239
ntf-03487,real,1216,236,350
ntf-03488,real,735,151,192
ntf-03489,real,1263,264,353
ntf-03490,real,806,166,228
ntf-03491,real,709,158,187
ntf-03492,real,525,111,145
ntf-03493,real,710,148,209
ntf-03494,real,1099,222,328
ntf-03495,real,968,191,300
ntf-03496,real,736,152,199
ntf-03497,real,703,157,190
ntf-03498,real,607,117,201
ntf-03499,real,653,143,194
ntf-03500,real,640,141,170
ntf-03501,real,880,185,251
ntf-03502,real,1219,254,335
ntf-03503,real,997,209,297
ntf-03504,real,1099,237,326
ntf-03505,real,1082,225,315
ntf-03506,real,651,133,174
ntf-03507,real,526,111,139
ntf-03508,real,892,186,261
ntf-03509,real,538,112,167
ntf-03510,real,1523,316,453
ntf-03511,real,1472,277,400
ntf-03512,real,610,137,180
ntf-03513,real,412,84,131
ntf-03514,real,432,93,132
ntf-03515,real,603,132,174
ntf-03516,real,408,85,126
ntf-03517,real,1204,256,339
ntf-03518,real,370,75,109
ntf-03519,real,379,72,109
ntf-03520,real,696,138,187
ntf-03521,real,405,85,121
ntf-03522,real,924,177,264
ntf-03523,real,696,141,178
ntf-03524,real,941,201,275
ntf-03525,real,650,134,180
ntf-03526,real,811,167,224
ntf-03527,real,1007,204,289
ntf-03528,real,811,164,229
ntf-03529,real,504,104,141
ntf-03530,real,336,71,76
ntf-03531,real,750,167,234
ntf-03532,real,716,156,198
ntf-03533,real,948,193,264
ntf-03534,real,734,145,209
ntf-03535,real,485,100,156
ntf-03536,real,695,143,218
ntf-03537,real,758,156,210
ntf-03538,real,669,123,181
ntf-03539,real,559,114,157
ntf-03540,real,840,165,228
ntf-03541,real,2272,484,730
ntf-03542,real,3232,707,1022
ntf-03543,real,1127,243,325
ntf-03544,real,958,210,275
ntf-03545,real,667,133,183
ntf-03546,real,1395,265,391
ntf-03547,real,1375,295,356
ntf-03548,real,1203,248,321
ntf-03549,real,701,148,213
ntf-03550,real,609,124,165
ntf-03551,real,1199,248,318
ntf-03552,real,995,190,281
ntf-03553,real,409,94,126
ntf-03554,real,763,150,189
ntf-03555,real,985,211,294
ntf-03556,real,660,136,178
ntf-03557,real,858,167,223
ntf-03558,real,658,139,181
ntf-03559,real,1194,240,328
ntf-03560,real,804,163,240
ntf-03561,real,810,173,216
ntf-03562,real,800,165,235
ntf-03563,real,606,130,173
ntf-03564,real,934,183,282
ntf-03565,real,262,58,88
ntf-03566,real,816,169,224
ntf-03567,real,1345,292,423
ntf-03568,real,439,88,124
ntf-03569,real,1335,288,361
ntf-03570,real,246,49,74
ntf-03571,real,672,141,169
ntf-03572,real,671,131,170
ntf-03573,real,932,196,265
ntf-03574,real,422,92,108
ntf-03575,real,539,109,169
ntf-03576,real,922,182,295
ntf-03577,real,343,67,113
ntf-03578,real,305,65,98
ntf-03579,real,584,123,158
ntf-03580,real,1252,257,369
ntf-03581,real,1049,201,328
ntf-03582,real,529,126,141
ntf-03583,real,796,181,236
ntf-03584,real,1014,213,252
ntf-03585,real,810,168,259
ntf-03586,real,937,210,254
ntf-03587,real,604,131,166
ntf-03588,real,900,182,254
ntf-03589,real,987,204,253
ntf-03590,real,938,201,251
ntf-03591,real,715,157,197
ntf-03592,real,609,132,169
ntf-03593,real,834,167,222
ntf-03594,real,340,65,92
ntf-03595,real,811,159,221
ntf-03596,real,603,137,161
ntf-03597,real,577,125,156
ntf-03598,real,1347,288,351
ntf-03599,real,683,150,198
ntf-03600,real,579,133,152
ntf-03601,real,1264,264,338
ntf-03602,real,1235,257,329
ntf-03603,real,1227,255,339
ntf-03604,real,1643,340,442
ntf-03605,real,1640,321,464
ntf-03606,real,884,182,250
ntf-03607,real,517,115,157
ntf-03608,real,959,195,257
ntf-03609,real,460,96,116
ntf-03610,real,738,153,224
ntf-03611,real,1006,201,276
ntf-03612,real,741,149,202
ntf-03613,real,410,85,116
ntf-03614,real,935,190,299
ntf-03615,real,523,107,155
ntf-03616,real,983,200,318
ntf-03617,real,944,194,251
ntf-03618,real,717,149,225
ntf-03619,real,957,200,284
ntf-03620,real,885,195,267
ntf-03621,real,772,167,257
ntf-03622,real,613,138,187
ntf-03623,real,884,187,249
ntf-03624,real,1118,221,315
ntf-03625,real,681,152,200
ntf-03626,real,1244,247,335
ntf-03627,real,595,125,171
ntf-03628,real,903,183,263
ntf-03629,real,598,125,168
ntf-03630,real,569,112,180
ntf-03631,real,1035,205,290
ntf-03632,real,1377,288,391
ntf-03633,real,588,128,164
ntf-03634,real,580,111,183
ntf-03635,real,1115,233,301
ntf-03636,real,379,79,111
ntf-03637,real,1007,223,256
ntf-03638,real,686,151,175
ntf-03639,real,756,157,223
ntf-03640,real,441,93,125
ntf-03641,real,913,198,237
ntf-03642,real,777,170,249
ntf-03643,real,517,113,158
ntf-03644,real,722,141,225
ntf-03645,real,651,137,172
ntf-03646,real,938,194,279
ntf-03647,real,470,106,117
ntf-03648,real,812,167,213
ntf-03649,real,464,95,138
ntf-03650,real,775,162,233
ntf-03651,real,827,173,234
ntf-03652,real,630,128,196
ntf-03653,real,709,142,227
ntf-03654,real,626,120,191
ntf-03655,real,593,118,190
ntf-03656,real,609,131,166
ntf-03657,real,813,169,265
ntf-03658,real,944,178,314
ntf-03659,real,602,131,180
ntf-03660,real,911,199,280
ntf-03661,real,806,169,215
ntf-03662,real,492,104,148
ntf-03663,real,533,112,161
ntf-03664,real,651,133,218
ntf-03665,real,504,103,152
ntf-03666,real,568,120,179
ntf-03667,real,636,137,184
ntf-03668,real,561,130,146
ntf-03669,real,522,104,168
ntf-03670,real,1030,213,279
ntf-03671,real,322,67,93
ntf-03672,real,360,73,104
ntf-03673,real,598,123,169
ntf-03674,real,812,177,200
ntf-03675,real,921,208,258
ntf-03676,real,953,211,262
ntf-03677,real,663,140,189
ntf-03678,real,316,76,96
ntf-03679,real,882,175,270
ntf-03680,real,459,89,137
ntf-03681,real,710,155,224
ntf-03682,real,1056,195,309
ntf-03683,real,2812,593,820
ntf-03684,real,2194,478,702
ntf-03685,real,693,148,180
ntf-03686,real,688,142,198
ntf-03687,real,919,200,289
ntf-03688,real,433,93,146
ntf-03689,real,526,112,141
ntf-03690,real,741,150,247
ntf-03691,real,2126,447,642
ntf-03692,real,1789,373,465
ntf-03693,real,834,170,250
ntf-03694,real,580,123,176
ntf-03695,real,667,136,183
ntf-03696,real,1044,216,260
ntf-03697,real,1147,226,315
ntf-03698,real,1415,293,399
ntf-03699,real,666,142,180
ntf-03700,real,319,69,104
ntf-03701,real,813,172,218
ntf-03702,real,1341,280,370
ntf-03703,real,1006,212,276
ntf-03704,real,1037,206,274
ntf-03705,real,814,178,243
ntf-03706,real,493,106,133
ntf-03707,real,767,163,217
ntf-03708,real,524,108,134
ntf-03709,real,1246,270,335
ntf-03710,real,639,134,184
ntf-03711,real,786,170,240
ntf-03712,real,951,214,276
ntf-03713,real,813,163,220
ntf-03714,real,756,162,214
ntf-03715,real,906,193,242
ntf-03716,real,1030,218,278
ntf-03717,real,867,180,234
ntf-03718,real,608,127,161
ntf-03719,real,712,154,190
ntf-03720,real,779,167,205
ntf-03721,real,570,123,177
ntf-03722,real,2862,623,879
ntf-03723,real,668,148,175
ntf-03724,real,767,171,208
ntf-03725,real,897,206,290
ntf-03726,real,468,98,130
ntf-03727,real,776,170,195
ntf-03728,real,891,189,262
ntf-03729,real,1682,344,459
ntf-03730,real,1153,236,311
ntf-03731,real,1003,202,309
ntf-03732,real,487,102,126
ntf-03733,real,887,181,243
ntf-03734,real,469,94,135
ntf-03735,real,754,157,255
ntf-03736,real,908,193,252
ntf-03737,real,844,186,244
ntf-03738,real,8013,1744,2217
ntf-03739,real,592,127,164
ntf-03740,real,1014,212,306
ntf-03741,real,509,106,147
ntf-03742,real,898,196,227
ntf-03743,real,470,102,144
ntf-03744,real,529,110,169
ntf-03745,real,2156,471,616
ntf-03746,real,1987,433,575
ntf-03747,real,939,208,296
ntf-03748,real,1057,230,351
ntf-03749,real,1509,330,438
ntf-03750,real,1050,228,274
ntf-03751,real,536,118,144
ntf-03752,real,1964,405,516
ntf-03753,real,1334,279,365
ntf-03754,real,1184,252,339
ntf-03755,real,685,140,183
ntf-03756,real,1111,239,332
ntf-03757,real,1799,389,531
ntf-03758,real,1435,294,362
ntf-03759,real,812,189,247
ntf-03760,real,525,111,155
ntf-03761,real,832,171,219
ntf-03762,real,717,143,194
ntf-03763,real,584,119,158
ntf-03764,real,808,161,261
ntf-03765,real,576,112,163
ntf-03766,real,602,124,176
ntf-03767,real,1305,258,356
ntf-03768,real,718,154,187
ntf-03769,real,1012,201,291
ntf-03770,real,567,124,158
ntf-03771,real,592,119,178
ntf-03772,real,590,119,186
ntf-03773,real,339,68,87
ntf-03774,real,913,186,248
ntf-03775,real,827,166,221
ntf-03776,real,327,65,83
ntf-03777,real,653,138,204
ntf-03778,real,1110,230,300
ntf-03779,real,695,149,178
ntf-03780,real,740,146,198
ntf-03781,real,613,136,161
ntf-03782,real,750,155,244
ntf-03783,real,1091,241,300
ntf-03784,real,1099,227,369
ntf-03785,real,1813,396,482
ntf-03786,real,985,211,299
ntf-03787,real,1050,232,290
ntf-03788,real,543,117,152
ntf-03789,real,797,177,223
ntf-03790,real,367,73,107
ntf-03791,real,526,105,137
ntf-03792,real,1022,201,322
ntf-03793,real,989,193,284
ntf-03794,real,996,206,268
ntf-03795,real,760,156,208
ntf-03796,real,526,112,149
ntf-03797,real,3090,682,940
ntf-03798,real,493,102,168
ntf-03799,real,758,160,238
ntf-03800,real,677,139,189
ntf-03801,real,954,201,250
ntf-03802,real,776,176,246
ntf-03803,real,524,104,150
ntf-03804,real,748,157,203
ntf-03805,real,3593,789,1080
ntf-03806,real,669,141,205
ntf-03807,real,1006,199,305
ntf-03808,real,384,82,120
ntf-03809,real,1506,321,474
ntf-03810,real,643,128,209
ntf-03811,real,909,193,280
ntf-03812,real,767,167,245
ntf-03813,real,1106,227,315
ntf-03814,real,844,185,233
ntf-03815,real,1454,305,406
ntf-03816,real,736,147,197
ntf-03817,real,447,89,152
ntf-03818,real,412,84,98
ntf-03819,real,723,152,197
ntf-03820,real,937,206,235
ntf-03821,real,921,191,258
ntf-03822,real,924,199,295
ntf-03823,real,417,78,117
ntf-03824,real,763,164,212
ntf-03825,real,754,171,232
ntf-03826,real,743,158,219
ntf-03827,real,718,156,243
ntf-03828,real,833,183,265
ntf-03829,real,615,127,182
ntf-03830,real,1010,209,282
ntf-03831,real,876,184,249
ntf-03832,real,736,156,204
ntf-03833,real,1558,347,472
ntf-03834,real,485,103,135
ntf-03835,real,908,199,260
ntf-03836,real,919,189,254
ntf-03837,real,799,173,240
ntf-03838,real,511,106,144
ntf-03839,real,422,93,108
ntf-03840,real,1544,342,482
ntf-03841,real,670,135,203
ntf-03842,real,1109,229,323
ntf-03843,real,689,154,198
ntf-03844,real,419,90,111
ntf-03845,real,389,84,111
ntf-03846,real,836,174,238
ntf-03847,real,705,149,191
ntf-03848,real,494,102,141
ntf-03849,real,944,187,261
ntf-03850,real,794,165,247
ntf-03851,real,657,139,205
ntf-03852,real,457,97,141
ntf-03853,real,414,89,123
ntf-03854,real,554,114,168
ntf-03855,real,720,134,207
ntf-03856,real,945,198,292
ntf-03857,real,1083,228,337
ntf-03858,real,765,154,242
ntf-03859,real,481,106,143
ntf-03860,real,516,109,153
ntf-03861,real,424,85,115
ntf-03862,real,735,163,219
ntf-03863,real,634,138,185
ntf-03864,real,390,76,110
ntf-03865,real,815,175,257
ntf-03866,real,800,164,221
ntf-03867,real,797,170,223
ntf-03868,real,499,109,138
ntf-03869,real,397,81,127
ntf-03870,real,490,106,167
ntf-03871,real,1415,289,404
ntf-03872,real,975,209,287
ntf-03873,real,462,96,133
ntf-03874,real,566,121,177
ntf-03875,real,464,93,158
ntf-03876,real,756,171,225
ntf-03877,real,917,188,253
ntf-03878,real,710,143,200
ntf-03879,real,843,178,244
ntf-03880,real,601,126,186
ntf-03881,real,863,191,261
ntf-03882,real,704,163,222
ntf-03883,real,645,149,181
ntf-03884,real,831,180,219
ntf-03885,real,462,91,136
ntf-03886,real,912,190,235
ntf-03887,real,516,102,141
ntf-03888,real,407,84,116
ntf-03889,real,701,157,198
ntf-03890,real,939,202,253
ntf-03891,real,539,105,147
ntf-03892,real,559,114,160
ntf-03893,real,586,123,171
ntf-03894,real,1049,219,296
ntf-03895,real,816,173,250
ntf-03896,real,1414,294,395
ntf-03897,real,716,151,193
ntf-03898,real,1129,239,308
ntf-03899,real,835,174,279
ntf-03900,real,1221,259,328
ntf-03901,real,590,128,165
ntf-03902,real,481,110,132
ntf-03903,real,780,174,239
ntf-03904,real,559,126,166
ntf-03905,real,638,141,191
ntf-03906,real,872,193,258
ntf-03907,real,678,138,182
ntf-03908,real,1290,282,394
ntf-03909,real,767,166,230
ntf-03910,real,505,109,165
ntf-03911,real,907,187,272
ntf-03912,real,795,173,223
ntf-03913,real,907,194,264
ntf-03914,real,801,162,246
ntf-03915,real,424,83,133
ntf-03916,real,1130,250,339
ntf-03917,real,697,145,199
ntf-03918,real,656,144,201
ntf-03919,real,772,171,235
ntf-03920,real,1009,210,301
ntf-03921,real,745,149,223
ntf-03922,real,676,142,183
ntf-03923,real,640,132,208
ntf-03924,real,812,164,236
ntf-03925,real,711,153,195
ntf-03926,real,810,165,224
ntf-03927,real,909,181,252
ntf-03928,real,522,113,162
ntf-03929,real,734,162,194
ntf-03930,real,975,198,262
ntf-03931,real,1487,327,471
ntf-03932,real,553,118,156
ntf-03933,real,639,125,175
ntf-03934,real,712,150,217
ntf-03935,real,1542,322,413
ntf-03936,real,1020,222,307
ntf-03937,real,442,98,123
ntf-03938,real,603,133,198
ntf-03939,real,463,91,133
ntf-03940,real,421,86,126
ntf-03941,real,576,122,159
ntf-03942,real,1424,314,438
ntf-03943,real,819,162,231
ntf-03944,real,564,101,174
ntf-03945,real,437,91,124
ntf-03946,real,761,159,207
ntf-03947,real,609,127,187
ntf-03948,real,886,175,246
ntf-03949,real,628,134,169
ntf-03950,real,817,162,237
ntf-03951,real,728,148,194
ntf-03952,real,905,193,250
ntf-03953,real,818,178,237
ntf-03954,real,481,96,132
ntf-03955,real,505,108,137
ntf-03956,real,366,78,102
ntf-03957,real,854,172,237
ntf-03958,real,251,52,68
ntf-03959,real,499,105,136
ntf-03960,real,929,173,273
ntf-03961,real,539,112,127
ntf-03962,real,1158,237,331
ntf-03963,real,1087,230,291
ntf-03964,real,479,96,153
ntf-03965,real,678,148,209
ntf-03966,real,1125,229,297
ntf-03967,real,474,102,142
ntf-03968,real,751,154,234
ntf-03969,real,787,169,237
ntf-03970,real,815,178,206
ntf-03971,real,657,132,165
ntf-03972,real,684,146,217
ntf-03973,real,423,92,112
ntf-03974,real,617,132,170
ntf-03975,real,1220,271,318
ntf-03976,real,1197,248,314
ntf-03977,real,532,113,163
ntf-03978,real,1037,205,286
ntf-03979,real,556,121,151
ntf-03980,real,482,105,138
ntf-03981,real,970,204,245
ntf-03982,real,658,131,188
ntf-03983,real,536,119,155
ntf-03984,real,525,115,140
ntf-03985,real,958,192,273
ntf-03986,real,544,120,159
ntf-03987,real,329,67,90
ntf-03988,real,763,155,212
ntf-03989,real,779,157,203
ntf-03990,real,769,163,199
ntf-03991,real,591,124,168
ntf-03992,real,489,96,155
ntf-03993,real,585,114,164
ntf-03994,real,527,112,148
ntf-03995,real,410,85,138
ntf-03996,real,578,123,164
ntf-03997,real,539,106,147
ntf-03998,real,442,90,145
ntf-03999,real,1154,228,318
ntf-04000,real,626,126,195
ntf-04001,real,420,91,126
ntf-04002,real,525,107,166
ntf-04003,real,1073,233,267
ntf-04004,real,682,139,209
ntf-04005,real,883,188,247
ntf-04006,real,733,157,205
ntf-04007,real,900,193,235
ntf-04008,real,676,142,178
ntf-04009,real,776,157,232
ntf-04010,real,465,91,135
ntf-04011,real,511,113,156
ntf-04012,real,4523,1005,1255
ntf-04013,real,1163,256,315
ntf-04014,real,1328,295,388
ntf-04015,real,578,122,173
ntf-04016,real,939,213,260
ntf-04017,real,779,171,226
ntf-04018,real,526,104,187
ntf-04019,real,538,118,142
ntf-04020,real,1337,295,379
ntf-04021,real,877,197,262
ntf-04022,real,1031,228,281
ntf-04023,real,700,148,239
ntf-04024,real,834,188,220
ntf-04025,real,603,115,166
ntf-04026,real,526,113,163
ntf-04027,real,5041,1103,1536
ntf-04028,real,704,143,176
ntf-04029,real,1537,317,432
ntf-04030,real,649,132,185
ntf-04031,real,511,112,162
ntf-04032,real,715,151,195
ntf-04033,real,390,79,111
ntf-04034,real,940,204,240
ntf-04035,real,1166,255,321
ntf-04036,real,1430,308,393
ntf-04037,real,1524,331,422
ntf-04038,real,1321,290,374
ntf-04039,real,592,136,160
ntf-04040,real,615,137,177
ntf-04041,real,556,110,164
ntf-04042,real,700,146,190
ntf-04043,real,975,213,279
ntf-04044,real,737,148,207
ntf-04045,real,763,158,250
ntf-04046,real,1026,210,264
ntf-04047,real,591,121,159
ntf-04048,real,621,129,157
ntf-04049,real,786,172,222
ntf-04050,real,2030,414,627
ntf-04051,real,746,160,243
ntf-04052,real,731,152,187
ntf-04053,real,845,176,232
ntf-04054,real,648,132,198
ntf-04055,real,765,165,208
ntf-04056,real,839,172,206
ntf-04057,real,816,173,217
ntf-04058,real,1348,263,387
ntf-04059,real,591,125,164
ntf-04060,real,727,155,198
ntf-04061,real,736,162,182
ntf-04062,real,884,194,268
ntf-04063,real,1020,206,286
ntf-04064,real,831,174,214
ntf-04065,real,451,93,123
ntf-04066,real,622,135,180
ntf-04067,real,913,182,275
ntf-04068,real,856,172,231
ntf-04069,real,872,187,272
ntf-04070,real,625,126,160
ntf-04071,real,578,114,183
ntf-04072,real,792,164,226
ntf-04073,real,766,154,208
ntf-04074,real,737,140,215
ntf-04075,real,570,121,171
ntf-04076,real,908,198,234
ntf-04077,real,848,171,275
ntf-04078,real,544,108,148
ntf-04079,real,457,96,142
ntf-04080,real,1040,223,281
ntf-04081,real,734,156,202
ntf-04082,real,700,156,188
ntf-04083,real,860,182,220
ntf-04084,real,370,71,97
ntf-04085,real,989,213,266
ntf-04086,real,654,144,190
ntf-04087,real,977,209,292
ntf-04088,real,547,114,145
ntf-04089,real,817,169,223
ntf-04090,real,384,78,100
ntf-04091,real,751,154,230
ntf-04092,real,789,156,241
ntf-04093,real,538,109,164
ntf-04094,real,602,132,151
ntf-04095,real,482,103,125
ntf-04096,real,564,122,164
ntf-04097,real,447,93,124
ntf-04098,real,951,192,277
ntf-04099,real,461,100,118
ntf-04100,real,428,90,112
ntf-04101,real,925,190,277
ntf-04102,real,1050,219,300
ntf-04103,real,527,108,149
ntf-04104,real,972,194,282
ntf-04105,real,1900,418,551
ntf-04106,real,1863,410,634
ntf-04107,real,789,168,247
ntf-04108,real,523,102,156
ntf-04109,real,482,98,146
ntf-04110,real,1180,236,319
ntf-04111,real,591,124,151
ntf-04112,real,830,178,245
ntf-04113,real,800,170,254
ntf-04114,real,1023,204,293
ntf-04115,real,1001,173,294
ntf-04116,real,1327,271,370
ntf-04117,real,571,120,164
ntf-04118,real,729,162,211
ntf-04119,real,500,104,147
ntf-04120,real,1050,235,281
ntf-04121,real,442,94,129
ntf-04122,real,694,155,185
ntf-04123,real,823,167,261
ntf-04124,real,601,129,174
ntf-04125,real,994,211,267
ntf-04126,real,807,166,268
ntf-04127,real,628,139,186
ntf-04128,real,1155,242,325
ntf-04129,real,813,166,245
ntf-04130,real,1459,298,444
ntf-04131,real,512,114,140
ntf-04132,real,637,133,165
ntf-04133,real,449,103,141
ntf-04134,real,601,134,188
ntf-04135,real,536,109,133
ntf-04136,real,972,201,272
ntf-04137,real,749,141,265
ntf-04138,real,333,67,102
ntf-04139,real,1143,240,319
ntf-04140,real,633,130,208
ntf-04141,real,1191,255,331
ntf-04142,real,299,68,94
ntf-04143,real,731,152,187
ntf-04144,real,510,115,129
ntf-04145,real,844,182,239
ntf-04146,real,782,151,225
ntf-04147,real,835,177,242
ntf-04148,real,1102,234,286
ntf-04149,real,672,144,184
ntf-04150,real,907,176,251
ntf-04151,real,586,128,167
ntf-04152,real,986,205,259
ntf-04153,real,706,148,194
ntf-04154,real,340,74,94
ntf-04155,real,898,190,268
ntf-04156,real,597,124,181
ntf-04157,real,360,76,100
ntf-04158,real,669,140,188
ntf-04159,real,769,162,237
ntf-04160,real,722,155,171
ntf-04161,real,673,143,223
ntf-04162,real,540,103,156
ntf-04163,real,577,131,149
ntf-04164,real,565,109,185
ntf-04165,real,613,129,183
ntf-04166,real,644,136,164
ntf-04167,real,747,168,211
ntf-04168,real,778,161,247
ntf-04169,real,801,171,226
ntf-04170,real,788,177,225
ntf-04171,real,727,151,201
ntf-04172,real,932,186,249
ntf-04173,real,819,171,201
ntf-04174,real,1063,207,283
ntf-04175,real,675,146,174
ntf-04176,real,871,187,225
ntf-04177,real,884,165,255
ntf-04178,real,901,196,272
ntf-04179,real,767,158,182
ntf-04180,real,539,111,157
ntf-04181,real,495,98,170
ntf-04182,real,862,184,225
ntf-04183,real,620,132,187
ntf-04184,real,1021,225,272
ntf-04185,real,750,157,215
ntf-04186,real,730,155,212
ntf-04187,real,934,194,255
ntf-04188,real,885,191,240
ntf-04189,real,805,158,209
ntf-04190,real,756,134,219
ntf-04191,real,1238,254,375
ntf-04192,real,593,120,169
ntf-04193,real,1128,249,335
ntf-04194,real,714,151,189
ntf-04195,real,602,130,159
ntf-04196,real,1068,231,278
ntf-04197,real,1034,224,285
ntf-04198,real,530,107,158
ntf-04199,real,763,164,221
ntf-04200,real,1166,230,324
ntf-04201,real,723,149,201
ntf-04202,real,1103,238,278
ntf-04203,real,521,111,148
ntf-04204,real,765,163,216
ntf-04205,real,419,88,110
ntf-04206,real,662,140,175
ntf-04207,real,488,108,153
ntf-04208,real,1107,249,288
ntf-04209,real,481,102,137
ntf-04210,real,988,212,250
ntf-04211,real,979,199,279
ntf-04212,real,490,102,118
ntf-04213,real,685,137,214
ntf-04214,real,1159,226,334
ntf-04215,real,1605,318,453
ntf-04216,real,695,148,212
ntf-04217,real,834,175,271
ntf-04218,real,1752,388,535
ntf-04219,real,473,99,166
ntf-04220,real,850,171,256
ntf-04221,real,1294,282,338
ntf-04222,real,4443,953,1158
ntf-04223,real,1621,317,484
ntf-04224,real,800,165,223
ntf-04225,real,407,80,107
ntf-04226,real,610,125,180
ntf-04227,real,1110,234,345
ntf-04228,real,701,142,195
ntf-04229,real,662,148,196
ntf-04230,real,962,202,280
ntf-04231,real,1171,237,321
ntf-04232,real,695,139,193
ntf-04233,real,1260,274,375
ntf-04234,real,822,183,249
ntf-04235,real,611,125,178
ntf-04236,real,1178,253,357
ntf-04237,real,626,131,170
ntf-04238,real,663,121,193
ntf-04239,real,537,109,140
ntf-04240,real,529,112,148
ntf-04241,real,549,114,144
ntf-04242,real,879,181,217
ntf-04243,real,1648,349,464
ntf-04244,real,1237,266,404
ntf-04245,real,2858,627,768
ntf-04246,real,738,154,203
ntf-04247,real,564,127,147
ntf-04248,real,1839,402,507
ntf-04249,real,671,150,186
ntf-04250,real,886,183,236
ntf-04251,real,645,132,167
ntf-04252,real,960,195,248
ntf-04253,real,498,99,127
ntf-04254,real,1024,213,300
ntf-04255,real,798,168,214
ntf-04256,real,658,141,181
ntf-04257,real,1209,261,355
ntf-04258,real,713,154,191
ntf-04259,real,736,155,204
ntf-04260,real,886,173,265
ntf-04261,real,517,118,149
ntf-04262,real,605,129,162
ntf-04263,real,436,91,131
ntf-04264,real,900,200,255
ntf-04265,real,633,135,167
ntf-04266,real,845,181,269
ntf-04267,real,1252,265,323
ntf-04268,real,1431,305,419
ntf-04269,real,877,193,295
ntf-04270,real,1754,359,423
ntf-04271,real,968,211,273
ntf-04272,real,919,180,264
ntf-04273,real,708,143,173
ntf-04274,real,506,112,128
ntf-04275,real,1068,228,295
ntf-04276,real,894,182,267
ntf-04277,real,974,214,293
ntf-04278,real,778,153,208
ntf-04279,real,915,184,275
ntf-04280,real,509,106,138
ntf-04281,real,658,139,166
ntf-04282,real,572,120,146
ntf-04283,real,1200,260,360
ntf-04284,real,661,143,188
ntf-04285,real,613,130,160
ntf-04286,real,772,166,219
ntf-04287,real,450,84,128
ntf-04288,real,925,198,268
ntf-04289,real,559,107,170
ntf-04290,real,877,184,274
ntf-04291,real,700,138,193
ntf-04292,real,1379,301,353
ntf-04293,real,902,185,233
ntf-04294,real,509,109,162
ntf-04295,real,710,149,191
ntf-04296,real,723,156,214
ntf-04297,real,1020,210,305
ntf-04298,real,988,212,268
ntf-04299,real,960,211,276
ntf-04300,real,691,152,181
ntf-04301,real,697,147,231
ntf-04302,real,650,131,177
ntf-04303,real,809,169,248
ntf-04304,real,933,208,265
ntf-04305,real,797,166,221
ntf-04306,real,676,144,185
ntf-04307,real,472,102,143
ntf-04308,real,592,128,178
ntf-04309,real,794,173,211
ntf-04310,real,587,120,170
ntf-04311,real,502,104,132
ntf-04312,real,750,166,234
ntf-04313,real,1012,210,279
ntf-04314,real,786,173,218
ntf-04315,real,538,113,137
ntf-04316,real,685,149,189
ntf-04317,real,791,157,220
ntf-04318,real,1277,267,353
ntf-04319,real,917,187,253
ntf-04320,real,984,194,269
ntf-04321,real,779,158,245
ntf-04322,real,970,195,274
ntf-04323,real,1074,230,318
ntf-04324,real,644,141,182
ntf-04325,real,1028,216,300
ntf-04326,real,2066,463,605
ntf-04327,real,899,188,248
ntf-04328,real,3894,862,1167
ntf-04329,real,929,173,279
ntf-04330,real,550,115,139
ntf-04331,real,726,152,200
ntf-04332,real,523,94,146
ntf-04333,real,853,184,240
ntf-04334,real,895,185,231
ntf-04335,real,1605,338,454
ntf-04336,real,764,150,218
ntf-04337,real,608,134,171
ntf-04338,real,555,122,172
ntf-04339,real,745,156,206
ntf-04340,real,964,211,261
ntf-04341,real,675,138,201
ntf-04342,real,666,142,194
ntf-04343,real,1209,263,361
ntf-04344,real,955,203,277
ntf-04345,real,1111,236,297
ntf-04346,real,1113,241,294
ntf-04347,real,1066,233,293
ntf-04348,real,861,182,236
ntf-04349,real,677,150,184
ntf-04350,real,655,134,183
ntf-04351,real,532,116,163
ntf-04352,real,2584,582,802
ntf-04353,real,605,131,176
ntf-04354,real,679,153,200
ntf-04355,real,913,196,297
ntf-04356,real,1012,218,295
ntf-04357,real,1007,213,270
ntf-04358,real,787,168,243
ntf-04359,real,2276,492,667
ntf-04360,real,977,213,270
ntf-04361,real,572,114,152
ntf-04362,real,779,165,210
ntf-04363,real,883,186,271
ntf-04364,real,1158,244,298
ntf-04365,real,1483,316,460
ntf-04366,real,1485,323,482
ntf-04367,real,1036,216,291
ntf-04368,real,386,86,99
ntf-04369,real,495,110,118
ntf-04370,real,624,137,160
ntf-04371,real,588,138,192
ntf-04372,real,421,90,112
ntf-04373,real,1026,209,309
ntf-04374,real,545,112,148
ntf-04375,real,953,201,262
ntf-04376,real,954,192,255
ntf-04377,real,514,117,142
ntf-04378,real,2062,452,623
ntf-04379,real,671,153,203
ntf-04380,real,777,157,206
ntf-04381,real,908,194,234
ntf-04382,real,1003,216,288
ntf-04383,real,1407,302,435
ntf-04384,real,640,139,158
ntf-04385,real,726,151,228
ntf-04386,real,1658,353,474
ntf-04387,real,630,130,203
ntf-04388,real,1394,309,394
ntf-04389,real,856,183,226
ntf-04390,real,1376,305,379
ntf-04391,real,1201,245,306
ntf-04392,real,428,91,117
ntf-04393,real,741,150,208
ntf-04394,real,555,118,161
ntf-04395,real,660,151,188
ntf-04396,real,644,140,174
ntf-04397,real,974,207,281
ntf-04398,real,2768,611,759
ntf-04399,real,1122,237,358
ntf-04400,real,973,211,246
ntf-04401,real,805,173,213
ntf-04402,real,2421,539,719
ntf-04403,real,713,154,196
ntf-04404,real,1420,310,419
ntf-04405,real,1159,245,315
ntf-04406,real,577,122,168
ntf-04407,real,477,100,133
ntf-04408,real,1103,226,307
ntf-04409,real,549,106,144
ntf-04410,real,2664,593,800
ntf-04411,real,479,110,134
ntf-04412,real,678,143,201
ntf-04413,real,594,119,171
ntf-04414,real,731,156,209
ntf-04415,real,519,105,150
ntf-04416,real,947,197,293
ntf-04417,real,2873,640,885
ntf-04418,real,415,85,140
ntf-04419,real,811,176,255
ntf-04420,real,718,154,195
ntf-04421,real,845,194,258
ntf-04422,real,829,182,228
ntf-04423,real,833,184,266
ntf-04424,real,715,152,231
ntf-04425,real,694,148,191
ntf-04426,real,796,171,237
ntf-04427,real,1697,332,463
ntf-04428,real,1559,325,432
ntf-04429,real,673,140,189
ntf-04430,real,635,141,202
ntf-04431,real,824,186,259
ntf-04432,real,1300,274,367
ntf-04433,real,789,180,246
ntf-04434,real,648,126,175
ntf-04435,real,606,126,182
ntf-04436,real,730,154,223
ntf-04437,real,698,150,209
ntf-04438,real,468,104,149
ntf-04439,real,531,114,160
ntf-04440,real,697,145,191
ntf-04441,real,464,103,155
ntf-04442,real,779,164,199
ntf-04443,real,988,204,266
ntf-04444,real,1190,252,303
ntf-04445,real,1472,308,439
ntf-04446,real,1907,402,529
ntf-04447,real,823,182,264
ntf-04448,real,1047,224,273
ntf-04449,real,1125,243,311
ntf-04450,real,936,206,295
ntf-04451,real,943,203,310
ntf-04452,real,785,175,236
ntf-04453,real,539,95,179
ntf-04454,real,519,104,176
ntf-04455,real,879,196,272
ntf-04456,real,634,106,207
ntf-04457,real,1358,302,386
ntf-04458,real,638,138,175
ntf-04459,real,756,159,210
ntf-04460,real,745,158,206
ntf-04461,real,758,168,234
ntf-04462,real,940,197,271
ntf-04463,real,793,168,235
ntf-04464,real,815,175,227
ntf-04465,real,652,134,195
ntf-04466,real,1450,320,450
ntf-04467,real,812,173,226
ntf-04468,real,446,83,126
ntf-04469,real,467,104,130
ntf-04470,real,1064,226,281
ntf-04471,real,703,163,204
ntf-04472,real,913,207,290
ntf-04473,real,921,208,294
ntf-04474,real,679,134,175
ntf-04475,real,629,135,171
ntf-04476,real,947,213,280
ntf-04477,real,522,113,149
ntf-04478,real,859,192,219
ntf-04479,real,855,183,265
ntf-04480,real,531,116,161
ntf-04481,real,1066,222,293
ntf-04482,real,620,118,196
ntf-04483,real,700,148,200
ntf-04484,real,396,92,116
ntf-04485,real,721,142,172
ntf-04486,real,583,123,172
ntf-04487,real,1285,282,390
ntf-04488,real,428,86,120
ntf-04489,real,969,215,310
ntf-04490,real,923,201,282
ntf-04491,real,867,188,239
ntf-04492,real,875,187,273
ntf-04493,real,1351,297,417
ntf-04494,real,1019,223,303
ntf-04495,real,713,154,176
ntf-04496,real,784,154,223
ntf-04497,real,1057,226,328
ntf-04498,real,756,160,195
ntf-04499,real,716,159,199
ntf-04500,real,571,122,169
ntf-04501,real,997,198,265
ntf-04502,real,1143,237,341
ntf-04503,real,431,86,127
ntf-04504,real,1375,285,397
ntf-04505,real,717,154,200
ntf-04506,real,856,193,236
ntf-04507,real,505,115,152
ntf-04508,real,825,175,225
ntf-04509,real,649,141,177
ntf-04510,real,481,101,141
ntf-04511,real,645,130,172
ntf-04512,real,430,89,118
ntf-04513,real,582,119,170
ntf-04514,real,1133,236,350
ntf-04515,real,717,153,222
ntf-04516,real,681,143,177
ntf-04517,real,357,73,118
ntf-04518,real,607,127,181
ntf-04519,real,784,161,231
ntf-04520,real,600,131,172
ntf-04521,real,440,91,115
ntf-04522,real,486,101,142
ntf-04523,real,645,134,189
ntf-04524,real,746,162,212
ntf-04525,real,274,60,69
ntf-04526,real,448,95,117
ntf-04527,real,740,164,195
ntf-04528,real,609,133,175
ntf-04529,real,223,49,69
ntf-04530,real,1043,224,279
ntf-04531,real,974,212,261
ntf-04532,real,569,118,159
ntf-04533,real,1066,223,345
ntf-04534,real,1007,213,259
ntf-04535,real,972,216,277
ntf-04536,real,644,133,186
ntf-04537,real,790,168,241
ntf-04538,real,999,213,317
ntf-04539,real,673,145,197
ntf-04540,real,714,157,209
ntf-04541,real,462,99,119
ntf-04542,real,974,219,298
ntf-04543,real,811,180,248
ntf-04544,real,866,187,266
ntf-04545,real,903,197,267
ntf-04546,real,965,192,288
ntf-04547,real,369,82,103
ntf-04548,real,357,70,95
ntf-04549,real,883,189,235
ntf-04550,real,797,170,247
ntf-04551,real,519,115,142
ntf-04552,real,1474,329,481
ntf-04553,real,1205,249,367
ntf-04554,real,2212,492,695
ntf-04555,real,1658,364,539
ntf-04556,real,2161,477,665
ntf-04557,real,1035,225,309
ntf-04558,real,1290,274,367
ntf-04559,real,1243,259,387
ntf-04560,real,971,220,306
ntf-04561,real,476,100,141
ntf-04562,real,844,178,272
ntf-04563,real,1102,241,316
ntf-04564,real,1045,229,314
ntf-04565,real,941,197,279
ntf-04566,real,1154,239,301
ntf-04567,real,365,79,108
ntf-04568,real,989,218,286
ntf-04569,real,1256,266,322
ntf-04570,real,933,192,262
ntf-04571,real,958,210,289
ntf-04572,real,666,145,187
ntf-04573,real,1757,398,548
ntf-04574,real,3004,669,944
ntf-04575,real,794,163,237
ntf-04576,real,998,218,295
ntf-04577,real,516,106,168
ntf-04578,real,2484,548,779
ntf-04579,real,965,204,292
ntf-04580,real,1347,288,403
ntf-04581,real,896,192,234
ntf-04582,real,853,179,277
ntf-04583,real,1076,223,338
ntf-04584,real,2123,433,587
ntf-04585,real,433,99,131
ntf-04586,real,539,118,149
ntf-04587,real,1765,369,470
ntf-04588,real,429,88,133
ntf-04589,real,841,194,234
ntf-04590,real,498,106,141
ntf-04591,real,801,175,221
ntf-04592,real,831,179,230
ntf-04593,real,1089,245,306
ntf-04594,real,588,127,174
ntf-04595,real,901,174,256
ntf-04596,real,560,120,158
ntf-04597,real,798,164,226
ntf-04598,real,583,130,154
ntf-04599,real,1416,311,430
ntf-04600,real,963,211,281
ntf-04601,real,749,165,245
ntf-04602,real,351,79,98
ntf-04603,real,421,87,121
ntf-04604,real,801,170,222
ntf-04605,real,576,129,161
ntf-04606,real,528,121,163
ntf-04607,real,764,168,206
ntf-04608,real,607,130,166
ntf-04609,real,846,183,251
ntf-04610,real,1452,304,451
ntf-04611,real,464,104,117
ntf-04612,real,566,126,164
ntf-04613,real,1214,259,296
ntf-04614,real,672,146,195
ntf-04615,real,1272,276,366
ntf-04616,real,720,152,194
ntf-04617,real,622,133,177
ntf-04618,real,3104,694,844
ntf-04619,real,3301,741,966
ntf-04620,real,724,165,229
ntf-04621,real,1050,218,289
ntf-04622,real,1016,216,266
ntf-04623,real,861,193,228
ntf-04624,real,911,199,246
ntf-04625,real,1056,232,308
ntf-04626,real,600,135,167
ntf-04627,real,579,130,171
ntf-04628,real,1810,393,545
ntf-04629,real,931,199,295
ntf-04630,real,1009,216,279
ntf-04631,real,659,128,181
ntf-04632,real,629,137,163
ntf-04633,real,721,156,215
ntf-04634,real,770,179,237
ntf-04635,real,969,207,238
ntf-04636,real,949,179,281
ntf-04637,real,1457,319,397
ntf-04638,real,1494,327,383
ntf-04639,real,684,151,214
ntf-04640,real,761,171,243
ntf-04641,real,603,125,166
ntf-04642,real,2538,559,757
ntf-04643,real,919,200,245
ntf-04644,real,1454,312,375
ntf-04645,real,804,169,236
ntf-04646,real,558,117,153
ntf-04647,real,1303,288,374
ntf-04648,real,633,129,183
ntf-04649,real,936,219,307
ntf-04650,real,762,169,231
ntf-04651,real,530,110,159
ntf-04652,real,547,121,143
ntf-04653,real,584,124,164
ntf-04654,real,1190,254,304
ntf-04655,real,1042,222,276
ntf-04656,real,1442,306,427
ntf-04657,real,816,184,238
ntf-04658,real,823,171,260
ntf-04659,real,429,96,135
ntf-04660,real,757,160,233
ntf-04661,real,659,136,213
ntf-04662,real,2821,623,796
ntf-04663,real,739,156,241
ntf-04664,real,1092,227,336
ntf-04665,real,1138,254,347
ntf-04666,real,664,142,180
ntf-04667,real,782,162,248
ntf-04668,real,1015,216,307
ntf-04669,real,913,197,274
ntf-04670,real,1808,396,526
ntf-04671,real,655,132,162
ntf-04672,real,767,164,230
ntf-04673,real,532,109,155
ntf-04674,real,1060,233,278
ntf-04675,real,423,93,125
ntf-04676,real,795,165,222
ntf-04677,real,593,129,173
ntf-04678,real,3855,846,1025
ntf-04679,real,2214,484,654
ntf-04680,real,719,158,226
ntf-04681,real,494,97,149
ntf-04682,real,959,193,264
ntf-04683,real,852,174,218
ntf-04684,real,2631,572,772
ntf-04685,real,825,179,248
ntf-04686,real,742,161,220
ntf-04687,real,896,189,256
ntf-04688,real,588,132,182
ntf-04689,real,788,162,211
ntf-04690,real,648,136,178
ntf-04691,real,789,180,222
ntf-04692,real,664,149,204
ntf-04693,real,944,196,250
ntf-04694,real,660,135,208
ntf-04695,real,624,130,183
ntf-04696,real,1526,332,422
ntf-04697,real,677,157,204
ntf-04698,real,766,148,232
ntf-04699,real,485,95,124
ntf-04700,real,859,181,232
ntf-04701,real,724,165,231
ntf-04702,real,889,178,236
ntf-04703,real,908,188,242
ntf-04704,real,519,101,148
ntf-04705,real,770,168,235
ntf-04706,real,512,106,144
ntf-04707,real,1324,280,384
ntf-04708,real,757,161,245
ntf-04709,real,1227,267,342
ntf-04710,real,1497,330,429
ntf-04711,real,711,151,203
ntf-04712,real,1083,231,312
ntf-04713,real,1154,234,331
ntf-04714,real,586,123,157
ntf-04715,real,855,185,256
ntf-04716,real,661,135,175
ntf-04717,real,937,209,268
ntf-04718,real,923,183,261
ntf-04719,real,686,131,197
ntf-04720,real,1597,352,474
ntf-04721,real,730,139,231
ntf-04722,real,591,126,180
ntf-04723,real,601,127,168
ntf-04724,real,457,97,129
ntf-04725,real,825,181,218
ntf-04726,real,846,181,256
ntf-04727,real,819,168,240
ntf-04728,real,1007,211,278
ntf-04729,real,551,114,152
ntf-04730,real,765,160,231
ntf-04731,real,460,93,145
ntf-04732,real,395,82,127
ntf-04733,real,419,88,130
ntf-04734,real,927,200,253
ntf-04735,real,672,139,165
ntf-04736,real,1046,220,342
ntf-04737,real,880,199,275
ntf-04738,real,440,91,115
ntf-04739,real,559,118,163
ntf-04740,real,765,161,208
ntf-04741,real,477,103,134
ntf-04742,real,685,136,191
ntf-04743,real,398,83,114
ntf-04744,real,924,192,294
ntf-04745,real,1382,298,368
ntf-04746,real,753,171,227
ntf-04747,real,1074,235,294
ntf-04748,real,789,156,210
ntf-04749,real,609,138,184
ntf-04750,real,1286,271,358
ntf-04751,real,659,145,198
ntf-04752,real,637,132,171
ntf-04753,real,341,69,102
ntf-04754,real,348,74,90
ntf-04755,real,1302,281,357
ntf-04756,real,908,188,241
ntf-04757,real,534,119,149
ntf-04758,real,917,189,252
ntf-04759,real,1369,285,395
ntf-04760,real,825,162,242
ntf-04761,real,377,80,105
ntf-04762,real,622,137,200
ntf-04763,real,466,95,130
ntf-04764,real,376,84,97
ntf-04765,real,371,76,100
ntf-04766,real,816,171,214
ntf-04767,real,1067,226,275
ntf-04768,real,876,176,238
ntf-04769,real,529,117,164
ntf-04770,real,556,119,162
ntf-04771,real,1248,261,345
ntf-04772,real,902,185,273
ntf-04773,real,369,79,107
ntf-04774,real,743,156,232
ntf-04775,real,312,66,97
ntf-04776,real,440,87,130
ntf-04777,real,679,153,209
ntf-04778,real,647,148,174
ntf-04779,real,656,157,181
ntf-04780,real,284,58,93
ntf-04781,real,603,139,177
ntf-04782,real,433,90,124
ntf-04783,real,866,174,213
ntf-04784,real,930,190,277
ntf-04785,real,395,93,112
ntf-04786,real,522,107,136
ntf-04787,real,297,56,88
ntf-04788,real,685,149,189
ntf-04789,real,775,167,242
ntf-04790,real,674,143,202
ntf-04791,real,698,151,213
ntf-04792,real,866,188,274
ntf-04793,real,833,174,245
ntf-04794,real,454,101,123
ntf-04795,real,1169,259,375
ntf-04796,real,542,118,143
ntf-04797,real,677,129,182
ntf-04798,real,593,126,169
ntf-04799,real,685,157,192
ntf-04800,real,556,124,166
ntf-04801,real,445,92,114
ntf-04802,real,561,118,135
ntf-04803,real,537,121,163
ntf-04804,real,884,203,275
ntf-04805,real,697,131,192
ntf-04806,real,764,173,225
ntf-04807,real,430,97,128
ntf-04808,real,773,154,225
ntf-04809,real,429,92,148
ntf-04810,real,824,182,264
ntf-04811,real,555,113,161
ntf-04812,real,2208,438,611
ntf-04813,real,355,72,102
ntf-04814,real,628,141,187
ntf-04815,real,906,197,275
ntf-04816,real,1112,232,310
ntf-04817,real,1078,222,302
ntf-04818,real,642,143,190
ntf-04819,real,645,124,165
ntf-04820,real,712,149,183
ntf-04821,real,813,172,231
ntf-04822,real,690,136,187
ntf-04823,real,856,189,234
ntf-04824,real,767,163,206
ntf-04825,real,757,156,225
ntf-04826,real,783,179,244
ntf-04827,real,747,161,204
ntf-04828,real,640,145,195
ntf-04829,real,872,197,257
ntf-04830,real,589,118,163
ntf-04831,real,582,123,155
ntf-04832,real,2158,444,582
ntf-04833,real,366,80,109
ntf-04834,real,894,182,275
ntf-04835,real,704,142,191
ntf-04836,real,752,171,232
ntf-04837,real,291,62,87
ntf-04838,real,763,167,232
ntf-04839,real,817,177,232
ntf-04840,real,1424,308,456
ntf-04841,real,953,206,280
ntf-04842,real,901,192,266
ntf-04843,real,912,190,270
ntf-04844,real,593,130,163
ntf-04845,real,298,60,85
ntf-04846,real,701,159,210
ntf-04847,real,541,104,166
ntf-04848,real,876,185,288
ntf-04849,real,691,137,197
ntf-04850,real,999,229,294
ntf-04851,real,919,187,274
ntf-04852,real,930,199,273
ntf-04853,real,583,112,171
ntf-04854,real,887,189,241
ntf-04855,real,460,106,142
ntf-04856,real,733,154,212
ntf-04857,real,490,104,154
ntf-04858,real,699,138,173
ntf-04859,real,642,131,178
ntf-04860,real,993,213,307
ntf-04861,real,498,105,132
ntf-04862,real,762,164,204
ntf-04863,real,594,126,163
ntf-04864,real,302,66,81
ntf-04865,real,731,152,196
ntf-04866,real,1497,324,484
ntf-04867,real,831,190,246
ntf-04868,real,991,199,289
ntf-04869,real,886,191,233
ntf-04870,real,696,153,210
ntf-04871,real,660,139,208
ntf-04872,real,1042,226,278
ntf-04873,real,906,201,261
ntf-04874,real,861,194,262
ntf-04875,real,737,155,235
ntf-04876,real,393,77,99
ntf-04877,real,1075,239,303
ntf-04878,real,754,162,238
ntf-04879,real,478,102,151
ntf-04880,real,769,162,232
ntf-04881,real,861,189,268
ntf-04882,real,826,176,236
ntf-04883,real,575,126,170
ntf-04884,real,500,103,123
ntf-04885,real,581,130,167
ntf-04886,real,1015,221,265
ntf-04887,real,478,99,139
ntf-04888,real,666,144,183
ntf-04889,real,591,130,160
ntf-04890,real,863,172,225
ntf-04891,real,939,209,285
ntf-04892,real,897,183,276
ntf-04893,real,1298,294,384
ntf-04894,real,621,111,203
ntf-04895,real,640,141,188
ntf-04896,real,365,75,106
ntf-04897,real,423,91,134
ntf-04898,real,556,119,160
ntf-04899,real,2648,557,783
ntf-04900,real,617,135,184
ntf-04901,real,1000,210,301
ntf-04902,real,919,198,297
ntf-04903,real,661,126,176
ntf-04904,real,593,132,169
ntf-04905,real,542,120,161
ntf-04906,real,770,163,230
ntf-04907,real,808,188,263
ntf-04908,real,564,115,146
ntf-04909,real,604,129,160
ntf-04910,real,1127,245,329
ntf-04911,real,772,174,228
ntf-04912,real,1008,223,289
ntf-04913,real,559,129,150
ntf-04914,real,671,138,204
ntf-04915,real,648,148,191
ntf-04916,real,628,137,167
ntf-04917,real,908,189,256
ntf-04918,real,938,203,262
ntf-04919,real,548,115,171
ntf-04920,real,771,155,248
ntf-04921,real,694,152,217
ntf-04922,real,858,166,250
ntf-04923,real,702,143,206
ntf-04924,real,580,125,150
ntf-04925,real,910,191,233
ntf-04926,real,673,139,204
ntf-04927,real,742,147,208
ntf-04928,real,906,183,258
ntf-04929,real,776,168,199
ntf-04930,real,651,136,187
ntf-04931,real,1551,340,486
ntf-04932,real,318,63,103
ntf-04933,real,338,68,111
ntf-04934,real,483,112,149
ntf-04935,real,1344,294,418
ntf-04936,real,777,165,229
ntf-04937,real,924,193,264
ntf-04938,real,993,215,294
ntf-04939,real,1175,258,377
ntf-04940,real,866,171,242
ntf-04941,real,961,210,290
ntf-04942,real,795,176,204
ntf-04943,real,478,102,164
ntf-04944,real,524,115,169
ntf-04945,real,922,193,282
ntf-04946,real,590,126,164
ntf-04947,real,278,58,71
ntf-04948,real,574,120,165
ntf-04949,real,936,201,287
ntf-04950,real,649,138,184
ntf-04951,real,561,122,170
ntf-04952,real,708,148,197
ntf-04953,real,600,124,173
ntf-04954,real,583,132,179
ntf-04955,real,966,198,295
ntf-04956,real,721,140,174
ntf-04957,real,692,141,215
ntf-04958,real,737,165,215
ntf-04959,real,1206,248,357
ntf-04960,real,751,162,199
ntf-04961,real,1032,218,297
ntf-04962,real,643,133,179
ntf-04963,real,852,177,232
ntf-04964,real,500,106,149
ntf-04965,real,520,107,139
ntf-04966,real,497,107,140
ntf-04967,real,843,179,235
ntf-04968,real,482,100,142
ntf-04969,real,693,145,205
ntf-04970,real,748,161,220
ntf-04971,real,1032,218,315
ntf-04972,real,489,96,148
ntf-04973,real,500,102,145
ntf-04974,real,504,109,157
ntf-04975,real,533,107,175
ntf-04976,real,3528,761,1054
ntf-04977,real,714,152,208
ntf-04978,real,475,104,145
ntf-04979,real,675,148,195
ntf-04980,real,882,196,258
ntf-04981,real,828,195,249
ntf-04982,real,715,152,214
ntf-04983,real,491,96,153
ntf-04984,real,757,153,205
ntf-04985,real,1254,273,391
ntf-04986,real,512,110,155
ntf-04987,real,527,106,151
ntf-04988,real,870,190,257
ntf-04989,real,595,127,185
ntf-04990,real,254,52,71
ntf-04991,real,746,156,242
ntf-04992,real,1265,268,353
ntf-04993,real,439,98,114
ntf-04994,real,732,140,215
ntf-04995,real,486,106,145
ntf-04996,real,604,119,176
ntf-04997,real,694,121,222
ntf-04998,real,612,134,180
ntf-04999,real,352,72,113
ntf-05000,real,885,191,261
ntf-05001,real,674,147,202
ntf-05002,real,602,130,195
ntf-05003,real,640,129,199
ntf-05004,real,1916,359,531
ntf-05005,real,720,157,209
ntf-05006,real,585,128,153
ntf-05007,real,656,129,203
ntf-05008,real,795,170,202
ntf-05009,real,713,157,231
ntf-05010,real,487,98,116
ntf-05011,real,511,113,150
ntf-05012,real,538,111,152
ntf-05013,real,610,120,185
ntf-05014,real,559,118,178
ntf-05015,real,746,163,232
ntf-05016,real,881,179,242
ntf-05017,real,735,147,234
ntf-05018,real,832,165,253
ntf-05019,real,760,172,234
ntf-05020,real,893,185,220
ntf-05021,real,772,155,225
ntf-05022,real,667,141,166
ntf-05023,real,530,109,153
ntf-05024,real,542,113,171
ntf-05025,real,328,63,90
ntf-05026,real,404,83,116
ntf-05027,real,328,72,104
ntf-05028,real,493,99,163
ntf-05029,real,781,170,220
ntf-05030,real,542,122,155
ntf-05031,real,1351,271,407
ntf-05032,real,672,153,210
ntf-05033,real,640,132,170
ntf-05034,real,634,145,196
ntf-05035,real,418,83,120
ntf-05036,real,810,164,237
ntf-05037,real,1146,247,352
ntf-05038,real,432,86,122
ntf-05039,real,746,162,226
ntf-05040,real,663,139,223
ntf-05041,real,1116,238,309
ntf-05042,real,552,116,146
ntf-05043,real,780,156,196
ntf-05044,real,1407,305,418
ntf-05045,real,630,135,204
ntf-05046,real,369,79,107
ntf-05047,real,315,63,88
ntf-05048,real,707,145,202
ntf-05049,real,674,133,219
ntf-05050,real,778,164,237
ntf-05051,real,967,196,279
ntf-05052,real,578,125,159
ntf-05053,real,970,211,295
ntf-05054,real,571,125,176
ntf-05055,real,748,159,221
ntf-05056,real,581,122,148
ntf-05057,real,976,207,259
ntf-05058,real,563,117,148
ntf-05059,real,778,171,228
ntf-05060,real,863,170,231
ntf-05061,real,788,171,230
ntf-05062,real,848,166,239
ntf-05063,real,379,77,100
ntf-05064,real,976,212,298
ntf-05065,real,791,166,189
ntf-05066,real,1196,255,352
ntf-05067,real,732,162,223
ntf-05068,real,213,42,64
ntf-05069,real,250,49,78
ntf-05070,real,281,59,93
ntf-05071,real,655,137,199
ntf-05072,real,603,128,171
ntf-05073,real,971,212,294
ntf-05074,real,354,73,102
ntf-05075,real,1154,258,347
ntf-05076,real,355,81,97
ntf-05077,real,904,204,251
ntf-05078,real,1016,236,286
ntf-05079,real,575,129,171
ntf-05080,real,560,117,164
ntf-05081,real,980,186,272
ntf-05082,real,575,118,158
ntf-05083,real,999,207,261
ntf-05084,real,586,126,168
ntf-05085,real,552,118,171
ntf-05086,real,694,145,203
ntf-05087,real,587,134,167
ntf-05088,real,889,176,276
ntf-05089,real,710,152,205
ntf-05090,real,763,169,197
ntf-05091,real,1051,225,309
ntf-05092,real,654,132,206
ntf-05093,real,519,112,153
ntf-05094,real,686,147,185
ntf-05095,real,733,162,209
ntf-05096,real,857,189,258
ntf-05097,real,684,136,185
ntf-05098,real,597,117,176
ntf-05099,real,627,130,171
ntf-05100,real,653,138,165
ntf-05101,real,730,150,193
ntf-05102,real,762,152,228
ntf-05103,real,754,166,202
ntf-05104,real,884,185,246
ntf-05105,real,1142,243,295
ntf-05106,real,807,174,238
ntf-05107,real,719,151,236
ntf-05108,real,213,42,71
ntf-05109,real,687,146,202
ntf-05110,real,554,107,183
ntf-05111,real,818,166,228
ntf-05112,real,554,109,165
ntf-05113,real,698,149,198
ntf-05114,real,634,138,175
ntf-05115,real,394,80,112
ntf-05116,real,465,93,141
ntf-05117,real,703,149,222
ntf-05118,real,487,107,133
ntf-05119,real,629,140,164
ntf-05120,real,785,152,235
ntf-05121,real,687,142,224
ntf-05122,real,683,140,195
ntf-05123,real,375,78,106
ntf-05124,real,776,161,208
ntf-05125,real,450,94,121
ntf-05126,real,683,134,179
ntf-05127,real,410,89,113
ntf-05128,real,497,105,129
ntf-05129,real,751,150,240
ntf-05130,real,625,132,188
ntf-05131,real,733,162,230
ntf-05132,real,429,96,126
ntf-05133,real,582,121,181
ntf-05134,real,945,199,280
ntf-05135,real,1054,219,299
ntf-05136,real,582,124,175
ntf-05137,real,734,152,213
ntf-05138,real,1009,208,293
ntf-05139,real,633,135,183
ntf-05140,real,404,84,119
ntf-05141,real,969,191,269
ntf-05142,real,534,114,160
ntf-05143,real,771,157,194
ntf-05144,real,1641,351,421
ntf-05145,real,742,151,235
ntf-05146,real,567,113,171
ntf-05147,real,502,106,147
ntf-05148,real,644,124,199
ntf-05149,real,386,78,104
ntf-05150,real,559,115,177
ntf-05151,real,512,115,151
ntf-05152,real,1285,272,331
ntf-05153,real,483,101,157
ntf-05154,real,712,156,200
ntf-05155,real,426,83,129
ntf-05156,real,732,155,240
ntf-05157,real,604,122,194
ntf-05158,real,553,113,173
ntf-05159,real,540,108,174
ntf-05160,real,968,198,249
ntf-05161,real,615,125,193
ntf-05162,real,538,115,149
ntf-05163,real,376,75,90
ntf-05164,real,795,158,240
ntf-05165,real,614,139,194
ntf-05166,real,603,121,203
ntf-05167,real,330,74,96
ntf-05168,real,522,111,140
ntf-05169,real,803,177,227
ntf-05170,real,464,100,156
ntf-05171,real,500,96,157
ntf-05172,real,500,108,156
ntf-05173,real,406,89,134
ntf-05174,real,366,79,99
ntf-05175,real,1521,320,408
ntf-05176,real,1158,245,329
ntf-05177,real,591,119,198
ntf-05178,real,802,179,251
ntf-05179,real,800,165,240
ntf-05180,real,1182,241,339
ntf-05181,real,813,176,225
ntf-05182,real,1043,203,322
ntf-05183,real,483,102,143
ntf-05184,real,340,69,99
ntf-05185,real,735,159,227
ntf-05186,real,562,118,153
ntf-05187,real,552,109,155
ntf-05188,real,271,53,74
ntf-05189,real,984,213,279
ntf-05190,real,452,97,137
ntf-05191,real,642,126,205
ntf-05192,real,729,159,203
ntf-05193,real,533,109,159
ntf-05194,real,683,155,215
ntf-05195,real,350,72,102
ntf-05196,real,472,98,137
ntf-05197,real,469,84,131
ntf-05198,real,696,143,182
ntf-05199,real,621,121,204
ntf-05200,real,914,185,257
ntf-05201,real,469,92,150
ntf-05202,real,841,178,269
ntf-05203,real,658,141,196
ntf-05204,real,492,106,150
ntf-05205,real,886,191,281
ntf-05206,real,509,96,155
ntf-05207,real,615,127,192
ntf-05208,real,672,126,194
ntf-05209,real,891,179,289
ntf-05210,real,521,112,146
ntf-05211,real,918,202,270
ntf-05212,real,1008,212,277
ntf-05213,real,511,105,144
ntf-05214,real,689,142,207
ntf-05215,real,462,94,148
ntf-05216,real,543,114,149
ntf-05217,real,620,134,187
ntf-05218,real,424,90,127
ntf-05219,real,605,133,170
ntf-05220,real,573,116,165
ntf-05221,real,525,119,146
ntf-05222,real,536,106,172
ntf-05223,real,856,187,243
ntf-05224,real,644,131,221
ntf-05225,real,535,111,158
ntf-05226,real,638,137,183
ntf-05227,real,801,162,224
ntf-05228,real,748,164,214
ntf-05229,real,611,132,184
ntf-05230,real,490,103,151
ntf-05231,real,638,130,159
ntf-05232,real,541,109,178
ntf-05233,real,667,129,199
ntf-05234,real,883,188,272
ntf-05235,real,802,169,236
ntf-05236,real,429,92,137
ntf-05237,real,726,156,214
ntf-05238,real,512,108,146
ntf-05239,real,746,154,228
ntf-05240,real,755,152,218
ntf-05241,real,662,136,195
ntf-05242,real,803,169,217
ntf-05243,real,656,133,168
ntf-05244,real,460,103,122
ntf-05245,real,308,70,84
ntf-05246,real,646,133,187
ntf-05247,real,708,144,223
ntf-05248,real,575,117,165
ntf-05249,real,494,98,135
ntf-05250,real,925,191,265
ntf-05251,real,652,133,191
ntf-05252,real,970,193,295
ntf-05253,real,490,104,128
ntf-05254,real,509,103,147
ntf-05255,real,695,141,204
ntf-05256,real,626,139,189
ntf-05257,real,740,163,235
ntf-05258,real,412,90,134
ntf-05259,real,979,208,303
ntf-05260,real,691,147,210
ntf-05261,real,547,116,170
ntf-05262,real,1031,216,326
ntf-05263,real,409,84,125
ntf-05264,real,435,87,130
ntf-05265,real,434,93,122
ntf-05266,real,855,179,265
ntf-05267,real,502,108,179
ntf-05268,real,482,101,137
ntf-05269,real,558,122,168
ntf-05270,real,557,113,156
ntf-05271,real,823,168,243
ntf-05272,real,605,138,182
ntf-05273,real,697,151,207
ntf-05274,real,422,87,125
ntf-05275,real,1262,269,380
ntf-05276,real,451,95,128
ntf-05277,real,280,62,75
ntf-05278,real,479,98,138
ntf-05279,real,719,159,220
ntf-05280,real,403,86,113
ntf-05281,real,700,138,191
ntf-05282,real,473,99,140
ntf-05283,real,648,139,192
ntf-05284,real,625,129,181
ntf-05285,real,527,109,172
ntf-05286,real,321,72,96
ntf-05287,real,482,100,145
ntf-05288,real,805,170,242
ntf-05289,real,418,86,112
ntf-05290,real,555,121,159
ntf-05291,real,344,77,105
ntf-05292,real,497,107,151
ntf-05293,real,609,125,180
ntf-05294,real,623,133,178
ntf-05295,real,394,88,105
ntf-05296,real,748,154,201
ntf-05297,real,545,116,156
ntf-05298,real,642,137,192
ntf-05299,real,439,88,122
ntf-05300,real,491,108,142
ntf-05301,real,489,102,147
ntf-05302,real,448,100,137
ntf-05303,real,626,133,190
ntf-05304,real,744,164,214
ntf-05305,real,669,131,191
ntf-05306,real,400,88,127
ntf-05307,real,279,58,83
ntf-05308,real,866,191,256
ntf-05309,real,1084,228,294
ntf-05310,real,590,132,174
ntf-05311,real,825,182,280
ntf-05312,real,800,169,222
ntf-05313,real,964,204,265
ntf-05314,real,579,125,156
ntf-05315,real,636,134,194
ntf-05316,real,609,124,189
ntf-05317,real,523,113,148
ntf-05318,real,925,200,283
ntf-05319,real,649,133,182
ntf-05320,real,459,102,136
ntf-05321,real,942,195,263
ntf-05322,real,714,154,218
ntf-05323,real,639,140,188
ntf-05324,real,296,62,97
ntf-05325,real,684,140,209
ntf-05326,real,1137,231,293
ntf-05327,real,515,114,153
ntf-05328,real,452,101,124
ntf-05329,real,623,138,183
ntf-05330,real,509,107,149
ntf-05331,real,463,97,143
ntf-05332,real,700,146,206
ntf-05333,real,630,137,182
ntf-05334,real,584,118,172
ntf-05335,real,1009,221,304
ntf-05336,real,261,55,100
ntf-05337,real,326,73,95
ntf-05338,real,424,89,132
ntf-05339,real,484,94,143
ntf-05340,real,385,86,114
ntf-05341,real,544,123,165
ntf-05342,real,561,120,168
ntf-05343,real,449,95,111
ntf-05344,real,511,103,138
ntf-05345,real,678,131,206
ntf-05346,real,305,69,87
ntf-05347,real,794,176,231
ntf-05348,real,574,121,175
ntf-05349,real,2208,490,667
ntf-05350,real,668,146,189
ntf-05351,real,398,82,115
ntf-05352,real,424,91,124
ntf-05353,real,517,106,146
ntf-05354,real,571,117,177
ntf-05355,real,554,120,169
ntf-05356,real,670,140,192
ntf-05357,real,561,123,168
ntf-05358,real,712,146,209
ntf-05359,real,814,177,244
ntf-05360,real,783,169,206
ntf-05361,real,495,107,150
ntf-05362,real,716,152,240
ntf-05363,real,960,184,279
ntf-05364,real,538,121,171
ntf-05365,real,655,144,193
ntf-05366,real,778,172,230
ntf-05367,real,432,89,127
ntf-05368,real,472,102,123
ntf-05369,real,528,112,163
ntf-05370,real,763,157,237
ntf-05371,real,966,207,261
ntf-05372,real,640,141,196
ntf-05373,real,719,157,188
ntf-05374,real,765,160,221
ntf-05375,real,712,161,210
ntf-05376,real,1124,239,328
ntf-05377,real,1324,271,390
ntf-05378,real,411,80,122
ntf-05379,real,698,151,200
ntf-05380,real,649,138,199
ntf-05381,real,711,159,205
ntf-05382,real,1084,228,318
ntf-05383,real,838,178,244
ntf-05384,real,513,105,157
ntf-05385,real,385,86,104
ntf-05386,real,874,189,246
ntf-05387,real,511,112,155
ntf-05388,real,701,153,199
ntf-05389,real,581,121,163
ntf-05390,real,574,121,156
ntf-05391,real,600,124,156
ntf-05392,real,510,112,144
ntf-05393,real,218,46,60
ntf-05394,real,871,189,268
ntf-05395,real,805,170,229
ntf-05396,real,824,177,219
ntf-05397,real,776,167,230
ntf-05398,real,692,141,180
ntf-05399,real,607,126,175
ntf-05400,real,474,99,141
ntf-05401,real,219,49,60
ntf-05402,real,826,178,252
ntf-05403,real,407,75,110
ntf-05404,real,947,201,278
ntf-05405,real,994,216,279
ntf-05406,real,374,78,115
ntf-05407,real,397,86,110
ntf-05408,real,981,208,273
ntf-05409,real,880,188,248
ntf-05410,real,601,128,165
ntf-05411,real,374,74,112
ntf-05412,real,421,82,128
ntf-05413,real,806,179,242
ntf-05414,real,378,86,110
ntf-05415,real,324,62,93
ntf-05416,real,496,103,145
ntf-05417,real,533,108,141
ntf-05418,real,243,54,66
ntf-05419,real,417,99,133
ntf-05420,real,244,50,68
ntf-05421,real,640,128,177
ntf-05422,real,741,149,213
ntf-05423,real,625,131,176
ntf-05424,real,423,91,125
ntf-05425,real,486,99,158
ntf-05426,real,719,153,226
ntf-05427,real,787,157,241
ntf-05428,real,217,43,71
ntf-05429,real,240,44,78
ntf-05430,real,607,116,198
ntf-05431,real,198,39,52
ntf-05432,real,301,59,95
ntf-05433,real,598,120,191
ntf-05434,real,249,51,81
ntf-05435,real,711,141,185
ntf-05436,real,637,127,181
ntf-05437,real,731,155,224
ntf-05438,real,837,182,241
ntf-05439,real,496,101,149
ntf-05440,real,575,111,190
ntf-05441,real,908,191,228
ntf-05442,real,863,186,265
ntf-05443,real,249,49,77
ntf-05444,real,241,49,70
ntf-05445,real,304,68,93
ntf-05446,real,266,55,91
ntf-05447,real,1076,217,293
ntf-05448,real,386,86,119
ntf-05449,real,456,101,144
ntf-05450,real,478,98,130
ntf-05451,real,433,92,117
ntf-05452,real,707,151,187
ntf-05453,real,569,124,158
ntf-05454,real,214,45,63
ntf-05455,real,448,97,135
ntf-05456,real,232,51,67
ntf-05457,real,439,96,125
ntf-05458,real,210,43,62
ntf-05459,real,541,111,159
ntf-05460,real,191,37,49
ntf-05461,real,345,65,105
ntf-05462,real,451,92,140
ntf-05463,real,366,66,113
ntf-05464,real,461,93,141
ntf-05465,real,525,109,152
ntf-05466,real,519,114,161
ntf-05467,real,503,96,166
ntf-05468,real,537,108,169
ntf-05469,real,684,147,209
ntf-05470,real,434,90,118
ntf-05471,real,492,103,154
ntf-05472,real,333,69,86
ntf-05473,real,175,38,55
ntf-05474,real,648,145,207
ntf-05475,real,209,41,55
ntf-05476,real,289,61,77
ntf-05477,real,171,39,46
ntf-05478,real,487,109,167
ntf-05479,real,245,54,69
ntf-05480,real,213,42,62
ntf-05481,real,307,63,79
ntf-05482,real,508,104,152
ntf-05483,real,948,203,300
ntf-05484,real,668,139,188
ntf-05485,real,176,38,52
ntf-05486,real,230,48,60
ntf-05487,real,384,82,111
ntf-05488,real,396,80,121
ntf-05489,real,682,151,205
ntf-05490,real,378,75,128
ntf-05491,real,637,138,193
ntf-05492,real,602,125,166
ntf-05493,real,212,44,69
ntf-05494,real,626,144,185
ntf-05495,real,719,147,203
ntf-05496,real,585,122,151
ntf-05497,real,233,48,54
ntf-05498,real,192,39,57
ntf-05499,real,499,102,156
ntf-05500,real,677,145,213
ntf-05501,real,543,109,174
ntf-05502,real,257,53,69
ntf-05503,real,960,200,258
ntf-05504,real,888,187,251
ntf-05505,real,454,102,130
ntf-05506,real,772,169,223
ntf-05507,real,549,112,153
ntf-05508,real,199,39,58
ntf-05509,real,313,60,83
ntf-05510,real,266,54,80
ntf-05511,real,582,123,162
ntf-05512,real,229,45,65
ntf-05513,real,484,103,150
ntf-05514,real,270,59,79
ntf-05515,real,1048,218,289
ntf-05516,real,840,179,225
ntf-05517,real,286,60,82
ntf-05518,real,479,108,132
ntf-05519,real,557,114,172
ntf-05520,real,497,96,136
ntf-05521,real,329,66,93
ntf-05522,real,884,175,282
ntf-05523,real,811,173,211
ntf-05524,real,981,209,296
ntf-05525,real,467,106,145
ntf-05526,real,689,135,182
ntf-05527,real,520,106,154
ntf-05528,real,740,160,218
ntf-05529,real,802,173,232
ntf-05530,real,387,79,112
ntf-05531,real,435,91,127
ntf-05532,real,487,91,144
ntf-05533,real,734,157,230
ntf-05534,real,294,61,91
ntf-05535,real,329,69,89
ntf-05536,real,699,141,193
ntf-05537,real,705,149,194
ntf-05538,real,928,197,253
ntf-05539,real,529,112,146
ntf-05540,real,732,151,203
ntf-05541,real,514,107,149
ntf-05542,real,598,125,193
ntf-05543,real,741,158,200
ntf-05544,real,538,109,174
ntf-05545,real,1033,213,304
ntf-05546,real,616,134,178
ntf-05547,real,510,109,149
ntf-05548,real,720,136,232
ntf-05549,real,697,135,204
ntf-05550,real,899,178,279
ntf-05551,real,262,57,81
ntf-05552,real,254,53,76
ntf-05553,real,660,136,182
ntf-05554,real,506,100,171
ntf-05555,real,738,159,242
ntf-05556,real,617,142,167
ntf-05557,real,1521,330,448
ntf-05558,real,303,61,83
ntf-05559,real,239,45,65
ntf-05560,real,506,95,148
ntf-05561,real,498,104,136
ntf-05562,real,1433,316,431
ntf-05563,real,460,99,138
ntf-05564,real,383,83,101
ntf-05565,real,1615,353,464
ntf-05566,real,192,41,59
ntf-05567,real,310,64,84
ntf-05568,real,713,151,197
ntf-05569,real,735,162,201
ntf-05570,real,474,84,145
ntf-05571,real,364,74,91
ntf-05572,real,240,50,74
ntf-05573,real,513,112,152
ntf-05574,real,589,117,163
ntf-05575,real,855,174,275
ntf-05576,real,551,113,179
ntf-05577,real,535,110,176
ntf-05578,real,759,147,219
ntf-05579,real,280,58,78
ntf-05580,real,658,134,186
ntf-05581,real,273,56,82
ntf-05582,real,244,55,68
ntf-05583,real,958,209,267
ntf-05584,real,700,149,203
ntf-05585,real,225,47,71
ntf-05586,real,783,165,234
ntf-05587,real,495,97,132
ntf-05588,real,500,103,149
ntf-05589,real,472,100,135
ntf-05590,real,569,123,168
ntf-05591,real,617,130,165
ntf-05592,real,691,151,216
ntf-05593,real,918,187,233
ntf-05594,real,243,47,72
ntf-05595,real,1524,312,453
ntf-05596,real,632,138,163
ntf-05597,real,1113,233,363
ntf-05598,real,428,90,129
ntf-05599,real,652,137,184
ntf-05600,real,748,161,204
ntf-05601,real,297,63,82
ntf-05602,real,1129,233,304
ntf-05603,real,508,104,140
ntf-05604,real,692,142,197
ntf-05605,real,469,103,135
ntf-05606,real,643,132,175
ntf-05607,real,664,140,172
ntf-05608,real,653,141,203
ntf-05609,real,807,174,235
ntf-05610,real,605,132,174
ntf-05611,real,316,66,89
ntf-05612,real,322,67,92
ntf-05613,real,972,216,293
ntf-05614,real,270,59,93
ntf-05615,real,490,95,131
ntf-05616,real,1733,380,534
ntf-05617,real,567,108,173
ntf-05618,real,511,99,141
ntf-05619,real,623,126,181
ntf-05620,real,205,43,57
ntf-05621,real,1045,218,283
ntf-05622,real,859,163,229
ntf-05623,real,901,193,229
ntf-05624,real,836,177,250
ntf-05625,real,1298,272,415
ntf-05626,real,822,176,244
ntf-05627,real,1011,207,256
ntf-05628,real,654,131,184
ntf-05629,real,1197,256,335
ntf-05630,real,411,86,117
ntf-05631,real,557,115,192
ntf-05632,real,611,120,150
ntf-05633,real,470,93,145
ntf-05634,real,430,89,140
ntf-05635,real,679,154,205
ntf-05636,real,672,144,198
ntf-05637,real,875,192,261
ntf-05638,real,617,132,191
ntf-05639,real,771,173,202
ntf-05640,real,806,167,225
ntf-05641,real,1209,262,382
ntf-05642,real,1021,218,311
ntf-05643,real,245,51,69
ntf-05644,real,935,188,288
ntf-05645,real,270,51,76
ntf-05646,real,526,103,158
ntf-05647,real,602,128,166
ntf-05648,real,242,48,62
ntf-05649,real,944,193,276
ntf-05650,real,873,193,261
ntf-05651,real,313,58,87
ntf-05652,real,571,109,177
ntf-05653,real,562,114,182
ntf-05654,real,597,121,177
ntf-05655,real,1419,314,456
ntf-05656,real,1680,374,524
ntf-05657,real,731,151,209
ntf-05658,real,696,138,197
ntf-05659,real,629,128,184
ntf-05660,real,893,196,292
ntf-05661,real,480,105,150
ntf-05662,real,326,62,109
ntf-05663,real,388,69,122
ntf-05664,real,709,145,225
ntf-05665,real,788,164,233
ntf-05666,real,1021,222,318
ntf-05667,real,1091,237,333
ntf-05668,real,728,163,199
ntf-05669,real,745,154,216
ntf-05670,real,155,34,49
ntf-05671,real,534,104,147
ntf-05672,real,748,164,212
ntf-05673,real,626,122,209
ntf-05674,real,710,153,216
ntf-05675,real,687,144,217
ntf-05676,real,487,107,129
ntf-05677,real,437,93,142
ntf-05678,real,903,190,253
ntf-05679,real,567,120,151
ntf-05680,real,1586,347,491
ntf-05681,real,448,94,140
ntf-05682,real,621,129,187
ntf-05683,real,435,83,140
ntf-05684,real,547,110,171
ntf-05685,real,501,104,140
ntf-05686,real,1620,361,486
ntf-05687,real,1922,429,573
ntf-05688,real,1024,228,319
ntf-05689,real,573,123,163
ntf-05690,real,900,197,269
ntf-05691,real,1124,252,350
ntf-05692,real,534,108,153
ntf-05693,real,1453,328,464
ntf-05694,real,669,139,204
ntf-05695,real,717,147,195
ntf-05696,real,701,146,196
ntf-05697,real,709,149,209
ntf-05698,real,2469,555,752
ntf-05699,real,632,129,178
ntf-05700,real,607,129,196
ntf-05701,real,1786,391,550
ntf-05702,real,545,110,158
ntf-05703,real,284,58,88
ntf-05704,real,1834,401,569
ntf-05705,real,2007,450,633
ntf-05706,real,1055,228,299
ntf-05707,real,668,136,205
ntf-05708,real,931,194,269
ntf-05709,real,390,86,116
ntf-05710,real,589,122,163
ntf-05711,real,709,143,208
ntf-05712,real,704,137,237
ntf-05713,real,1223,270,374
ntf-05714,real,869,180,254
ntf-05715,real,482,106,138
ntf-05716,real,1340,274,389
ntf-05717,real,420,80,126
ntf-05718,real,843,177,245
ntf-05719,real,483,104,155
ntf-05720,real,572,115,188
ntf-05721,real,545,114,165
ntf-05722,real,577,127,181
ntf-05723,real,631,150,168
ntf-05724,real,697,148,199
ntf-05725,real,1136,230,325
ntf-05726,real,483,103,147
ntf-05727,real,524,111,174
ntf-05728,real,699,154,218
ntf-05729,real,420,85,133
ntf-05730,real,619,133,191
ntf-05731,real,154,28,54
ntf-05732,real,440,90,121
ntf-05733,real,667,147,191
ntf-05734,real,462,95,146
ntf-05735,real,686,150,219
ntf-05736,real,747,162,227
ntf-05737,real,631,127,209
ntf-05738,real,562,118,176
ntf-05739,real,581,130,175
ntf-05740,real,624,126,215
ntf-05741,real,815,174,260
ntf-05742,real,672,152,192
ntf-05743,real,598,125,182
ntf-05744,real,478,94,155
ntf-05745,real,640,129,187
ntf-05746,real,440,90,146
ntf-05747,real,808,172,235
ntf-05748,real,682,151,195
ntf-05749,real,560,107,168
ntf-05750,real,585,118,197
ntf-05751,real,409,81,127
ntf-05752,real,577,124,171
ntf-05753,real,570,123,179
ntf-05754,real,494,98,163
ntf-05755,real,478,103,142
ntf-05756,real,538,111,162
ntf-05757,real,581,126,189
ntf-05758,real,630,131,180
ntf-05759,real,595,116,176
ntf-05760,real,564,110,198
ntf-05761,real,299,53,104
ntf-05762,real,1227,229,359
ntf-05763,real,502,102,161
ntf-05764,real,573,121,178
ntf-05765,real,458,92,152
ntf-05766,real,526,104,177
ntf-05767,real,889,175,233
ntf-05768,real,785,158,246
ntf-05769,real,648,142,194
ntf-05770,real,698,150,211
ntf-05771,real,696,134,195
ntf-05772,real,695,145,220
ntf-05773,real,943,198,266
ntf-05774,real,527,112,164
ntf-05775,real,614,119,184
ntf-05776,real,1013,210,284
ntf-05777,real,433,83,131
ntf-05778,real,1159,227,348
ntf-05779,real,659,148,191
ntf-05780,real,195,41,62
ntf-05781,real,723,153,224
ntf-05782,real,1164,228,356
ntf-05783,real,275,56,90
ntf-05784,real,244,52,61
ntf-05785,real,1104,235,304
ntf-05786,real,693,144,197
ntf-05787,real,840,183,239
ntf-05788,real,508,103,140
ntf-05789,real,730,151,211
ntf-05790,real,682,134,192
ntf-05791,real,949,198,298
ntf-05792,real,821,172,248
ntf-05793,real,890,179,242
ntf-05794,real,405,89,111
ntf-05795,real,447,93,130
ntf-05796,real,401,82,117
ntf-05797,real,573,128,168
ntf-05798,real,679,154,210
ntf-05799,real,522,117,145
ntf-05800,real,894,182,261
ntf-05801,real,525,113,162
ntf-05802,real,561,130,173
ntf-05803,real,863,185,238
ntf-05804,real,747,160,194
ntf-05805,real,371,80,103
ntf-05806,real,625,133,176
ntf-05807,real,686,136,185
ntf-05808,real,863,175,233
ntf-05809,real,896,195,271
ntf-05810,real,585,124,179
ntf-05811,real,445,93,146
ntf-05812,real,712,152,216
ntf-05813,real,393,77,110
ntf-05814,real,780,158,219
ntf-05815,real,626,132,204
ntf-05816,real,526,114,142
ntf-05817,real,529,113,128
ntf-05818,real,578,122,155
ntf-05819,real,855,190,253
ntf-05820,real,529,106,165
ntf-05821,real,631,125,189
ntf-05822,real,784,166,224
ntf-05823,real,887,193,237
ntf-05824,real,713,141,226
ntf-05825,real,658,133,171
ntf-05826,real,688,150,198
ntf-05827,real,736,160,220
ntf-05828,real,656,143,188
ntf-05829,real,700,161,216
ntf-05830,real,402,88,112
ntf-05831,real,770,167,229
ntf-05832,real,759,151,237
ntf-05833,real,582,121,170
ntf-05834,real,247,50,81
ntf-05835,real,622,130,190
ntf-05836,real,636,125,188
ntf-05837,real,990,211,323
ntf-05838,real,725,159,216
ntf-05839,real,888,190,248
ntf-05840,real,968,195,299
ntf-05841,real,445,95,116
ntf-05842,real,491,104,142
ntf-05843,real,522,109,148
ntf-05844,real,838,162,265
ntf-05845,real,843,178,230
ntf-05846,real,1127,247,317
ntf-05847,real,709,151,202
ntf-05848,real,639,127,171
ntf-05849,real,363,75,122
ntf-05850,real,438,84,124
ntf-05851,real,561,118,153
ntf-05852,real,640,126,172
ntf-05853,real,1037,211,303
ntf-05854,real,1255,280,372
ntf-05855,real,577,124,180
ntf-05856,real,617,132,184
ntf-05857,real,568,124,171
ntf-05858,real,620,142,166
ntf-05859,real,225,49,70
ntf-05860,real,853,175,253
ntf-05861,real,332,72,104
ntf-05862,real,504,104,138
ntf-05863,real,232,50,74
ntf-05864,real,1262,279,369
ntf-05865,real,842,178,242
ntf-05866,real,866,192,262
ntf-05867,real,632,146,194
ntf-05868,real,406,85,117
ntf-05869,real,473,97,131
ntf-05870,real,590,125,160
ntf-05871,real,391,83,103
ntf-05872,real,611,126,179
ntf-05873,real,1086,236,330
ntf-05874,real,675,150,202
ntf-05875,real,837,183,240
ntf-05876,real,791,175,208
ntf-05877,real,776,166,233
ntf-05878,real,217,50,67
ntf-05879,real,1128,234,297
ntf-05880,real,1078,225,266
ntf-05881,real,559,113,167
ntf-05882,real,905,184,278
ntf-05883,real,893,192,264
ntf-05884,real,735,152,211
ntf-05885,real,315,61,88
ntf-05886,real,841,173,224
ntf-05887,real,600,125,180
ntf-05888,real,550,131,177
ntf-05889,real,757,162,214
ntf-05890,real,1214,263,379
ntf-05891,real,583,127,170
ntf-05892,real,820,175,237
ntf-05893,real,300,59,88
ntf-05894,real,398,83,138
ntf-05895,real,714,149,205
ntf-05896,real,357,74,97
ntf-05897,real,866,174,235
ntf-05898,real,545,116,167
ntf-05899,real,935,181,271
ntf-05900,real,501,106,135
ntf-05901,real,739,158,211
ntf-05902,real,726,137,230
ntf-05903,real,479,98,155
ntf-05904,real,838,169,233
ntf-05905,real,579,122,193
ntf-05906,real,436,88,111
ntf-05907,real,871,183,224
ntf-05908,real,226,50,69
ntf-05909,real,588,115,178
ntf-05910,real,539,115,147
ntf-05911,real,209,43,53
ntf-05912,real,645,135,183
ntf-05913,real,684,143,223
ntf-05914,real,662,140,191
ntf-05915,real,838,162,259
ntf-05916,real,873,185,245
ntf-05917,real,677,138,201
ntf-05918,real,617,137,206
ntf-05919,real,685,144,177
ntf-05920,real,345,69,101
ntf-05921,real,698,147,186
ntf-05922,real,548,113,169
ntf-05923,real,735,154,231
ntf-05924,real,655,147,207
ntf-05925,real,866,179,236
ntf-05926,real,779,169,211
ntf-05927,real,440,94,149
ntf-05928,real,531,109,149
ntf-05929,real,753,153,215
ntf-05930,real,288,62,78
ntf-05931,real,574,123,154
ntf-05932,real,587,123,196
ntf-05933,real,518,108,134
ntf-05934,real,738,161,220
ntf-05935,real,639,134,191
ntf-05936,real,635,124,195
ntf-05937,real,740,155,202
ntf-05938,real,859,187,232
ntf-05939,real,406,81,108
ntf-05940,real,450,88,126
ntf-05941,real,718,155,223
ntf-05942,real,296,65,74
ntf-05943,real,439,94,118
ntf-05944,real,651,131,177
ntf-05945,real,420,90,101
ntf-05946,real,755,164,208
ntf-05947,real,785,164,244
ntf-05948,real,835,176,256
ntf-05949,real,556,125,157
ntf-05950,real,569,120,162
ntf-05951,real,514,110,155
ntf-05952,real,666,144,204
ntf-05953,real,532,105,150
ntf-05954,real,266,53,93
ntf-05955,real,736,159,226
ntf-05956,real,593,121,169
ntf-05957,real,800,166,238
ntf-05958,real,901,200,293
ntf-05959,real,280,62,76
ntf-05960,real,1031,230,308
ntf-05961,real,1244,272,404
ntf-05962,real,557,117,167
ntf-05963,real,691,143,211
ntf-05964,real,1257,279,388
ntf-05965,real,1240,275,381
ntf-05966,real,512,118,146
ntf-05967,real,829,168,230
ntf-05968,real,410,88,121
ntf-05969,real,457,89,143
ntf-05970,real,437,86,143
ntf-05971,real,670,139,219
ntf-05972,real,426,87,137
ntf-05973,real,1132,260,359
ntf-05974,real,1129,257,364
ntf-05975,real,729,156,223
ntf-05976,real,801,176,241
ntf-05977,real,408,89,117
ntf-05978,real,628,119,165
ntf-05979,real,622,134,206
ntf-05980,real,755,164,213
ntf-05981,real,524,116,173
ntf-05982,real,221,52,75
ntf-05983,real,479,97,132
ntf-05984,real,617,128,186
ntf-05985,real,893,185,274
ntf-05986,real,381,85,107
ntf-05987,real,417,89,115
ntf-05988,real,677,141,204
ntf-05989,real,539,116,154
ntf-05990,real,822,172,229
ntf-05991,real,634,128,185
ntf-05992,real,218,47,77
ntf-05993,real,541,119,160
ntf-05994,real,428,91,137
ntf-05995,real,269,53,86
ntf-05996,real,667,136,203
ntf-05997,real,281,57,94
ntf-05998,real,989,209,267
ntf-05999,real,995,208,282
ntf-06000,real,526,94,165
ntf-06001,real,551,109,159
ntf-06002,real,614,127,194
ntf-06003,real,885,184,275
ntf-06004,real,773,176,223
ntf-06005,real,858,187,266
ntf-06006,real,1252,256,346
ntf-06007,real,840,185,253
ntf-06008,real,730,158,188
ntf-06009,real,659,140,179
ntf-06010,real,825,174,248
ntf-06011,real,518,107,138
ntf-06012,real,336,71,101
ntf-06013,real,601,128,173
ntf-06014,real,517,109,152
ntf-06015,real,734,149,227
ntf-06016,real,879,189,263
ntf-06017,real,841,170,246
ntf-06018,real,511,103,140
ntf-06019,real,965,214,314
ntf-06020,real,370,75,114
ntf-06021,real,426,92,118
ntf-06022,real,746,160,218
ntf-06023,real,884,189,263
ntf-06024,real,493,104,149
ntf-06025,real,779,172,217
ntf-06026,real,536,121,158
ntf-06027,real,600,125,198
ntf-06028,real,696,150,194
ntf-06029,real,1058,217,285
ntf-06030,real,190,41,62
ntf-06031,real,444,97,113
ntf-06032,real,236,49,85
ntf-06033,real,617,130,192
ntf-06034,real,563,113,178
ntf-06035,real,298,68,89
ntf-06036,real,783,155,219
ntf-06037,real,666,141,201
ntf-06038,real,776,164,239
ntf-06039,real,333,65,104
ntf-06040,real,709,137,225
ntf-06041,real,437,95,144
ntf-06042,real,512,109,149
ntf-06043,real,761,164,232
ntf-06044,real,578,122,183
ntf-06045,real,438,90,131
ntf-06046,real,432,84,127
ntf-06047,real,658,140,211
ntf-06048,real,835,176,253
ntf-06049,real,665,149,187
ntf-06050,real,578,124,180
ntf-06051,real,445,95,130
ntf-06052,real,524,111,165
ntf-06053,real,565,125,179
ntf-06054,real,498,112,139
ntf-06055,real,440,92,128
ntf-06056,real,529,117,172
ntf-06057,real,540,114,166
ntf-06058,real,610,126,174
ntf-06059,real,227,47,62
ntf-06060,real,340,81,104
ntf-06061,real,1254,263,358
ntf-06062,real,269,57,70
ntf-06063,real,258,53,72
ntf-06064,real,462,95,138
ntf-06065,real,548,112,167
ntf-06066,real,489,96,132
ntf-06067,real,625,130,190
ntf-06068,real,521,123,147
ntf-06069,real,506,105,135
ntf-06070,real,479,102,162
ntf-06071,real,443,88,134
ntf-06072,real,430,93,126
ntf-06073,real,766,162,229
ntf-06074,real,467,96,128
ntf-06075,real,523,109,153
ntf-06076,real,439,89,127
ntf-06077,real,692,144,186
ntf-06078,real,802,173,219
ntf-06079,real,640,133,175
ntf-06080,real,851,185,260
ntf-06081,real,537,109,143
ntf-06082,real,577,117,167
ntf-06083,real,772,166,222
ntf-06084,real,285,63,91
ntf-06085,real,293,57,95
ntf-06086,real,975,212,264
ntf-06087,real,1179,256,311
ntf-06088,real,690,147,212
ntf-06089,real,776,155,246
ntf-06090,real,743,161,234
ntf-06091,real,839,177,269
ntf-06092,real,288,63,82
ntf-06093,real,679,140,184
ntf-06094,real,354,75,101
ntf-06095,real,287,67,97
ntf-06096,real,806,173,236
ntf-06097,real,497,106,131
ntf-06098,real,1049,228,294
ntf-06099,real,878,182,262
ntf-06100,real,925,203,281
ntf-06101,real,480,97,147
ntf-06102,real,593,115,171
ntf-06103,real,1456,269,464
ntf-06104,real,454,97,130
ntf-06105,real,894,189,276
ntf-06106,real,689,149,182
ntf-06107,real,566,116,136
ntf-06108,real,774,155,204
ntf-06109,real,394,83,115
ntf-06110,real,699,139,222
ntf-06111,real,781,164,210
ntf-06112,real,862,178,257
ntf-06113,real,702,155,197
ntf-06114,real,676,129,195
ntf-06115,real,509,109,149
ntf-06116,real,705,142,217
ntf-06117,real,535,117,154
ntf-06118,real,454,100,130
ntf-06119,real,719,152,198
ntf-06120,real,473,101,148
ntf-06121,real,684,136,205
ntf-06122,real,326,70,94
ntf-06123,real,463,101,141
ntf-06124,real,788,157,229
ntf-06125,real,355,72,102
ntf-06126,real,488,104,132
ntf-06127,real,624,130,178
ntf-06128,real,676,139,197
ntf-06129,real,370,74,110
ntf-06130,real,516,104,143
ntf-06131,real,494,106,133
ntf-06132,real,566,116,161
ntf-06133,real,701,140,180
ntf-06134,real,723,140,210
ntf-06135,real,568,122,179
ntf-06136,real,448,96,130
ntf-06137,real,487,106,151
ntf-06138,real,545,115,154
ntf-06139,real,569,123,190
ntf-06140,real,719,160,210
ntf-06141,real,596,125,176
ntf-06142,real,1037,224,293
ntf-06143,real,772,162,214
ntf-06144,real,612,126,172
ntf-06145,real,787,147,238
ntf-06146,real,644,126,198
ntf-06147,real,505,103,155
ntf-06148,real,640,135,177
ntf-06149,real,497,90,155
ntf-06150,real,437,95,112
ntf-06151,real,671,142,189
ntf-06152,real,580,126,154
ntf-06153,real,561,112,178
ntf-06154,real,507,101,155
ntf-06155,real,821,175,218
ntf-06156,real,675,146,189
ntf-06157,real,725,156,190
ntf-06158,real,438,94,118
ntf-06159,real,877,188,232
ntf-06160,real,956,204,251
ntf-06161,real,945,207,250
ntf-06162,real,635,129,196
ntf-06163,real,595,129,181
ntf-06164,real,372,74,97
ntf-06165,real,466,102,134
ntf-06166,real,387,85,107
ntf-06167,real,697,146,187
ntf-06168,real,2629,503,776
ntf-06169,real,537,105,154
ntf-06170,real,642,134,188
ntf-06171,real,727,152,192
ntf-06172,real,1164,260,336
ntf-06173,real,588,131,170
ntf-06174,real,646,135,194
ntf-06175,real,927,187,271
ntf-06176,real,685,143,200
ntf-06177,real,1617,326,438
ntf-06178,real,670,133,177
ntf-06179,real,546,113,157
ntf-06180,real,788,166,205
ntf-06181,real,1042,225,323
ntf-06182,real,267,56,78
ntf-06183,real,870,168,277
ntf-06184,real,576,122,170
ntf-06185,real,566,116,169
ntf-06186,real,777,156,213
ntf-06187,real,545,113,160
ntf-06188,real,532,102,150
ntf-06189,real,260,55,72
ntf-06190,real,1064,215,324
ntf-06191,real,547,117,178
ntf-06192,real,945,200,299
ntf-06193,real,431,84,122
ntf-06194,real,783,160,226
ntf-06195,real,854,188,241
ntf-06196,real,169,33,54
ntf-06197,real,582,116,177
ntf-06198,real,480,102,147
ntf-06199,real,307,62,85
ntf-06200,real,755,169,209
ntf-06201,real,521,108,149
ntf-06202,real,515,108,137
ntf-06203,real,457,96,125
ntf-06204,real,835,181,236
ntf-06205,real,432,92,105
ntf-06206,real,430,97,124
ntf-06207,real,638,136,166
ntf-06208,real,723,150,209
ntf-06209,real,412,77,142
ntf-06210,real,1082,236,312
ntf-06211,real,954,196,264
ntf-06212,real,635,133,173
ntf-06213,real,570,119,158
ntf-06214,real,700,140,192
ntf-06215,real,914,191,238
ntf-06216,real,571,124,158
ntf-06217,real,508,115,160
ntf-06218,real,1194,266,342
ntf-06219,real,260,58,77
ntf-06220,real,683,146,197
ntf-06221,real,702,150,196
ntf-06222,real,175,39,54
ntf-06223,fake,1151,251,297
ntf-06224,fake,541,117,144
ntf-06225,fake,625,133,168
ntf-06226,fake,753,166,200
ntf-06227,fake,666,137,181
ntf-06228,fake,732,152,200
ntf-06229,fake,400,84,108
ntf-06230,fake,1370,315,413
ntf-06231,fake,474,93,144
ntf-06232,fake,567,123,164
ntf-06233,fake,635,132,176
ntf-06234,fake,411,83,107
ntf-06235,fake,649,133,167
ntf-06236,fake,402,81,112
ntf-06237,fake,1121,246,333
ntf-06238,fake,555,117,161
ntf-06239,fake,642,127,177
ntf-06240,fake,580,124,161
ntf-06241,fake,319,70,81
ntf-06242,fake,701,148,223
ntf-06243,fake,678,140,186
ntf-06244,fake,663,144,183
ntf-06245,fake,697,126,203
ntf-06246,fake,1209,264,347
ntf-06247,fake,964,215,268
ntf-06248,fake,462,103,130
ntf-06249,fake,691,155,210
ntf-06250,fake,737,155,229
ntf-06251,fake,204,39,57
ntf-06252,fake,547,121,147
ntf-06253,fake,645,138,189
ntf-06254,fake,195,39,75
ntf-06255,fake,570,127,154
ntf-06256,fake,455,97,127
ntf-06257,fake,380,85,102
ntf-06258,fake,1021,216,286
ntf-06259,fake,1005,214,293
ntf-06260,fake,743,153,215
ntf-06261,fake,887,199,251
ntf-06262,fake,914,192,251
ntf-06263,fake,517,112,142
ntf-06264,fake,467,101,133
ntf-06265,fake,250,55,77
ntf-06266,fake,461,101,122
ntf-06267,fake,779,170,203
ntf-06268,fake,263,54,89
ntf-06269,fake,255,48,73
ntf-06270,fake,353,78,106
ntf-06271,fake,563,117,165
ntf-06272,fake,446,94,123
ntf-06273,fake,804,184,233
ntf-06274,fake,636,123,189
ntf-06275,fake,771,175,221
ntf-06276,fake,563,118,157
ntf-06277,fake,241,48,82
ntf-06278,fake,316,67,104
ntf-06279,fake,270,57,90
ntf-06280,fake,586,131,173
ntf-06281,fake,588,119,186
ntf-06282,fake,430,85,122
ntf-06283,fake,784,157,226
ntf-06284,fake,394,89,111
ntf-06285,fake,446,96,133
ntf-06286,fake,672,124,208
ntf-06287,fake,667,131,177
ntf-06288,fake,595,130,168
ntf-06289,fake,468,98,132
ntf-06290,fake,301,63,75
ntf-06291,fake,403,88,122
ntf-06292,fake,475,103,133
ntf-06293,fake,640,143,207
ntf-06294,fake,328,77,92
ntf-06295,fake,383,88,115
ntf-06296,fake,481,101,137
ntf-06297,fake,576,127,151
ntf-06298,fake,472,107,124
ntf-06299,fake,565,124,142
ntf-06300,fake,675,138,181
ntf-06301,fake,291,58,86
ntf-06302,fake,1059,229,298
ntf-06303,fake,351,74,99
ntf-06304,fake,367,84,104
ntf-06305,fake,459,102,120
ntf-06306,fake,641,128,180
ntf-06307,fake,439,94,152
ntf-06308,fake,473,102,125
ntf-06309,fake,1262,238,314
ntf-06310,fake,615,118,173
ntf-06311,fake,417,94,130
ntf-06312,fake,697,151,196
ntf-06313,fake,579,120,161
ntf-06314,fake,572,126,149
ntf-06315,fake,532,111,157
ntf-06316,fake,695,134,187
ntf-06317,fake,580,131,159
ntf-06318,fake,642,129,189
ntf-06319,fake,1083,220,303
ntf-06320,fake,1045,209,309
ntf-06321,fake,562,122,148
ntf-06322,fake,669,136,205
ntf-06323,fake,1284,273,343
ntf-06324,fake,772,154,193
ntf-06325,fake,743,149,208
ntf-06326,fake,450,97,130
ntf-06327,fake,552,110,178
ntf-06328,fake,654,139,186
ntf-06329,fake,719,143,201
ntf-06330,fake,424,76,127
ntf-06331,fake,724,161,216
ntf-06332,fake,382,83,103
ntf-06333,fake,611,106,200
ntf-06334,fake,878,177,244
ntf-06335,fake,531,107,172
ntf-06336,fake,496,98,148
ntf-06337,fake,987,214,262
ntf-06338,fake,1197,231,330
ntf-06339,fake,1237,256,335
ntf-06340,fake,604,134,185
ntf-06341,fake,553,114,168
ntf-06342,fake,884,186,231
ntf-06343,fake,464,98,143
ntf-06344,fake,757,155,219
ntf-06345,fake,868,182,246
ntf-06346,fake,1138,240,314
ntf-06347,fake,967,208,278
ntf-06348,fake,567,118,165
ntf-06349,fake,718,137,192
ntf-06350,fake,693,115,208
ntf-06351,fake,756,159,217
ntf-06352,fake,754,148,218
ntf-06353,fake,734,149,191
ntf-06354,fake,671,126,182
ntf-06355,fake,730,165,212
ntf-06356,fake,865,167,254
ntf-06357,fake,677,134,217
ntf-06358,fake,969,214,273
ntf-06359,fake,779,165,261
ntf-06360,fake,228,45,81
ntf-06361,fake,739,151,227
ntf-06362,fake,737,148,203
ntf-06363,fake,679,144,195
ntf-06364,fake,404,78,113
ntf-06365,fake,938,180,274
ntf-06366,fake,805,153,229
ntf-06367,fake,846,179,233
ntf-06368,fake,660,122,212
ntf-06369,fake,925,182,279
ntf-06370,fake,1124,247,305
ntf-06371,fake,180,33,51
ntf-06372,fake,790,155,251
ntf-06373,fake,821,163,233
ntf-06374,fake,878,179,252
ntf-06375,fake,1289,275,368
ntf-06376,fake,732,143,217
ntf-06377,fake,537,104,151
ntf-06378,fake,617,115,177
ntf-06379,fake,673,130,208
ntf-06380,fake,556,108,191
ntf-06381,fake,648,130,201
ntf-06382,fake,840,126,272
ntf-06383,fake,588,120,201
ntf-06384,fake,575,122,186
ntf-06385,fake,763,158,237
ntf-06386,fake,685,129,221
ntf-06387,fake,823,165,247
ntf-06388,fake,262,50,75
ntf-06389,fake,659,142,198
ntf-06390,fake,540,97,159
ntf-06391,fake,766,163,229
ntf-06392,fake,912,175,269
ntf-06393,fake,797,152,253
ntf-06394,fake,1142,230,348
ntf-06395,fake,521,103,176
ntf-06396,fake,429,84,124
ntf-06397,fake,994,202,289
ntf-06398,fake,311,64,97
ntf-06399,fake,607,116,200
ntf-06400,fake,444,88,144
ntf-06401,fake,665,127,215
ntf-06402,fake,581,115,185
ntf-06403,fake,861,170,226
ntf-06404,fake,822,165,220
ntf-06405,fake,631,126,189
ntf-06406,fake,922,189,266
ntf-06407,fake,767,150,240
ntf-06408,fake,437,82,116
ntf-06409,fake,1080,222,328
ntf-06410,fake,667,133,219
ntf-06411,fake,506,108,163
ntf-06412,fake,848,165,264
ntf-06413,fake,673,144,187
ntf-06414,fake,306,57,86
ntf-06415,fake,904,189,299
ntf-06416,fake,522,101,169
ntf-06417,fake,589,122,188
ntf-06418,fake,652,127,211
ntf-06419,fake,838,182,231
ntf-06420,fake,848,168,278
ntf-06421,fake,804,162,238
ntf-06422,fake,445,89,144
ntf-06423,fake,672,136,174
ntf-06424,fake,936,205,271
ntf-06425,fake,1013,193,298
ntf-06426,fake,255,54,78
ntf-06427,fake,937,198,260
ntf-06428,fake,805,165,241
ntf-06429,fake,785,149,244
ntf-06430,fake,653,140,223
ntf-06431,fake,756,158,232
ntf-06432,fake,649,116,192
ntf-06433,fake,909,175,260
ntf-06434,fake,832,164,231
ntf-06435,fake,584,111,166
ntf-06436,fake,991,196,292
ntf-06437,fake,789,154,221
ntf-06438,fake,339,71,106
ntf-06439,fake,473,99,150
ntf-06440,fake,298,59,80
ntf-06441,fake,779,155,214
ntf-06442,fake,718,142,227
ntf-06443,fake,934,185,248
ntf-06444,fake,895,185,268
ntf-06445,fake,796,158,266
ntf-06446,fake,1068,225,325
ntf-06447,fake,970,199,285
ntf-06448,fake,655,138,203
ntf-06449,fake,861,180,268
ntf-06450,fake,748,139,224
ntf-06451,fake,1115,232,355
ntf-06452,fake,922,193,270
ntf-06453,fake,311,67,113
ntf-06454,fake,505,101,138
ntf-06455,fake,877,177,281
ntf-06456,fake,888,194,252
ntf-06457,fake,804,159,225
ntf-06458,fake,769,162,229
ntf-06459,fake,741,155,224
ntf-06460,fake,205,44,62
ntf-06461,fake,741,138,200
ntf-06462,fake,405,83,125
ntf-06463,fake,334,71,116
ntf-06464,fake,291,59,87
ntf-06465,fake,340,66,100
ntf-06466,fake,954,186,285
ntf-06467,fake,934,189,275
ntf-06468,fake,1267,237,361
ntf-06469,fake,993,204,257
ntf-06470,fake,962,189,288
ntf-06471,fake,229,47,65
ntf-06472,fake,1343,294,379
ntf-06473,fake,914,181,276
ntf-06474,fake,979,220,269
ntf-06475,fake,892,184,280
ntf-06476,fake,1041,210,328
ntf-06477,fake,749,150,229
ntf-06478,fake,902,184,248
ntf-06479,fake,1036,209,294
ntf-06480,fake,970,201,297
ntf-06481,fake,697,147,194
ntf-06482,fake,814,162,258
ntf-06483,fake,493,98,137
ntf-06484,fake,908,185,252
ntf-06485,fake,936,177,283
ntf-06486,fake,974,191,291
ntf-06487,fake,950,193,282
ntf-06488,fake,764,166,234
ntf-06489,fake,805,157,226
ntf-06490,fake,706,153,197
ntf-06491,fake,909,189,266
ntf-06492,fake,436,88,136
ntf-06493,fake,971,207,293
ntf-06494,fake,1016,215,313
ntf-06495,fake,966,211,290
ntf-06496,fake,977,199,276
ntf-06497,fake,878,178,254
ntf-06498,fake,205,43,63
ntf-06499,fake,747,148,218
ntf-06500,fake,959,196,297
ntf-06501,fake,583,121,178
ntf-06502,fake,931,189,271
ntf-06503,fake,1231,267,392
ntf-06504,fake,1134,241,323
ntf-06505,fake,924,185,268
ntf-06506,fake,884,179,243
ntf-06507,fake,674,138,180
ntf-06508,fake,840,178,238
ntf-06509,fake,1339,283,417
ntf-06510,fake,1035,208,332
ntf-06511,fake,607,128,185
ntf-06512,fake,1305,264,379
ntf-06513,fake,821,169,220
ntf-06514,fake,197,36,66
ntf-06515,fake,271,54,92
ntf-06516,fake,886,189,277
ntf-06517,fake,943,183,281
ntf-06518,fake,331,63,89
ntf-06519,fake,793,167,223
ntf-06520,fake,719,141,205
ntf-06521,fake,772,166,240
ntf-06522,fake,916,192,242
ntf-06523,fake,1037,222,339
ntf-06524,fake,898,187,255
ntf-06525,fake,529,97,158
ntf-06526,fake,935,193,267
ntf-06527,fake,515,106,171
ntf-06528,fake,1054,234,316
ntf-06529,fake,733,141,199
ntf-06530,fake,1125,231,320
ntf-06531,fake,601,118,169
ntf-06532,fake,1040,225,322
ntf-06533,fake,1232,264,389
ntf-06534,fake,988,211,313
ntf-06535,fake,737,137,229
ntf-06536,fake,878,184,256
ntf-06537,fake,780,155,229
ntf-06538,fake,960,192,305
ntf-06539,fake,740,148,211
ntf-06540,fake,731,144,206
ntf-06541,fake,993,210,293
ntf-06542,fake,593,116,167
ntf-06543,fake,974,206,289
ntf-06544,fake,921,161,275
ntf-06545,fake,712,134,199
ntf-06546,fake,1099,207,321
ntf-06547,fake,316,62,97
ntf-06548,fake,758,144,216
ntf-06549,fake,861,156,282
ntf-06550,fake,946,197,269
ntf-06551,fake,560,109,172
ntf-06552,fake,934,206,258
ntf-06553,fake,699,135,201
ntf-06554,fake,751,150,211
ntf-06555,fake,744,149,235
ntf-06556,fake,416,84,110
ntf-06557,fake,685,133,187
ntf-06558,fake,1140,245,313
ntf-06559,fake,786,157,221
ntf-06560,fake,1206,251,324
ntf-06561,fake,860,181,298
ntf-06562,fake,1033,226,318
ntf-06563,fake,1076,218,335
ntf-06564,fake,546,112,158
ntf-06565,fake,611,131,183
ntf-06566,fake,1150,236,283
ntf-06567,fake,1144,245,317
ntf-06568,fake,1043,217,321
ntf-06569,fake,464,99,144
ntf-06570,fake,1098,222,305
ntf-06571,fake,941,204,306
ntf-06572,fake,1110,227,323
ntf-06573,fake,1015,216,293
ntf-06574,fake,821,169,209
ntf-06575,fake,946,193,252
ntf-06576,fake,868,174,279
ntf-06577,fake,895,179,229
ntf-06578,fake,862,164,234
ntf-06579,fake,741,125,229
ntf-06580,fake,875,188,256
ntf-06581,fake,413,82,103
ntf-06582,fake,702,141,180
ntf-06583,fake,949,196,275
ntf-06584,fake,1076,237,328
ntf-06585,fake,1308,277,349
ntf-06586,fake,995,213,311
ntf-06587,fake,928,200,255
ntf-06588,fake,1163,234,345
ntf-06589,fake,1119,247,300
ntf-06590,fake,961,201,275
ntf-06591,fake,411,82,124
ntf-06592,fake,730,150,208
ntf-06593,fake,943,212,275
ntf-06594,fake,877,194,231
ntf-06595,fake,736,145,211
ntf-06596,fake,754,154,204
ntf-06597,fake,963,210,277
ntf-06598,fake,305,69,88
ntf-06599,fake,668,141,210
ntf-06600,fake,653,148,196
ntf-06601,fake,936,198,281
ntf-06602,fake,1091,212,321
ntf-06603,fake,1083,226,332
ntf-06604,fake,616,127,166
ntf-06605,fake,1023,205,283
ntf-06606,fake,1068,236,288
ntf-06607,fake,495,102,141
ntf-06608,fake,971,206,283
ntf-06609,fake,678,146,196
ntf-06610,fake,321,69,95
ntf-06611,fake,814,173,209
ntf-06612,fake,819,175,256
ntf-06613,fake,1079,237,307
ntf-06614,fake,891,183,239
ntf-06615,fake,965,191,299
ntf-06616,fake,689,134,206
ntf-06617,fake,752,149,202
ntf-06618,fake,763,159,238
ntf-06619,fake,890,200,262
ntf-06620,fake,667,133,181
ntf-06621,fake,722,159,201
ntf-06622,fake,572,109,182
ntf-06623,fake,1003,191,245
ntf-06624,fake,796,175,213
ntf-06625,fake,765,162,240
ntf-06626,fake,397,84,123
ntf-06627,fake,903,195,262
ntf-06628,fake,728,159,200
ntf-06629,fake,738,148,212
ntf-06630,fake,847,163,240
ntf-06631,fake,1131,248,316
ntf-06632,fake,810,169,242
ntf-06633,fake,886,186,241
ntf-06634,fake,336,70,92
ntf-06635,fake,948,192,279
ntf-06636,fake,1033,216,308
ntf-06637,fake,597,123,178
ntf-06638,fake,597,116,180
ntf-06639,fake,526,112,139
ntf-06640,fake,997,207,256
ntf-06641,fake,523,115,150
ntf-06642,fake,1219,254,315
ntf-06643,fake,281,55,76
ntf-06644,fake,569,117,159
ntf-06645,fake,735,153,195
ntf-06646,fake,751,163,218
ntf-06647,fake,489,100,132
ntf-06648,fake,656,139,169
ntf-06649,fake,1296,267,322
ntf-06650,fake,532,110,139
ntf-06651,fake,982,201,258
ntf-06652,fake,935,186,230
ntf-06653,fake,657,135,186
ntf-06654,fake,811,168,239
ntf-06655,fake,587,128,154
ntf-06656,fake,844,183,234
ntf-06657,fake,1022,228,295
ntf-06658,fake,944,198,281
ntf-06659,fake,461,93,120
ntf-06660,fake,705,151,208
ntf-06661,fake,1170,256,341
ntf-06662,fake,246,50,70
ntf-06663,fake,508,98,132
ntf-06664,fake,294,62,79
ntf-06665,fake,983,210,260
ntf-06666,fake,1021,203,285
ntf-06667,fake,1030,215,272
ntf-06668,fake,754,158,196
ntf-06669,fake,909,206,257
ntf-06670,fake,774,173,205
ntf-06671,fake,678,135,198
ntf-06672,fake,1131,252,319
ntf-06673,fake,748,140,212
ntf-06674,fake,1094,239,295
ntf-06675,fake,720,152,198
ntf-06676,fake,615,124,178
ntf-06677,fake,542,103,160
ntf-06678,fake,306,65,89
ntf-06679,fake,959,199,262
ntf-06680,fake,840,172,249
ntf-06681,fake,583,115,188
ntf-06682,fake,838,178,231
ntf-06683,fake,1020,209,296
ntf-06684,fake,1452,313,413
ntf-06685,fake,894,190,251
ntf-06686,fake,771,166,195
ntf-06687,fake,813,179,217
ntf-06688,fake,262,56,86
ntf-06689,fake,705,146,212
ntf-06690,fake,691,135,179
ntf-06691,fake,316,63,77
ntf-06692,fake,728,149,209
ntf-06693,fake,764,155,209
ntf-06694,fake,755,158,223
ntf-06695,fake,742,148,188
ntf-06696,fake,688,135,189
ntf-06697,fake,669,134,208
ntf-06698,fake,684,143,175
ntf-06699,fake,467,94,150
ntf-06700,fake,810,168,227
ntf-06701,fake,896,160,270
ntf-06702,fake,967,198,251
ntf-06703,fake,655,143,193
ntf-06704,fake,1167,254,331
ntf-06705,fake,1271,268,328
ntf-06706,fake,975,211,268
ntf-06707,fake,800,163,259
ntf-06708,fake,801,170,235
ntf-06709,fake,820,166,232
ntf-06710,fake,695,146,205
ntf-06711,fake,953,182,286
ntf-06712,fake,1539,329,414
ntf-06713,fake,740,150,205
ntf-06714,fake,751,178,208
ntf-06715,fake,654,127,207
ntf-06716,fake,1219,254,342
ntf-06717,fake,1070,214,279
ntf-06718,fake,706,151,229
ntf-06719,fake,883,193,256
ntf-06720,fake,431,80,119
ntf-06721,fake,1349,278,363
ntf-06722,fake,756,151,227
ntf-06723,fake,986,198,265
ntf-06724,fake,1547,316,449
ntf-06725,fake,420,90,112
ntf-06726,fake,1165,240,299
ntf-06727,fake,922,189,243
ntf-06728,fake,961,201,264
ntf-06729,fake,905,180,227
ntf-06730,fake,762,163,215
ntf-06731,fake,764,157,213
ntf-06732,fake,954,198,255
ntf-06733,fake,514,107,159
ntf-06734,fake,1402,305,431
ntf-06735,fake,1171,224,352
ntf-06736,fake,816,173,215
ntf-06737,fake,527,116,164
ntf-06738,fake,337,73,91
ntf-06739,fake,900,180,247
ntf-06740,fake,920,195,241
ntf-06741,fake,1193,237,327
ntf-06742,fake,934,193,256
ntf-06743,fake,775,153,224
ntf-06744,fake,957,204,271
ntf-06745,fake,999,213,286
ntf-06746,fake,1214,260,361
ntf-06747,fake,776,173,216
ntf-06748,fake,445,93,141
ntf-06749,fake,296,64,90
ntf-06750,fake,628,136,171
ntf-06751,fake,869,183,249
ntf-06752,fake,852,181,219
ntf-06753,fake,1384,310,392
ntf-06754,fake,477,96,133
ntf-06755,fake,638,127,198
ntf-06756,fake,1366,267,357
ntf-06757,fake,1191,250,364
ntf-06758,fake,290,63,97
ntf-06759,fake,887,190,234
ntf-06760,fake,634,138,175
ntf-06761,fake,760,167,218
ntf-06762,fake,362,63,105
ntf-06763,fake,1415,299,394
ntf-06764,fake,559,111,166
ntf-06765,fake,1069,242,282
ntf-06766,fake,1475,315,452
ntf-06767,fake,877,187,274
ntf-06768,fake,590,125,157
ntf-06769,fake,686,150,189
ntf-06770,fake,833,178,222
ntf-06771,fake,704,154,202
ntf-06772,fake,1202,252,340
ntf-06773,fake,987,206,259
ntf-06774,fake,809,168,243
ntf-06775,fake,1225,263,307
ntf-06776,fake,1459,308,396
ntf-06777,fake,1162,242,335
ntf-06778,fake,621,128,178
ntf-06779,fake,907,194,281
ntf-06780,fake,1016,223,279
ntf-06781,fake,792,159,216
ntf-06782,fake,354,76,109
ntf-06783,fake,282,59,82
ntf-06784,fake,1105,242,351
ntf-06785,fake,812,168,206
ntf-06786,fake,1482,310,442
ntf-06787,fake,347,75,106
ntf-06788,fake,1188,253,368
ntf-06789,fake,1142,249,310
ntf-06790,fake,641,140,176
ntf-06791,fake,756,162,202
ntf-06792,fake,887,207,259
ntf-06793,fake,1190,250,332
ntf-06794,fake,918,191,295
ntf-06795,fake,586,120,167
ntf-06796,fake,930,206,249
ntf-06797,fake,1080,242,285
ntf-06798,fake,1188,244,365
ntf-06799,fake,1481,306,400
ntf-06800,fake,921,199,243
ntf-06801,fake,783,170,215
ntf-06802,fake,286,56,77
ntf-06803,fake,515,106,159
ntf-06804,fake,904,199,283
ntf-06805,fake,1018,205,319
ntf-06806,fake,601,118,166
ntf-06807,fake,290,62,85
ntf-06808,fake,306,62,82
ntf-06809,fake,235,50,60
ntf-06810,fake,1109,237,344
ntf-06811,fake,1345,282,377
ntf-06812,fake,749,157,229
ntf-06813,fake,824,175,223
ntf-06814,fake,745,162,212
ntf-06815,fake,728,153,235
ntf-06816,fake,845,181,219
ntf-06817,fake,843,181,221
ntf-06818,fake,740,159,226
ntf-06819,fake,454,94,130
ntf-06820,fake,733,145,201
ntf-06821,fake,398,82,98
ntf-06822,fake,743,167,210
ntf-06823,fake,1192,267,319
ntf-06824,fake,1111,241,303
ntf-06825,fake,650,136,209
ntf-06826,fake,1006,201,310
ntf-06827,fake,967,206,313
ntf-06828,fake,966,199,261
ntf-06829,fake,641,131,181
ntf-06830,fake,892,193,238
ntf-06831,fake,1114,232,311
ntf-06832,fake,877,188,253
ntf-06833,fake,821,170,278
ntf-06834,fake,577,118,170
ntf-06835,fake,995,204,286
ntf-06836,fake,734,146,214
ntf-06837,fake,674,139,210
ntf-06838,fake,880,191,260
ntf-06839,fake,578,122,174
ntf-06840,fake,938,187,273
ntf-06841,fake,469,96,123
ntf-06842,fake,675,144,198
ntf-06843,fake,562,126,171
ntf-06844,fake,952,186,259
ntf-06845,fake,1087,222,280
ntf-06846,fake,930,196,258
ntf-06847,fake,880,189,280
ntf-06848,fake,690,152,211
ntf-06849,fake,443,88,124
ntf-06850,fake,595,117,166
ntf-06851,fake,648,144,191
ntf-06852,fake,648,146,185
ntf-06853,fake,497,106,131
ntf-06854,fake,750,163,222
ntf-06855,fake,557,103,179
ntf-06856,fake,568,118,157
ntf-06857,fake,901,178,251
ntf-06858,fake,858,177,230
ntf-06859,fake,845,181,223
ntf-06860,fake,1288,262,353
ntf-06861,fake,907,198,236
ntf-06862,fake,1228,267,349
ntf-06863,fake,287,57,83
ntf-06864,fake,695,150,200
ntf-06865,fake,1168,252,303
ntf-06866,fake,511,108,144
ntf-06867,fake,724,152,194
ntf-06868,fake,810,159,217
ntf-06869,fake,412,83,123
ntf-06870,fake,828,172,205
ntf-06871,fake,769,167,229
ntf-06872,fake,1032,201,277
ntf-06873,fake,1055,225,315
ntf-06874,fake,397,82,123
ntf-06875,fake,266,56,82
ntf-06876,fake,344,71,86
ntf-06877,fake,883,178,250
ntf-06878,fake,1127,239,339
ntf-06879,fake,848,181,236
ntf-06880,fake,680,137,217
ntf-06881,fake,680,139,174
ntf-06882,fake,695,140,196
ntf-06883,fake,617,130,186
ntf-06884,fake,447,82,129
ntf-06885,fake,1363,287,435
ntf-06886,fake,605,124,195
ntf-06887,fake,329,68,97
ntf-06888,fake,377,76,123
ntf-06889,fake,613,128,202
ntf-06890,fake,365,77,120
ntf-06891,fake,730,159,225
ntf-06892,fake,498,101,164
ntf-06893,fake,512,106,168
ntf-06894,fake,1039,222,289
ntf-06895,fake,685,141,181
ntf-06896,fake,390,81,116
ntf-06897,fake,995,207,287
ntf-06898,fake,1201,261,375
ntf-06899,fake,1013,214,301
ntf-06900,fake,324,69,102
ntf-06901,fake,505,112,140
ntf-06902,fake,1387,297,416
ntf-06903,fake,945,194,277
ntf-06904,fake,591,113,184
ntf-06905,fake,692,143,186
ntf-06906,fake,752,155,202
ntf-06907,fake,947,184,277
ntf-06908,fake,1736,370,526
ntf-06909,fake,929,182,273
ntf-06910,fake,262,52,78
ntf-06911,fake,226,48,81
ntf-06912,fake,844,164,259
ntf-06913,fake,825,157,249
ntf-06914,fake,236,52,72
ntf-06915,fake,522,99,162
ntf-06916,fake,749,155,227
ntf-06917,fake,532,110,147
ntf-06918,fake,477,96,138
ntf-06919,fake,1008,215,292
ntf-06920,fake,738,147,198
ntf-06921,fake,938,193,270
ntf-06922,fake,1066,227,337
ntf-06923,fake,533,110,178
ntf-06924,fake,644,137,189
ntf-06925,fake,434,86,138
ntf-06926,fake,261,53,89
ntf-06927,fake,815,167,217
ntf-06928,fake,559,112,179
ntf-06929,fake,551,112,168
ntf-06930,fake,665,140,188
ntf-06931,fake,940,194,264
ntf-06932,fake,591,121,163
ntf-06933,fake,877,172,234
ntf-06934,fake,808,151,231
ntf-06935,fake,576,116,172
ntf-06936,fake,719,140,195
ntf-06937,fake,426,89,113
ntf-06938,fake,664,133,174
ntf-06939,fake,464,101,144
ntf-06940,fake,273,48,91
ntf-06941,fake,909,167,264
ntf-06942,fake,718,151,215
ntf-06943,fake,509,106,139
ntf-06944,fake,894,183,250
ntf-06945,fake,328,70,109
ntf-06946,fake,702,133,218
ntf-06947,fake,845,171,244
ntf-06948,fake,753,160,226
ntf-06949,fake,383,84,120
ntf-06950,fake,859,177,232
ntf-06951,fake,1578,325,441
ntf-06952,fake,927,199,288
ntf-06953,fake,699,142,214
ntf-06954,fake,1339,287,411
ntf-06955,fake,864,188,253
ntf-06956,fake,1252,276,378
ntf-06957,fake,846,192,240
ntf-06958,fake,801,163,229
ntf-06959,fake,1240,268,398
ntf-06960,fake,687,151,193
ntf-06961,fake,782,160,234
ntf-06962,fake,519,105,171
ntf-06963,fake,737,147,209
ntf-06964,fake,744,162,205
ntf-06965,fake,810,179,222
ntf-06966,fake,1346,289,396
ntf-06967,fake,1294,261,350
ntf-06968,fake,579,122,162
ntf-06969,fake,598,120,178
ntf-06970,fake,504,113,133
ntf-06971,fake,513,105,152
ntf-06972,fake,649,138,189
ntf-06973,fake,687,146,210
ntf-06974,fake,570,116,156
ntf-06975,fake,1293,262,351
ntf-06976,fake,938,194,277
ntf-06977,fake,1122,236,341
ntf-06978,fake,670,144,187
ntf-06979,fake,1066,233,312
ntf-06980,fake,786,166,235
ntf-06981,fake,1078,232,331
ntf-06982,fake,318,65,96
ntf-06983,fake,1397,285,409
ntf-06984,fake,828,170,232
ntf-06985,fake,586,123,197
ntf-06986,fake,582,125,184
ntf-06987,fake,658,144,206
ntf-06988,fake,663,138,182
ntf-06989,fake,542,117,168
ntf-06990,fake,1042,227,284
ntf-06991,fake,711,140,198
ntf-06992,fake,735,145,201
ntf-06993,fake,842,174,227
ntf-06994,fake,1301,264,355
ntf-06995,fake,717,144,207
ntf-06996,fake,576,120,151
ntf-06997,fake,586,128,163
ntf-06998,fake,787,156,243
ntf-06999,fake,812,159,238
ntf-07000,fake,876,182,249
ntf-07001,fake,782,167,201
ntf-07002,fake,1154,236,287
ntf-07003,fake,527,103,132
ntf-07004,fake,642,136,168
ntf-07005,fake,570,118,177
ntf-07006,fake,732,146,213
ntf-07007,fake,628,130,172
ntf-07008,fake,320,71,92
ntf-07009,fake,261,60,72
ntf-07010,fake,1423,308,416
ntf-07011,fake,1067,229,324
ntf-07012,fake,741,157,210
ntf-07013,fake,1007,213,315
ntf-07014,fake,747,161,230
ntf-07015,fake,714,148,212
ntf-07016,fake,1142,254,338
ntf-07017,fake,808,172,230
ntf-07018,fake,892,172,289
ntf-07019,fake,655,130,203
ntf-07020,fake,405,83,117
ntf-07021,fake,764,161,232
ntf-07022,fake,1194,257,337
ntf-07023,fake,768,158,203
ntf-07024,fake,1063,234,303
ntf-07025,fake,978,203,292
ntf-07026,fake,1119,231,327
ntf-07027,fake,1044,222,289
ntf-07028,fake,661,135,204
ntf-07029,fake,356,69,110
ntf-07030,fake,809,166,228
ntf-07031,fake,786,150,230
ntf-07032,fake,748,152,216
ntf-07033,fake,520,107,161
ntf-07034,fake,1007,197,266
ntf-07035,fake,746,157,214
ntf-07036,fake,906,194,240
ntf-07037,fake,621,132,164
ntf-07038,fake,671,137,202
ntf-07039,fake,283,61,86
ntf-07040,fake,1170,229,324
ntf-07041,fake,787,169,234
ntf-07042,fake,581,122,148
ntf-07043,fake,679,140,201
ntf-07044,fake,647,133,191
ntf-07045,fake,891,180,247
ntf-07046,fake,312,64,92
ntf-07047,fake,758,154,216
ntf-07048,fake,1106,217,304
ntf-07049,fake,828,164,261
ntf-07050,fake,715,150,199
ntf-07051,fake,530,105,169
ntf-07052,fake,866,187,225
ntf-07053,fake,886,170,260
ntf-07054,fake,487,103,140
ntf-07055,fake,840,171,232
ntf-07056,fake,1088,228,307
ntf-07057,fake,802,176,231
ntf-07058,fake,909,178,250
ntf-07059,fake,869,178,237
ntf-07060,fake,196,36,53
ntf-07061,fake,976,212,296
ntf-07062,fake,527,104,163
ntf-07063,fake,725,145,213
ntf-07064,fake,1115,239,321
ntf-07065,fake,644,133,200
ntf-07066,fake,913,193,287
ntf-07067,fake,341,67,94
ntf-07068,fake,507,110,160
ntf-07069,fake,926,188,257
ntf-07070,fake,690,155,189
ntf-07071,fake,694,142,197
ntf-07072,fake,711,151,199
ntf-07073,fake,721,143,209
ntf-07074,fake,961,212,281
ntf-07075,fake,1189,258,351
ntf-07076,fake,895,180,261
ntf-07077,fake,666,138,192
ntf-07078,fake,690,147,205
ntf-07079,fake,845,167,245
ntf-07080,fake,607,134,170
ntf-07081,fake,1145,231,321
ntf-07082,fake,392,82,118
ntf-07083,fake,636,145,192
ntf-07084,fake,828,176,252
ntf-07085,fake,646,137,165
ntf-07086,fake,890,186,262
ntf-07087,fake,725,150,198
ntf-07088,fake,1265,275,366
ntf-07089,fake,1098,235,316
ntf-07090,fake,674,132,193
ntf-07091,fake,530,111,146
ntf-07092,fake,1815,393,513
ntf-07093,fake,642,126,197
ntf-07094,fake,522,112,151
ntf-07095,fake,922,194,282
ntf-07096,fake,612,131,175
ntf-07097,fake,892,182,255
ntf-07098,fake,868,189,252
ntf-07099,fake,458,94,133
ntf-07100,fake,536,116,157
ntf-07101,fake,547,112,162
ntf-07102,fake,788,162,244
ntf-07103,fake,650,131,198
ntf-07104,fake,431,82,133
ntf-07105,fake,772,163,241
ntf-07106,fake,306,66,96
ntf-07107,fake,485,102,137
ntf-07108,fake,875,179,243
ntf-07109,fake,300,64,91
ntf-07110,fake,924,195,263
ntf-07111,fake,247,54,74
ntf-07112,fake,429,91,120
ntf-07113,fake,865,182,230
ntf-07114,fake,901,189,243
ntf-07115,fake,869,172,226
ntf-07116,fake,586,128,144
ntf-07117,fake,955,206,279
ntf-07118,fake,319,70,96
ntf-07119,fake,628,129,186
ntf-07120,fake,791,157,217
ntf-07121,fake,929,183,261
ntf-07122,fake,902,198,297
ntf-07123,fake,800,165,230
ntf-07124,fake,639,137,196
ntf-07125,fake,626,136,164
ntf-07126,fake,496,89,166
ntf-07127,fake,425,90,120
ntf-07128,fake,795,170,217
ntf-07129,fake,756,164,242
ntf-07130,fake,1152,225,358
ntf-07131,fake,500,104,139
ntf-07132,fake,661,138,181
ntf-07133,fake,1005,215,306
ntf-07134,fake,807,156,258
ntf-07135,fake,712,155,230
ntf-07136,fake,866,181,270
ntf-07137,fake,325,65,101
ntf-07138,fake,820,169,211
ntf-07139,fake,714,145,200
ntf-07140,fake,360,73,98
ntf-07141,fake,709,153,198
ntf-07142,fake,748,150,206
ntf-07143,fake,422,95,121
ntf-07144,fake,1053,221,285
ntf-07145,fake,754,158,227
ntf-07146,fake,583,117,145
ntf-07147,fake,726,149,205
ntf-07148,fake,468,92,133
ntf-07149,fake,856,189,221
ntf-07150,fake,628,138,162
ntf-07151,fake,1013,209,321
ntf-07152,fake,508,107,144
ntf-07153,fake,914,192,289
ntf-07154,fake,1091,231,310
ntf-07155,fake,799,164,247
ntf-07156,fake,863,180,235
ntf-07157,fake,596,105,185
ntf-07158,fake,1019,218,322
ntf-07159,fake,1157,247,339
ntf-07160,fake,781,162,222
ntf-07161,fake,434,94,125
ntf-07162,fake,859,174,246
ntf-07163,fake,671,144,175
ntf-07164,fake,1007,192,305
ntf-07165,fake,432,87,121
ntf-07166,fake,636,133,185
ntf-07167,fake,740,155,190
ntf-07168,fake,572,115,166
ntf-07169,fake,488,100,127
ntf-07170,fake,609,127,161
ntf-07171,fake,1451,301,400
ntf-07172,fake,797,163,216
ntf-07173,fake,776,155,210
ntf-07174,fake,514,107,161
ntf-07175,fake,418,89,128
ntf-07176,fake,786,158,217
ntf-07177,fake,1338,285,362
ntf-07178,fake,286,60,84
ntf-07179,fake,1203,265,343
ntf-07180,fake,1004,201,290
ntf-07181,fake,537,110,151
ntf-07182,fake,566,118,163
ntf-07183,fake,396,83,126
ntf-07184,fake,1040,223,294
ntf-07185,fake,1268,270,336
ntf-07186,fake,604,128,168
ntf-07187,fake,555,122,153
ntf-07188,fake,595,124,168
ntf-07189,fake,958,209,287
ntf-07190,fake,777,173,226
ntf-07191,fake,346,74,101
ntf-07192,fake,1347,291,389
ntf-07193,fake,1287,269,364
ntf-07194,fake,774,161,210
ntf-07195,fake,1049,213,294
ntf-07196,fake,1064,229,308
ntf-07197,fake,350,74,97
ntf-07198,fake,830,172,232
ntf-07199,fake,862,180,246
ntf-07200,fake,594,120,160
ntf-07201,fake,731,152,195
ntf-07202,fake,1138,235,314
ntf-07203,fake,610,128,153
ntf-07204,fake,1030,221,277
ntf-07205,fake,734,166,209
ntf-07206,fake,506,107,133
ntf-07207,fake,1342,264,433
ntf-07208,fake,961,206,282
ntf-07209,fake,722,144,206
ntf-07210,fake,682,137,170
ntf-07211,fake,622,129,150
ntf-07212,fake,746,161,235
ntf-07213,fake,807,164,216
ntf-07214,fake,604,124,174
ntf-07215,fake,658,135,165
ntf-07216,fake,762,157,200
ntf-07217,fake,773,155,229
ntf-07218,fake,342,74,85
ntf-07219,fake,901,202,264
ntf-07220,fake,535,119,165
ntf-07221,fake,1085,236,301
ntf-07222,fake,967,212,248
ntf-07223,fake,798,162,196
ntf-07224,fake,820,164,233
ntf-07225,fake,773,170,212
ntf-07226,fake,693,144,201
ntf-07227,fake,1131,236,307
ntf-07228,fake,773,157,218
ntf-07229,fake,294,61,84
ntf-07230,fake,720,159,191
ntf-07231,fake,574,126,165
ntf-07232,fake,620,137,161
ntf-07233,fake,744,166,206
ntf-07234,fake,508,105,148
ntf-07235,fake,759,152,218
ntf-07236,fake,742,142,213
ntf-07237,fake,542,109,161
ntf-07238,fake,644,137,189
ntf-07239,fake,729,148,206
ntf-07240,fake,413,84,120
ntf-07241,fake,1058,223,282
ntf-07242,fake,666,138,174
ntf-07243,fake,581,114,168
ntf-07244,fake,401,70,126
ntf-07245,fake,593,119,152
ntf-07246,fake,809,156,236
ntf-07247,fake,776,161,236
ntf-07248,fake,952,209,264
ntf-07249,fake,331,71,91
ntf-07250,fake,634,146,182
ntf-07251,fake,1022,226,268
ntf-07252,fake,902,179,273
ntf-07253,fake,301,60,84
ntf-07254,fake,1108,234,302
ntf-07255,fake,768,169,224
ntf-07256,fake,1170,249,334
ntf-07257,fake,763,171,222
ntf-07258,fake,807,170,240
ntf-07259,fake,1008,195,277
ntf-07260,fake,687,146,192
ntf-07261,fake,708,152,192
ntf-07262,fake,747,161,198
ntf-07263,fake,648,132,187
ntf-07264,fake,943,207,278
ntf-07265,fake,393,82,102
ntf-07266,fake,736,161,193
ntf-07267,fake,1153,256,342
ntf-07268,fake,758,158,222
ntf-07269,fake,360,72,95
ntf-07270,fake,806,145,226
ntf-07271,fake,647,125,215
ntf-07272,fake,1086,227,297
ntf-07273,fake,744,161,203
ntf-07274,fake,1109,233,298
ntf-07275,fake,306,54,90
ntf-07276,fake,520,108,136
ntf-07277,fake,798,160,214
ntf-07278,fake,1641,352,402
ntf-07279,fake,688,151,183
ntf-07280,fake,903,186,247
ntf-07281,fake,245,52,69
ntf-07282,fake,940,201,248
ntf-07283,fake,759,147,225
ntf-07284,fake,931,183,238
ntf-07285,fake,643,137,175
ntf-07286,fake,274,58,90
ntf-07287,fake,511,101,148
ntf-07288,fake,915,188,244
ntf-07289,fake,228,49,75
ntf-07290,fake,645,133,202
ntf-07291,fake,1270,275,353
ntf-07292,fake,809,181,230
ntf-07293,fake,1345,279,384
ntf-07294,fake,731,152,210
ntf-07295,fake,985,212,254
ntf-07296,fake,677,137,198
ntf-07297,fake,928,198,251
ntf-07298,fake,677,152,176
ntf-07299,fake,613,127,195
ntf-07300,fake,680,126,210
ntf-07301,fake,310,64,85
ntf-07302,fake,325,67,98
ntf-07303,fake,691,150,206
ntf-07304,fake,489,107,124
ntf-07305,fake,388,83,108
ntf-07306,fake,726,162,220
ntf-07307,fake,1010,214,263
ntf-07308,fake,950,193,253
ntf-07309,fake,603,121,144
ntf-07310,fake,787,160,243
ntf-07311,fake,475,97,136
ntf-07312,fake,675,120,188
ntf-07313,fake,706,152,200
ntf-07314,fake,1127,237,342
ntf-07315,fake,618,121,180
ntf-07316,fake,257,55,70
ntf-07317,fake,520,108,155
ntf-07318,fake,1264,268,352
ntf-07319,fake,654,141,204
ntf-07320,fake,917,189,243
ntf-07321,fake,225,47,74
ntf-07322,fake,467,94,131
ntf-07323,fake,1212,243,358
ntf-07324,fake,792,158,234
ntf-07325,fake,564,114,171
ntf-07326,fake,878,198,248
ntf-07327,fake,669,140,198
ntf-07328,fake,433,89,143
ntf-07329,fake,659,110,216
ntf-07330,fake,599,118,191
ntf-07331,fake,478,96,142
ntf-07332,fake,1221,251,346
ntf-07333,fake,528,110,152
ntf-07334,fake,746,156,223
ntf-07335,fake,431,73,129
ntf-07336,fake,479,103,128
ntf-07337,fake,2168,483,645
ntf-07338,fake,1073,236,312
ntf-07339,fake,331,71,98
ntf-07340,fake,551,118,146
ntf-07341,fake,714,151,186
ntf-07342,fake,689,156,188
ntf-07343,fake,503,109,136
ntf-07344,fake,552,121,143
ntf-07345,fake,1340,290,380
ntf-07346,fake,637,130,183
ntf-07347,fake,1136,236,331
ntf-07348,fake,671,135,191
ntf-07349,fake,862,170,231
ntf-07350,fake,869,185,239
ntf-07351,fake,673,144,179
ntf-07352,fake,1375,300,383
ntf-07353,fake,429,86,119
ntf-07354,fake,293,56,81
ntf-07355,fake,902,158,270
ntf-07356,fake,177,35,51
ntf-07357,fake,588,120,173
ntf-07358,fake,372,75,103
ntf-07359,fake,900,189,264
ntf-07360,fake,489,96,130
ntf-07361,fake,1239,248,367
ntf-07362,fake,492,96,122
ntf-07363,fake,872,189,252
ntf-07364,fake,855,192,244
ntf-07365,fake,1134,237,359
ntf-07366,fake,365,76,105
ntf-07367,fake,545,108,163
ntf-07368,fake,494,96,150
ntf-07369,fake,688,148,200
ntf-07370,fake,845,181,275
ntf-07371,fake,738,161,199
ntf-07372,fake,334,64,83
ntf-07373,fake,685,146,218
ntf-07374,fake,850,177,235
ntf-07375,fake,955,215,302
ntf-07376,fake,1168,254,312
ntf-07377,fake,1167,258,345
ntf-07378,fake,774,151,241
ntf-07379,fake,559,115,157
ntf-07380,fake,506,103,139
ntf-07381,fake,499,99,150
ntf-07382,fake,799,170,243
ntf-07383,fake,807,168,237
ntf-07384,fake,1083,222,301
ntf-07385,fake,913,191,264
ntf-07386,fake,699,141,227
ntf-07387,fake,250,55,67
ntf-07388,fake,1041,140,368
ntf-07389,fake,1117,249,315
ntf-07390,fake,727,146,183
ntf-07391,fake,344,74,98
ntf-07392,fake,342,69,97
ntf-07393,fake,330,67,94
ntf-07394,fake,1225,268,359
ntf-07395,fake,812,167,264
ntf-07396,fake,763,159,213
ntf-07397,fake,1099,219,302
ntf-07398,fake,1556,330,423
ntf-07399,fake,2702,578,747
ntf-07400,fake,1077,232,289
ntf-07401,fake,579,135,166
ntf-07402,fake,780,176,244
ntf-07403,fake,833,176,233
ntf-07404,fake,1313,267,414
ntf-07405,fake,845,172,239
ntf-07406,fake,926,193,247
ntf-07407,fake,781,167,246
ntf-07408,fake,913,189,288
ntf-07409,fake,1370,275,373
ntf-07410,fake,1242,263,380
ntf-07411,fake,662,140,178
ntf-07412,fake,1111,236,317
ntf-07413,fake,919,201,259
ntf-07414,fake,900,188,298
ntf-07415,fake,1011,219,289
ntf-07416,fake,283,60,84
ntf-07417,fake,237,45,73
ntf-07418,fake,1314,268,360
ntf-07419,fake,685,139,191
ntf-07420,fake,861,177,252
ntf-07421,fake,1136,220,331
ntf-07422,fake,931,182,247
ntf-07423,fake,928,196,267
ntf-07424,fake,733,154,217
ntf-07425,fake,598,114,176
ntf-07426,fake,1045,221,285
ntf-07427,fake,991,210,273
ntf-07428,fake,787,161,226
ntf-07429,fake,156,27,48
ntf-07430,fake,214,43,62
ntf-07431,fake,643,136,172
ntf-07432,fake,844,183,231
ntf-07433,fake,887,187,231
ntf-07434,fake,974,193,281
ntf-07435,fake,844,180,249
ntf-07436,fake,751,152,200
ntf-07437,fake,1051,225,313
ntf-07438,fake,720,149,207
ntf-07439,fake,589,122,159
ntf-07440,fake,609,134,162
ntf-07441,fake,935,193,265
ntf-07442,fake,728,148,190
ntf-07443,fake,555,113,182
ntf-07444,fake,628,125,187
ntf-07445,fake,723,145,190
ntf-07446,fake,335,66,99
ntf-07447,fake,224,43,64
ntf-07448,fake,664,139,205
ntf-07449,fake,708,152,193
ntf-07450,fake,1513,324,442
ntf-07451,fake,1157,246,352
ntf-07452,fake,866,189,239
ntf-07453,fake,668,144,199
ntf-07454,fake,625,123,173
ntf-07455,fake,826,179,250
ntf-07456,fake,540,117,149
ntf-07457,fake,1010,215,247
ntf-07458,fake,703,153,200
ntf-07459,fake,622,133,175
ntf-07460,fake,812,173,226
ntf-07461,fake,737,154,192
ntf-07462,fake,795,160,220
ntf-07463,fake,821,182,240
ntf-07464,fake,772,162,228
ntf-07465,fake,1609,340,447
ntf-07466,fake,786,158,220
ntf-07467,fake,693,152,173
ntf-07468,fake,1041,230,303
ntf-07469,fake,988,206,253
ntf-07470,fake,856,183,223
ntf-07471,fake,905,193,278
ntf-07472,fake,415,88,124
ntf-07473,fake,740,148,217
ntf-07474,fake,541,110,155
ntf-07475,fake,713,157,192
ntf-07476,fake,518,113,142
ntf-07477,fake,829,175,234
ntf-07478,fake,1368,295,379
ntf-07479,fake,461,96,126
ntf-07480,fake,814,179,228
ntf-07481,fake,399,83,113
ntf-07482,fake,1190,248,336
ntf-07483,fake,1324,278,354
ntf-07484,fake,598,121,152
ntf-07485,fake,983,205,255
ntf-07486,fake,661,90,225
ntf-07487,fake,487,104,131
ntf-07488,fake,309,65,82
ntf-07489,fake,601,123,177
ntf-07490,fake,1283,286,372
ntf-07491,fake,1216,277,325
ntf-07492,fake,2169,454,593
ntf-07493,fake,344,68,98
ntf-07494,fake,224,41,62
ntf-07495,fake,639,142,181
ntf-07496,fake,741,146,209
ntf-07497,fake,1196,260,341
ntf-07498,fake,241,50,82
ntf-07499,fake,450,73,152
ntf-07500,fake,256,51,83
ntf-07501,fake,872,175,226
ntf-07502,fake,829,173,246
ntf-07503,fake,880,182,250
ntf-07504,fake,877,184,247
ntf-07505,fake,246,43,67
ntf-07506,fake,587,120,154
ntf-07507,fake,600,121,205
ntf-07508,fake,628,139,182
ntf-07509,fake,767,158,228
ntf-07510,fake,824,178,244
ntf-07511,fake,952,198,250
ntf-07512,fake,1037,226,279
ntf-07513,fake,610,124,189
ntf-07514,fake,692,139,233
ntf-07515,fake,971,206,275
ntf-07516,fake,677,146,196
ntf-07517,fake,784,169,218
ntf-07518,fake,850,170,230
ntf-07519,fake,650,137,180
ntf-07520,fake,518,111,140
ntf-07521,fake,915,199,267
ntf-07522,fake,738,158,230
ntf-07523,fake,624,128,168
ntf-07524,fake,823,168,240
ntf-07525,fake,382,82,118
ntf-07526,fake,810,174,256
ntf-07527,fake,326,63,88
ntf-07528,fake,766,161,234
ntf-07529,fake,580,114,204
ntf-07530,fake,637,133,174
ntf-07531,fake,672,154,184
ntf-07532,fake,813,171,249
ntf-07533,fake,577,121,180
ntf-07534,fake,633,127,174
ntf-07535,fake,327,71,100
ntf-07536,fake,810,173,209
ntf-07537,fake,617,135,166
ntf-07538,fake,576,112,178
ntf-07539,fake,908,187,262
ntf-07540,fake,1005,230,291
ntf-07541,fake,822,182,245
ntf-07542,fake,777,160,199
ntf-07543,fake,774,167,230
ntf-07544,fake,1763,389,494
ntf-07545,fake,914,201,267
ntf-07546,fake,445,96,129
ntf-07547,fake,606,126,167
ntf-07548,fake,825,179,235
ntf-07549,fake,932,209,266
ntf-07550,fake,859,182,228
ntf-07551,fake,639,134,187
ntf-07552,fake,827,177,249
ntf-07553,fake,650,143,204
ntf-07554,fake,592,126,174
ntf-07555,fake,881,183,261
ntf-07556,fake,802,175,237
ntf-07557,fake,835,148,242
ntf-07558,fake,906,196,253
ntf-07559,fake,1134,246,316
ntf-07560,fake,889,187,273
ntf-07561,fake,1102,237,280
ntf-07562,fake,1106,240,335
ntf-07563,fake,476,103,144
ntf-07564,fake,322,67,98
ntf-07565,fake,1024,231,276
ntf-07566,fake,753,157,228
ntf-07567,fake,806,165,206
ntf-07568,fake,1049,233,312
ntf-07569,fake,761,153,200
ntf-07570,fake,895,192,221
ntf-07571,fake,949,210,267
ntf-07572,fake,585,130,160
ntf-07573,fake,353,78,95
ntf-07574,fake,728,161,218
ntf-07575,fake,853,167,271
ntf-07576,fake,1023,222,294
ntf-07577,fake,856,189,249
ntf-07578,fake,630,126,180
ntf-07579,fake,535,115,132
ntf-07580,fake,529,106,173
ntf-07581,fake,762,161,200
ntf-07582,fake,683,144,189
ntf-07583,fake,573,130,141
ntf-07584,fake,264,50,74
ntf-07585,fake,937,199,269
ntf-07586,fake,657,135,170
ntf-07587,fake,961,215,265
ntf-07588,fake,748,163,210
ntf-07589,fake,746,153,207
ntf-07590,fake,1203,230,354
ntf-07591,fake,943,198,264
ntf-07592,fake,578,125,154
ntf-07593,fake,208,37,63
ntf-07594,fake,1025,204,278
ntf-07595,fake,832,172,259
ntf-07596,fake,559,121,157
ntf-07597,fake,894,201,251
ntf-07598,fake,1013,215,291
ntf-07599,fake,306,58,86
ntf-07600,fake,919,192,247
ntf-07601,fake,1881,424,532
ntf-07602,fake,712,146,204
ntf-07603,fake,482,97,169
ntf-07604,fake,1083,230,282
ntf-07605,fake,254,56,68
ntf-07606,fake,1031,212,273
ntf-07607,fake,782,188,225
ntf-07608,fake,1375,296,388
ntf-07609,fake,812,157,234
ntf-07610,fake,319,63,111
ntf-07611,fake,724,154,209
ntf-07612,fake,528,112,168
ntf-07613,fake,1610,353,469
ntf-07614,fake,406,86,125
ntf-07615,fake,684,142,187
ntf-07616,fake,603,131,165
ntf-07617,fake,961,200,286
ntf-07618,fake,756,163,223
ntf-07619,fake,687,148,186
ntf-07620,fake,602,130,172
ntf-07621,fake,515,106,151
ntf-07622,fake,754,161,192
ntf-07623,fake,754,164,204
ntf-07624,fake,283,62,72
ntf-07625,fake,677,131,223
ntf-07626,fake,911,192,256
ntf-07627,fake,806,172,203
ntf-07628,fake,556,116,170
ntf-07629,fake,502,102,156
ntf-07630,fake,631,131,159
ntf-07631,fake,1654,352,517
ntf-07632,fake,759,163,207
ntf-07633,fake,788,156,232
ntf-07634,fake,414,83,103
ntf-07635,fake,770,159,250
ntf-07636,fake,741,158,216
ntf-07637,fake,685,148,199
ntf-07638,fake,820,176,215
ntf-07639,fake,1000,205,284
ntf-07640,fake,647,143,186
ntf-07641,fake,913,188,230
ntf-07642,fake,1185,247,319
ntf-07643,fake,824,181,230
ntf-07644,fake,767,150,207
ntf-07645,fake,674,127,188
ntf-07646,fake,941,184,274
ntf-07647,fake,651,139,194
ntf-07648,fake,741,165,200
ntf-07649,fake,501,108,150
ntf-07650,fake,787,149,238
ntf-07651,fake,685,145,208
ntf-07652,fake,236,45,65
ntf-07653,fake,962,210,292
ntf-07654,fake,282,59,75
ntf-07655,fake,339,72,91
ntf-07656,fake,818,162,247
ntf-07657,fake,843,173,251
ntf-07658,fake,998,185,273
ntf-07659,fake,642,135,205
ntf-07660,fake,777,160,218
ntf-07661,fake,563,124,169
ntf-07662,fake,806,155,241
ntf-07663,fake,922,190,225
ntf-07664,fake,916,193,302
ntf-07665,fake,963,217,277
ntf-07666,fake,606,137,189
ntf-07667,fake,548,118,158
ntf-07668,fake,743,154,199
ntf-07669,fake,198,44,63
ntf-07670,fake,719,157,190
ntf-07671,fake,590,108,176
ntf-07672,fake,856,178,228
ntf-07673,fake,1054,228,305
ntf-07674,fake,1016,209,274
ntf-07675,fake,792,174,228
ntf-07676,fake,692,157,199
ntf-07677,fake,850,177,226
ntf-07678,fake,1344,277,326
ntf-07679,fake,819,167,236
ntf-07680,fake,551,121,145
ntf-07681,fake,693,142,165
ntf-07682,fake,913,195,272
ntf-07683,fake,1166,249,320
ntf-07684,fake,558,90,167
ntf-07685,fake,683,154,188
ntf-07686,fake,866,175,233
ntf-07687,fake,801,170,208
ntf-07688,fake,860,178,231
ntf-07689,fake,455,96,157
ntf-07690,fake,1165,260,326
ntf-07691,fake,815,183,232
ntf-07692,fake,974,206,296
ntf-07693,fake,406,87,120
ntf-07694,fake,586,119,197
ntf-07695,fake,842,181,257
ntf-07696,fake,487,90,144
ntf-07697,fake,702,158,210
ntf-07698,fake,763,159,209
ntf-07699,fake,624,147,186
ntf-07700,fake,807,167,233
ntf-07701,fake,268,56,83
ntf-07702,fake,498,104,167
ntf-07703,fake,722,151,236
ntf-07704,fake,733,144,215
ntf-07705,fake,1224,255,323
ntf-07706,fake,699,143,192
ntf-07707,fake,961,213,261
ntf-07708,fake,1120,191,350
ntf-07709,fake,948,211,255
ntf-07710,fake,506,100,128
ntf-07711,fake,779,170,230
ntf-07712,fake,586,129,146
ntf-07713,fake,906,194,251
ntf-07714,fake,227,48,60
ntf-07715,fake,1109,222,294
ntf-07716,fake,671,146,189
ntf-07717,fake,765,160,211
ntf-07718,fake,874,188,225
ntf-07719,fake,335,71,99
ntf-07720,fake,900,191,264
ntf-07721,fake,1239,268,342
ntf-07722,fake,573,119,169
ntf-07723,fake,1134,251,314
ntf-07724,fake,295,65,78
ntf-07725,fake,296,64,75
ntf-07726,fake,976,197,269
ntf-07727,fake,836,178,243
ntf-07728,fake,784,175,214
ntf-07729,fake,749,146,215
ntf-07730,fake,756,162,208
ntf-07731,fake,987,208,281
ntf-07732,fake,662,133,199
ntf-07733,fake,793,175,222
ntf-07734,fake,593,120,170
ntf-07735,fake,1268,258,341
ntf-07736,fake,949,195,258
ntf-07737,fake,509,99,148
ntf-07738,fake,1014,214,279
ntf-07739,fake,405,83,105
ntf-07740,fake,907,196,261
ntf-07741,fake,810,169,246
ntf-07742,fake,376,77,127
ntf-07743,fake,1051,229,291
ntf-07744,fake,1029,208,297
ntf-07745,fake,771,159,216
ntf-07746,fake,963,199,260
ntf-07747,fake,333,68,89
ntf-07748,fake,328,66,98
ntf-07749,fake,1242,258,336
ntf-07750,fake,901,194,215
ntf-07751,fake,231,49,64
ntf-07752,fake,1633,365,428
ntf-07753,fake,586,132,183
ntf-07754,fake,664,146,194
ntf-07755,fake,886,174,256
ntf-07756,fake,780,170,193
ntf-07757,fake,265,51,87
ntf-07758,fake,667,137,200
ntf-07759,fake,948,138,308
ntf-07760,fake,634,105,194
ntf-07761,fake,497,100,144
ntf-07762,fake,694,139,223
ntf-07763,fake,691,151,201
ntf-07764,fake,970,219,259
ntf-07765,fake,763,164,207
ntf-07766,fake,1106,232,299
ntf-07767,fake,671,144,200
ntf-07768,fake,678,139,182
ntf-07769,fake,631,137,205
ntf-07770,fake,1066,226,270
ntf-07771,fake,646,142,177
ntf-07772,fake,1090,233,306
ntf-07773,fake,739,160,209
ntf-07774,fake,613,119,180
ntf-07775,fake,557,121,178
ntf-07776,fake,774,134,252
ntf-07777,fake,1052,227,279
ntf-07778,fake,241,44,83
ntf-07779,fake,852,180,243
ntf-07780,fake,778,162,222
ntf-07781,fake,796,171,219
ntf-07782,fake,617,126,179
ntf-07783,fake,985,220,297
ntf-07784,fake,980,212,257
ntf-07785,fake,1117,238,302
ntf-07786,fake,929,201,237
ntf-07787,fake,689,147,189
ntf-07788,fake,970,204,268
ntf-07789,fake,797,161,227
ntf-07790,fake,901,203,241
ntf-07791,fake,589,125,180
ntf-07792,fake,728,154,203
ntf-07793,fake,1417,311,381
ntf-07794,fake,1081,235,293
ntf-07795,fake,1073,230,284
ntf-07796,fake,809,172,231
ntf-07797,fake,1092,237,290
ntf-07798,fake,171,36,50
ntf-07799,fake,919,202,254
ntf-07800,fake,1273,278,369
ntf-07801,fake,950,206,288
ntf-07802,fake,718,157,191
ntf-07803,fake,1174,251,347
ntf-07804,fake,912,203,251
ntf-07805,fake,298,60,91
ntf-07806,fake,927,187,306
ntf-07807,fake,1137,232,302
ntf-07808,fake,914,195,232
ntf-07809,fake,1028,224,262
ntf-07810,fake,1006,230,277
ntf-07811,fake,978,209,256
ntf-07812,fake,1298,288,377
ntf-07813,fake,846,195,255
ntf-07814,fake,1320,276,354
ntf-07815,fake,1186,266,343
ntf-07816,fake,1258,275,392
ntf-07817,fake,866,180,218
ntf-07818,fake,358,70,109
ntf-07819,fake,1026,207,299
ntf-07820,fake,540,118,163
ntf-07821,fake,927,211,233
ntf-07822,fake,1023,219,291
ntf-07823,fake,573,120,153
ntf-07824,fake,928,213,247
ntf-07825,fake,899,206,245
ntf-07826,fake,794,162,220
ntf-07827,fake,1231,271,340
ntf-07828,fake,295,59,86
ntf-07829,fake,1104,230,299
ntf-07830,fake,747,174,206
ntf-07831,fake,930,196,269
ntf-07832,fake,810,167,233
ntf-07833,fake,1393,303,403
ntf-07834,fake,782,161,224
ntf-07835,fake,427,82,111
ntf-07836,fake,808,179,213
ntf-07837,fake,632,120,164
ntf-07838,fake,1717,370,504
ntf-07839,fake,857,181,220
ntf-07840,fake,725,166,191
ntf-07841,fake,1332,301,364
ntf-07842,fake,915,191,253
ntf-07843,fake,692,107,229
ntf-07844,fake,676,136,211
ntf-07845,fake,697,154,208
ntf-07846,fake,779,166,247
ntf-07847,fake,791,172,217
ntf-07848,fake,650,135,197
ntf-07849,fake,684,145,198
ntf-07850,fake,860,155,261
ntf-07851,fake,639,137,176
ntf-07852,fake,787,165,235
ntf-07853,fake,1008,222,270
ntf-07854,fake,565,121,155
ntf-07855,fake,1117,219,338
ntf-07856,fake,691,145,210
ntf-07857,fake,1448,318,424
ntf-07858,fake,710,150,219
ntf-07859,fake,954,200,260
ntf-07860,fake,354,79,94
ntf-07861,fake,877,175,256
ntf-07862,fake,197,38,63
ntf-07863,fake,569,123,175
ntf-07864,fake,910,201,222
ntf-07865,fake,1226,265,336
ntf-07866,fake,1218,273,327
ntf-07867,fake,740,155,205
ntf-07868,fake,1091,237,294
ntf-07869,fake,541,110,159
ntf-07870,fake,714,150,185
ntf-07871,fake,945,206,268
ntf-07872,fake,817,173,222
ntf-07873,fake,2053,448,600
ntf-07874,fake,950,204,283
ntf-07875,fake,802,170,245
ntf-07876,fake,590,127,168
ntf-07877,fake,910,196,273
ntf-07878,fake,699,150,185
ntf-07879,fake,629,137,208
ntf-07880,fake,1486,311,389
ntf-07881,fake,797,172,211
ntf-07882,fake,804,171,224
ntf-07883,fake,863,174,260
ntf-07884,fake,792,169,201
ntf-07885,fake,614,136,178
ntf-07886,fake,762,165,205
ntf-07887,fake,911,194,248
ntf-07888,fake,617,128,172
ntf-07889,fake,870,185,264
ntf-07890,fake,445,97,116
ntf-07891,fake,561,120,160
ntf-07892,fake,1881,416,559
ntf-07893,fake,1080,228,316
ntf-07894,fake,1045,222,307
ntf-07895,fake,1995,453,634
ntf-07896,fake,607,138,174
ntf-07897,fake,396,83,124
ntf-07898,fake,288,50,85
ntf-07899,fake,447,90,115
ntf-07900,fake,875,192,262
ntf-07901,fake,617,131,161
ntf-07902,fake,614,130,170
ntf-07903,fake,600,128,172
ntf-07904,fake,1090,225,301
ntf-07905,fake,712,146,187
ntf-07906,fake,876,190,256
ntf-07907,fake,727,149,190
ntf-07908,fake,1083,243,285
ntf-07909,fake,964,206,267
ntf-07910,fake,852,178,236
ntf-07911,fake,255,50,74
ntf-07912,fake,1262,265,355
ntf-07913,fake,1241,244,359
ntf-07914,fake,835,153,238
ntf-07915,fake,859,187,220
ntf-07916,fake,1037,229,266
ntf-07917,fake,369,76,120
ntf-07918,fake,837,181,271
ntf-07919,fake,404,83,125
ntf-07920,fake,312,63,88
ntf-07921,fake,1057,226,287
ntf-07922,fake,691,138,180
ntf-07923,fake,1152,258,345
ntf-07924,fake,848,173,216
ntf-07925,fake,843,179,232
ntf-07926,fake,557,116,166
ntf-07927,fake,658,139,193
ntf-07928,fake,945,201,318
ntf-07929,fake,937,205,263
ntf-07930,fake,833,174,244
ntf-07931,fake,743,160,253
ntf-07932,fake,1062,226,273
ntf-07933,fake,379,78,117
ntf-07934,fake,266,54,75
ntf-07935,fake,914,190,261
ntf-07936,fake,1153,238,303
ntf-07937,fake,838,191,232
ntf-07938,fake,1005,209,254
ntf-07939,fake,621,128,186
ntf-07940,fake,429,89,124
ntf-07941,fake,799,166,233
ntf-07942,fake,804,177,225
ntf-07943,fake,726,154,223
ntf-07944,fake,369,77,104
ntf-07945,fake,258,54,76
ntf-07946,fake,1074,222,276
ntf-07947,fake,826,172,208
ntf-07948,fake,970,219,265
ntf-07949,fake,701,146,202
ntf-07950,fake,849,189,228
ntf-07951,fake,1702,364,460
ntf-07952,fake,789,167,195
ntf-07953,fake,1023,217,287
ntf-07954,fake,545,117,151
ntf-07955,fake,252,50,71
ntf-07956,fake,1044,222,315
ntf-07957,fake,317,67,93
ntf-07958,fake,1430,294,374
ntf-07959,fake,313,64,91
ntf-07960,fake,838,183,229
ntf-07961,fake,988,209,278
ntf-07962,fake,720,167,229
ntf-07963,fake,1049,221,296
ntf-07964,fake,794,172,237
ntf-07965,fake,1012,216,276
ntf-07966,fake,215,43,57
ntf-07967,fake,746,154,205
ntf-07968,fake,663,136,185
ntf-07969,fake,398,85,110
ntf-07970,fake,871,176,250
ntf-07971,fake,1006,217,250
ntf-07972,fake,773,165,206
ntf-07973,fake,389,84,113
ntf-07974,fake,500,104,132
ntf-07975,fake,492,105,151
ntf-07976,fake,1062,228,304
ntf-07977,fake,1270,273,352
ntf-07978,fake,230,49,66
ntf-07979,fake,350,66,100
ntf-07980,fake,703,150,199
ntf-07981,fake,1193,256,351
ntf-07982,fake,1013,225,267
ntf-07983,fake,758,166,219
ntf-07984,fake,356,80,106
ntf-07985,fake,241,51,71
ntf-07986,fake,389,83,129
ntf-07987,fake,652,137,199
ntf-07988,fake,403,88,123
ntf-07989,fake,255,54,73
ntf-07990,fake,470,97,141
ntf-07991,fake,737,151,229
ntf-07992,fake,232,48,67
ntf-07993,fake,870,178,255
ntf-07994,fake,894,191,250
ntf-07995,fake,648,133,167
ntf-07996,fake,294,61,80
ntf-07997,fake,264,53,78
ntf-07998,fake,1120,243,315
ntf-07999,fake,937,198,283
ntf-08000,fake,1247,256,331
ntf-08001,fake,880,180,241
ntf-08002,fake,648,141,197
ntf-08003,fake,418,93,124
ntf-08004,fake,913,186,264
ntf-08005,fake,722,151,221
ntf-08006,fake,190,40,57
ntf-08007,fake,981,219,295
ntf-08008,fake,251,55,79
ntf-08009,fake,683,144,207
ntf-08010,fake,529,112,146
ntf-08011,fake,774,162,236
ntf-08012,fake,863,189,232
ntf-08013,fake,599,129,159
ntf-08014,fake,1192,257,362
ntf-08015,fake,676,144,180
ntf-08016,fake,1131,254,333
ntf-08017,fake,819,158,223
ntf-08018,fake,552,109,174
ntf-08019,fake,280,55,85
ntf-08020,fake,1406,289,405
ntf-08021,fake,233,47,70
ntf-08022,fake,1383,297,391
ntf-08023,fake,821,180,245
ntf-08024,fake,1035,215,282
ntf-08025,fake,796,173,204
ntf-08026,fake,846,172,263
ntf-08027,fake,1138,237,360
ntf-08028,fake,599,122,186
ntf-08029,fake,457,98,135
ntf-08030,fake,502,89,148
ntf-08031,fake,1021,201,289
ntf-08032,fake,952,200,277
ntf-08033,fake,1336,293,410
ntf-08034,fake,721,155,186
ntf-08035,fake,568,115,172
ntf-08036,fake,600,120,173
ntf-08037,fake,285,56,85
ntf-08038,fake,1013,209,291
ntf-08039,fake,514,105,163
ntf-08040,fake,432,99,123
ntf-08041,fake,1624,361,474
ntf-08042,fake,437,88,135
ntf-08043,fake,268,54,82
ntf-08044,fake,488,105,135
ntf-08045,fake,850,176,236
ntf-08046,fake,825,171,223
ntf-08047,fake,1015,217,282
ntf-08048,fake,747,147,214
ntf-08049,fake,1266,256,390
ntf-08050,fake,762,174,247
ntf-08051,fake,697,153,209
ntf-08052,fake,584,126,150
ntf-08053,fake,980,212,281
ntf-08054,fake,1096,236,317
ntf-08055,fake,713,164,184
ntf-08056,fake,1028,216,287
ntf-08057,fake,856,186,243
ntf-08058,fake,1120,256,325
ntf-08059,fake,692,147,209
ntf-08060,fake,400,80,130
ntf-08061,fake,348,72,112
ntf-08062,fake,251,49,77
ntf-08063,fake,752,148,230
ntf-08064,fake,1535,330,395
ntf-08065,fake,691,148,206
ntf-08066,fake,894,196,233
ntf-08067,fake,913,199,278
ntf-08068,fake,1265,266,333
ntf-08069,fake,984,205,285
ntf-08070,fake,972,206,288
ntf-08071,fake,471,95,148
ntf-08072,fake,173,34,49
ntf-08073,fake,276,52,85
ntf-08074,fake,1154,246,356
ntf-08075,fake,359,70,112
ntf-08076,fake,661,124,209
ntf-08077,fake,813,174,250
ntf-08078,fake,310,61,96
ntf-08079,fake,700,145,183
ntf-08080,fake,1053,217,270
ntf-08081,fake,931,201,260
ntf-08082,fake,1158,251,360
ntf-08083,fake,505,97,163
ntf-08084,fake,844,170,256
ntf-08085,fake,977,215,271
ntf-08086,fake,277,54,89
ntf-08087,fake,464,93,149
ntf-08088,fake,387,76,116
ntf-08089,fake,384,75,120
ntf-08090,fake,327,64,101
ntf-08091,fake,724,154,195
ntf-08092,fake,749,153,222
ntf-08093,fake,879,174,278
ntf-08094,fake,710,150,196
ntf-08095,fake,1007,219,299
ntf-08096,fake,686,144,181
ntf-08097,fake,943,193,300
ntf-08098,fake,250,49,82
ntf-08099,fake,1033,209,329
ntf-08100,fake,372,73,115
ntf-08101,fake,759,157,221
ntf-08102,fake,237,46,73
ntf-08103,fake,852,181,245
ntf-08104,fake,725,147,221
ntf-08105,fake,484,95,154
ntf-08106,fake,303,59,96
ntf-08107,fake,1028,218,324
ntf-08108,fake,416,85,132
ntf-08109,fake,1008,217,273
ntf-08110,fake,1058,226,295
ntf-08111,fake,603,124,163
ntf-08112,fake,1109,237,345
ntf-08113,fake,661,141,206
ntf-08114,fake,636,134,162
ntf-08115,fake,657,135,183
ntf-08116,fake,511,101,150
ntf-08117,fake,753,164,214
ntf-08118,fake,860,193,248
ntf-08119,fake,1268,276,390
ntf-08120,fake,621,108,191
ntf-08121,fake,385,75,121
ntf-08122,fake,327,61,98
ntf-08123,fake,356,72,103
ntf-08124,fake,936,198,260
ntf-08125,fake,871,190,242
ntf-08126,fake,482,97,145
ntf-08127,fake,490,99,153
ntf-08128,fake,591,121,184
ntf-08129,fake,374,76,108
ntf-08130,fake,258,52,78
ntf-08131,fake,814,167,248
ntf-08132,fake,368,74,118
ntf-08133,fake,271,55,83
ntf-08134,fake,637,144,174
ntf-08135,fake,825,172,242
ntf-08136,fake,756,171,211
ntf-08137,fake,864,191,239
ntf-08138,fake,541,110,166
ntf-08139,fake,357,72,115
ntf-08140,fake,254,51,79
ntf-08141,fake,423,86,134
ntf-08142,fake,513,103,163
ntf-08143,fake,247,45,81
ntf-08144,fake,255,54,75
ntf-08145,fake,726,157,197
ntf-08146,fake,908,181,292
ntf-08147,fake,1015,219,294
ntf-08148,fake,898,192,258
ntf-08149,fake,1018,223,300
ntf-08150,fake,249,54,70
ntf-08151,fake,792,167,231
ntf-08152,fake,633,136,187
ntf-08153,fake,581,121,179
ntf-08154,fake,329,68,102
ntf-08155,fake,912,175,246
ntf-08156,fake,711,153,192
ntf-08157,fake,971,203,280
ntf-08158,fake,335,67,106
ntf-08159,fake,359,75,107
ntf-08160,fake,219,46,63
ntf-08161,fake,334,66,94
ntf-08162,fake,1085,238,308
ntf-08163,fake,1176,246,345
ntf-08164,fake,777,169,208
ntf-08165,fake,634,132,174
ntf-08166,fake,703,155,204
ntf-08167,fake,851,189,243
ntf-08168,fake,751,149,203
ntf-08169,fake,977,199,274
ntf-08170,fake,902,192,250
ntf-08171,fake,600,122,178
ntf-08172,fake,318,66,94
ntf-08173,fake,887,187,253
ntf-08174,fake,1026,223,272
ntf-08175,fake,1026,227,278
ntf-08176,fake,594,122,189
ntf-08177,fake,289,55,75
ntf-08178,fake,677,136,173
ntf-08179,fake,711,156,203
ntf-08180,fake,1361,298,394
ntf-08181,fake,1108,238,301
ntf-08182,fake,837,175,227
ntf-08183,fake,717,152,190
ntf-08184,fake,664,134,197
ntf-08185,fake,817,184,230
ntf-08186,fake,789,172,243
ntf-08187,fake,1052,221,343
ntf-08188,fake,1064,216,318
ntf-08189,fake,248,49,77
ntf-08190,fake,642,128,202
ntf-08191,fake,816,165,259
ntf-08192,fake,698,148,193
ntf-08193,fake,622,135,166
ntf-08194,fake,673,137,192
ntf-08195,fake,645,137,176
ntf-08196,fake,947,195,313
ntf-08197,fake,984,209,273
ntf-08198,fake,850,177,247
ntf-08199,fake,642,142,187
ntf-08200,fake,610,130,165
ntf-08201,fake,1390,307,406
ntf-08202,fake,760,168,213
ntf-08203,fake,625,129,174
ntf-08204,fake,570,120,177
ntf-08205,fake,712,158,202
ntf-08206,fake,1336,254,396
ntf-08207,fake,1161,244,345
ntf-08208,fake,800,167,231
ntf-08209,fake,268,54,70
ntf-08210,fake,640,129,184
ntf-08211,fake,579,127,163
ntf-08212,fake,945,186,296
ntf-08213,fake,644,130,190
ntf-08214,fake,723,153,208
ntf-08215,fake,882,195,248
ntf-08216,fake,1170,250,356
ntf-08217,fake,985,193,285
ntf-08218,fake,406,82,114
ntf-08219,fake,879,179,249
ntf-08220,fake,779,168,213
ntf-08221,fake,561,126,155
ntf-08222,fake,609,126,152
ntf-08223,fake,679,149,204
ntf-08224,fake,878,195,255
ntf-08225,fake,972,209,278
ntf-08226,fake,706,144,213
ntf-08227,fake,424,90,107
ntf-08228,fake,1108,240,320
ntf-08229,fake,694,141,184
ntf-08230,fake,713,148,225
ntf-08231,fake,721,144,187
ntf-08232,fake,1062,217,286
ntf-08233,fake,1305,284,370
ntf-08234,fake,933,199,274
ntf-08235,fake,699,157,194
ntf-08236,fake,870,174,277
ntf-08237,fake,897,187,231
ntf-08238,fake,687,146,180
ntf-08239,fake,534,109,146
ntf-08240,fake,652,125,205
ntf-08241,fake,230,43,61
ntf-08242,fake,522,111,143
ntf-08243,fake,888,192,242
ntf-08244,fake,460,90,135
ntf-08245,fake,599,121,180
ntf-08246,fake,754,154,222
ntf-08247,fake,676,144,188
ntf-08248,fake,909,195,279
ntf-08249,fake,1006,220,262
ntf-08250,fake,638,135,169
ntf-08251,fake,1416,296,398
ntf-08252,fake,996,219,253
ntf-08253,fake,947,208,262
ntf-08254,fake,1039,222,268
ntf-08255,fake,1016,214,315
ntf-08256,fake,596,132,172
ntf-08257,fake,656,141,197
ntf-08258,fake,717,157,194
ntf-08259,fake,897,176,269
ntf-08260,fake,522,103,142
ntf-08261,fake,620,125,162
ntf-08262,fake,943,203,256
ntf-08263,fake,683,142,205
ntf-08264,fake,950,205,257
ntf-08265,fake,830,177,243
ntf-08266,fake,871,189,232
ntf-08267,fake,960,213,270
ntf-08268,fake,1090,229,324
ntf-08269,fake,593,125,169
ntf-08270,fake,673,138,188
ntf-08271,fake,288,58,79
ntf-08272,fake,974,204,266
ntf-08273,fake,158,31,49
ntf-08274,fake,863,167,217
ntf-08275,fake,793,159,248
ntf-08276,fake,827,191,241
ntf-08277,fake,814,167,228
ntf-08278,fake,954,201,280
ntf-08279,fake,405,80,110
ntf-08280,fake,867,189,225
ntf-08281,fake,774,163,211
ntf-08282,fake,726,155,200
ntf-08283,fake,596,132,145
ntf-08284,fake,905,190,252
ntf-08285,fake,1314,287,367
ntf-08286,fake,642,144,184
ntf-08287,fake,325,68,94
ntf-08288,fake,898,197,267
ntf-08289,fake,912,184,264
ntf-08290,fake,860,172,262
ntf-08291,fake,813,177,247
ntf-08292,fake,692,143,191
ntf-08293,fake,840,130,285
ntf-08294,fake,882,194,233
ntf-08295,fake,596,123,173
ntf-08296,fake,651,132,172
ntf-08297,fake,892,178,252
ntf-08298,fake,724,155,192
ntf-08299,fake,685,147,186
ntf-08300,fake,812,164,261
ntf-08301,fake,479,106,128
ntf-08302,fake,863,181,242
ntf-08303,fake,490,102,139
ntf-08304,fake,608,137,157
ntf-08305,fake,1197,241,342
ntf-08306,fake,1845,391,455
ntf-08307,fake,1098,232,343
ntf-08308,fake,740,158,206
ntf-08309,fake,964,201,283
ntf-08310,fake,869,178,237
ntf-08311,fake,227,44,59
ntf-08312,fake,796,167,223
ntf-08313,fake,930,210,256
ntf-08314,fake,689,144,171
ntf-08315,fake,563,123,151
ntf-08316,fake,923,179,263
ntf-08317,fake,766,156,220
ntf-08318,fake,751,173,206
ntf-08319,fake,752,166,214
ntf-08320,fake,925,208,301
ntf-08321,fake,300,66,86
ntf-08322,fake,296,51,89
ntf-08323,fake,796,163,226
ntf-08324,fake,856,190,230
ntf-08325,fake,686,133,187
ntf-08326,fake,278,62,87
ntf-08327,fake,883,188,250
ntf-08328,fake,664,141,199
ntf-08329,fake,500,105,123
ntf-08330,fake,836,189,209
ntf-08331,fake,1141,244,278
ntf-08332,fake,706,142,196
ntf-08333,fake,823,171,231
ntf-08334,fake,736,159,180
ntf-08335,fake,943,202,266
ntf-08336,fake,905,188,262
ntf-08337,fake,989,209,272
ntf-08338,fake,1043,222,267
ntf-08339,fake,489,92,143
ntf-08340,fake,779,160,211
ntf-08341,fake,698,140,199
ntf-08342,fake,894,193,255
ntf-08343,fake,1020,208,298
ntf-08344,fake,1033,220,311
ntf-08345,fake,898,185,241
ntf-08346,fake,650,149,181
ntf-08347,fake,613,87,216
ntf-08348,fake,947,203,260
ntf-08349,fake,446,86,133
ntf-08350,fake,1650,325,463
ntf-08351,fake,947,195,252
ntf-08352,fake,866,178,250
ntf-08353,fake,1162,249,300
ntf-08354,fake,735,156,190
ntf-08355,fake,653,139,214
ntf-08356,fake,598,128,174
ntf-08357,fake,778,153,244
ntf-08358,fake,941,209,265
ntf-08359,fake,614,128,181
ntf-08360,fake,578,130,161
ntf-08361,fake,459,89,139
ntf-08362,fake,821,176,228
ntf-08363,fake,790,161,232
ntf-08364,fake,976,187,287
ntf-08365,fake,656,130,196
ntf-08366,fake,674,141,197
ntf-08367,fake,499,76,157
ntf-08368,fake,518,117,141
ntf-08369,fake,808,172,224
ntf-08370,fake,561,121,151
ntf-08371,fake,610,126,166
ntf-08372,fake,515,95,141
ntf-08373,fake,892,188,234
ntf-08374,fake,929,196,259
ntf-08375,fake,825,184,220
ntf-08376,fake,250,40,85
ntf-08377,fake,274,48,92
ntf-08378,fake,953,214,246
ntf-08379,fake,766,161,227
ntf-08380,fake,836,185,253
ntf-08381,fake,763,158,230
ntf-08382,fake,598,130,168
ntf-08383,fake,800,178,229
ntf-08384,fake,669,135,196
ntf-08385,fake,795,172,211
ntf-08386,fake,616,132,189
ntf-08387,fake,971,202,283
ntf-08388,fake,790,156,248
ntf-08389,fake,308,63,79
ntf-08390,fake,1101,230,306
ntf-08391,fake,1044,211,299
ntf-08392,fake,1287,279,356
ntf-08393,fake,774,159,209
ntf-08394,fake,709,150,224
ntf-08395,fake,694,139,175
ntf-08396,fake,1116,228,288
ntf-08397,fake,681,139,170
ntf-08398,fake,876,188,241
ntf-08399,fake,798,164,246
ntf-08400,fake,574,120,152
ntf-08401,fake,813,183,235
ntf-08402,fake,716,137,189
ntf-08403,fake,353,80,94
ntf-08404,fake,650,133,205
ntf-08405,fake,784,164,210
ntf-08406,fake,496,109,128
ntf-08407,fake,822,173,244
ntf-08408,fake,955,190,247
ntf-08409,fake,880,192,248
ntf-08410,fake,1351,251,421
ntf-08411,fake,502,107,154
ntf-08412,fake,989,219,262
ntf-08413,fake,699,147,189
ntf-08414,fake,419,89,116
ntf-08415,fake,826,173,234
ntf-08416,fake,844,163,254
ntf-08417,fake,736,169,202
ntf-08418,fake,1413,310,410
ntf-08419,fake,675,154,193
ntf-08420,fake,337,62,104
ntf-08421,fake,762,166,208
ntf-08422,fake,360,74,101
ntf-08423,fake,796,171,199
ntf-08424,fake,584,132,173
ntf-08425,fake,738,154,194
ntf-08426,fake,516,104,159
ntf-08427,fake,1048,224,311
ntf-08428,fake,663,136,183
ntf-08429,fake,440,91,128
ntf-08430,fake,464,90,130
ntf-08431,fake,1598,330,443
ntf-08432,fake,1169,255,326
ntf-08433,fake,1027,222,322
ntf-08434,fake,877,190,255
ntf-08435,fake,1320,296,379
ntf-08436,fake,369,70,107
ntf-08437,fake,478,96,123
ntf-08438,fake,516,118,139
ntf-08439,fake,676,144,190
ntf-08440,fake,352,64,91
ntf-08441,fake,377,74,107
ntf-08442,fake,823,174,213
ntf-08443,fake,380,73,101
ntf-08444,fake,1123,255,312
ntf-08445,fake,924,198,245
ntf-08446,fake,790,174,221
ntf-08447,fake,679,139,166
ntf-08448,fake,830,179,218
ntf-08449,fake,723,152,192
ntf-08450,fake,681,100,221
ntf-08451,fake,923,196,259
ntf-08452,fake,680,146,215
ntf-08453,fake,1701,362,460
ntf-08454,fake,208,41,58
ntf-08455,fake,650,135,165
ntf-08456,fake,973,199,295
ntf-08457,fake,758,159,203
ntf-08458,fake,607,100,191
ntf-08459,fake,1679,369,454
ntf-08460,fake,847,192,220
ntf-08461,fake,569,115,137
ntf-08462,fake,1382,303,404
ntf-08463,fake,201,40,58
ntf-08464,fake,372,76,94
ntf-08465,fake,731,151,197
ntf-08466,fake,740,163,203
ntf-08467,fake,746,164,199
ntf-08468,fake,429,90,113
ntf-08469,fake,698,152,178
ntf-08470,fake,600,125,163
ntf-08471,fake,443,98,113
ntf-08472,fake,604,127,168
ntf-08473,fake,1063,233,316
ntf-08474,fake,751,162,213
ntf-08475,fake,427,94,107
ntf-08476,fake,709,152,218
ntf-08477,fake,699,144,157
ntf-08478,fake,764,155,215
ntf-08479,fake,492,105,138
ntf-08480,fake,783,167,229
ntf-08481,fake,421,88,127
ntf-08482,fake,844,181,234
ntf-08483,fake,967,205,295
ntf-08484,fake,841,177,276
ntf-08485,fake,690,143,182
ntf-08486,fake,971,202,244
ntf-08487,fake,965,205,251
ntf-08488,fake,585,127,165
ntf-08489,fake,708,155,185
ntf-08490,fake,1169,251,322
ntf-08491,fake,753,161,233
ntf-08492,fake,1059,239,310
ntf-08493,fake,826,181,235
ntf-08494,fake,1302,268,343
ntf-08495,fake,835,180,221
ntf-08496,fake,789,165,203
ntf-08497,fake,919,198,233
ntf-08498,fake,703,163,205
ntf-08499,fake,628,138,201
ntf-08500,fake,488,57,172
ntf-08501,fake,832,176,251
ntf-08502,fake,1125,239,360
ntf-08503,fake,373,55,114
ntf-08504,fake,670,147,179
ntf-08505,fake,744,149,216
ntf-08506,fake,1057,222,271
ntf-08507,fake,773,150,211
ntf-08508,fake,586,119,149
ntf-08509,fake,742,159,232
ntf-08510,fake,837,168,269
ntf-08511,fake,1152,238,293
ntf-08512,fake,550,115,143
ntf-08513,fake,1102,233,297
ntf-08514,fake,1115,246,333
ntf-08515,fake,600,118,165
ntf-08516,fake,902,189,263
ntf-08517,fake,766,164,211
ntf-08518,fake,708,151,198
ntf-08519,fake,585,121,176
ntf-08520,fake,701,155,214
ntf-08521,fake,686,151,189
ntf-08522,fake,747,162,206
ntf-08523,fake,732,151,209
ntf-08524,fake,921,210,249
ntf-08525,fake,602,129,159
ntf-08526,fake,615,118,178
ntf-08527,fake,938,203,268
ntf-08528,fake,704,142,200
ntf-08529,fake,584,115,163
ntf-08530,fake,457,99,124
ntf-08531,fake,716,142,195
ntf-08532,fake,607,133,174
ntf-08533,fake,587,121,155
ntf-08534,fake,628,134,182
ntf-08535,fake,609,129,187
ntf-08536,fake,403,81,105
ntf-08537,fake,545,114,173
ntf-08538,fake,933,200,259
ntf-08539,fake,589,121,169
ntf-08540,fake,907,192,264
ntf-08541,fake,635,131,189
ntf-08542,fake,958,207,259
ntf-08543,fake,576,121,159
ntf-08544,fake,875,186,286
ntf-08545,fake,830,184,214
ntf-08546,fake,677,140,181
ntf-08547,fake,1082,237,316
ntf-08548,fake,1064,234,324
ntf-08549,fake,855,184,242
ntf-08550,fake,838,185,229
ntf-08551,fake,1255,269,361
ntf-08552,fake,728,154,228
ntf-08553,fake,518,110,142
ntf-08554,fake,371,77,97
ntf-08555,fake,747,160,201
ntf-08556,fake,1457,319,425
ntf-08557,fake,618,138,173
ntf-08558,fake,720,157,200
ntf-08559,fake,720,135,225
ntf-08560,fake,494,96,140
ntf-08561,fake,903,188,249
ntf-08562,fake,1011,216,255
ntf-08563,fake,726,154,193
ntf-08564,fake,1337,271,404
ntf-08565,fake,818,179,211
ntf-08566,fake,603,127,169
ntf-08567,fake,1065,231,275
ntf-08568,fake,498,105,129
ntf-08569,fake,1466,307,379
ntf-08570,fake,1003,137,330
ntf-08571,fake,524,109,153
ntf-08572,fake,797,162,207
ntf-08573,fake,872,196,233
ntf-08574,fake,563,120,145
ntf-08575,fake,519,116,143
ntf-08576,fake,1126,229,277
ntf-08577,fake,850,184,232
ntf-08578,fake,855,121,274
ntf-08579,fake,1196,253,361
ntf-08580,fake,622,125,197
ntf-08581,fake,775,152,237
ntf-08582,fake,783,161,195
ntf-08583,fake,392,90,104
ntf-08584,fake,706,144,213
ntf-08585,fake,549,106,159
ntf-08586,fake,915,192,252
ntf-08587,fake,905,193,251
ntf-08588,fake,902,196,241
ntf-08589,fake,885,183,273
ntf-08590,fake,527,104,160
ntf-08591,fake,726,158,223
ntf-08592,fake,662,142,203
ntf-08593,fake,517,117,136
ntf-08594,fake,483,103,143
ntf-08595,fake,608,129,174
ntf-08596,fake,871,188,245
ntf-08597,fake,969,205,273
ntf-08598,fake,828,167,240
ntf-08599,fake,1084,226,298
ntf-08600,fake,848,182,233
ntf-08601,fake,842,184,227
ntf-08602,fake,827,171,215
ntf-08603,fake,652,133,210
ntf-08604,fake,651,141,186
ntf-08605,fake,590,123,190
ntf-08606,fake,285,52,83
ntf-08607,fake,893,172,258
ntf-08608,fake,707,154,207
ntf-08609,fake,884,189,239
ntf-08610,fake,732,153,192
ntf-08611,fake,540,122,155
ntf-08612,fake,348,73,91
ntf-08613,fake,547,120,179
ntf-08614,fake,850,179,261
ntf-08615,fake,1032,224,286
ntf-08616,fake,793,159,218
ntf-08617,fake,780,171,221
ntf-08618,fake,527,109,143
ntf-08619,fake,870,177,254
ntf-08620,fake,852,174,250
ntf-08621,fake,1189,257,338
ntf-08622,fake,607,127,155
ntf-08623,fake,635,130,201
ntf-08624,fake,798,165,218
ntf-08625,fake,723,161,217
ntf-08626,fake,626,136,172
ntf-08627,fake,750,163,226
ntf-08628,fake,599,128,188
ntf-08629,fake,1248,269,344
ntf-08630,fake,967,198,290
ntf-08631,fake,581,122,173
ntf-08632,fake,474,94,145
ntf-08633,fake,724,157,209
ntf-08634,fake,437,88,134
ntf-08635,fake,575,122,155
ntf-08636,fake,956,201,240
ntf-08637,fake,680,95,237
ntf-08638,fake,581,119,176
ntf-08639,fake,1001,215,294
ntf-08640,fake,725,152,179
ntf-08641,fake,554,111,160
ntf-08642,fake,476,101,134
ntf-08643,fake,737,155,211
ntf-08644,fake,728,147,230
ntf-08645,fake,698,147,205
ntf-08646,fake,620,131,178
ntf-08647,fake,475,97,121
ntf-08648,fake,1062,234,302
ntf-08649,fake,1117,240,325
ntf-08650,fake,535,108,152
ntf-08651,fake,953,203,248
ntf-08652,fake,693,152,183
ntf-08653,fake,848,189,242
ntf-08654,fake,452,89,134
ntf-08655,fake,229,45,61
ntf-08656,fake,853,175,251
ntf-08657,fake,309,40,112
ntf-08658,fake,591,130,199
ntf-08659,fake,726,153,203
ntf-08660,fake,590,119,180
ntf-08661,fake,722,159,213
ntf-08662,fake,747,161,198
ntf-08663,fake,839,181,232
ntf-08664,fake,900,170,235
ntf-08665,fake,588,128,179
ntf-08666,fake,582,126,173
ntf-08667,fake,357,76,99
ntf-08668,fake,699,157,205
ntf-08669,fake,537,115,155
ntf-08670,fake,498,102,124
ntf-08671,fake,623,123,156
ntf-08672,fake,407,86,110
ntf-08673,fake,564,119,169
ntf-08674,fake,726,159,221
ntf-08675,fake,732,151,210
ntf-08676,fake,811,176,217
ntf-08677,fake,820,170,220
ntf-08678,fake,972,207,265
ntf-08679,fake,380,80,111
ntf-08680,fake,439,88,127
ntf-08681,fake,879,202,261
ntf-08682,fake,460,101,127
ntf-08683,fake,1156,253,289
ntf-08684,fake,750,163,227
ntf-08685,fake,584,122,166
ntf-08686,fake,595,121,184
ntf-08687,fake,471,95,144
ntf-08688,fake,720,155,211
ntf-08689,fake,1025,211,274
ntf-08690,fake,721,149,229
ntf-08691,fake,518,117,138
ntf-08692,fake,539,118,161
ntf-08693,fake,1019,199,294
ntf-08694,fake,623,138,165
ntf-08695,fake,1166,255,362
ntf-08696,fake,647,140,181
ntf-08697,fake,749,159,228
ntf-08698,fake,1257,262,336
ntf-08699,fake,827,174,241
ntf-08700,fake,753,161,233
ntf-08701,fake,1007,208,288
ntf-08702,fake,742,156,205
ntf-08703,fake,604,119,165
ntf-08704,fake,546,103,181
ntf-08705,fake,567,124,159
ntf-08706,fake,1099,229,325
ntf-08707,fake,956,207,278
ntf-08708,fake,876,184,268
ntf-08709,fake,520,105,150
ntf-08710,fake,586,127,178
ntf-08711,fake,615,125,177
ntf-08712,fake,772,160,218
ntf-08713,fake,513,81,161
ntf-08714,fake,934,191,233
ntf-08715,fake,185,38,53
ntf-08716,fake,578,120,155
ntf-08717,fake,665,140,163
ntf-08718,fake,589,123,183
ntf-08719,fake,433,92,123
ntf-08720,fake,844,175,248
ntf-08721,fake,611,129,183
ntf-08722,fake,492,102,153
ntf-08723,fake,883,187,264
ntf-08724,fake,663,143,196
ntf-08725,fake,1188,247,316
ntf-08726,fake,859,177,274
ntf-08727,fake,791,165,258
ntf-08728,fake,418,80,116
ntf-08729,fake,731,156,235
ntf-08730,fake,977,216,300
ntf-08731,fake,600,115,169
ntf-08732,fake,762,156,218
ntf-08733,fake,514,105,152
ntf-08734,fake,1043,218,271
ntf-08735,fake,893,190,227
ntf-08736,fake,672,143,171
ntf-08737,fake,719,150,224
ntf-08738,fake,771,159,216
ntf-08739,fake,860,184,283
ntf-08740,fake,582,112,175
ntf-08741,fake,672,140,203
ntf-08742,fake,1126,229,333
ntf-08743,fake,907,186,297
ntf-08744,fake,1008,211,310
ntf-08745,fake,1041,223,282
ntf-08746,fake,839,158,253
ntf-08747,fake,756,165,199
ntf-08748,fake,771,156,215
ntf-08749,fake,530,105,145
ntf-08750,fake,919,193,278
ntf-08751,fake,743,156,237
ntf-08752,fake,868,177,240
ntf-08753,fake,1038,229,285
ntf-08754,fake,579,123,152
ntf-08755,fake,387,70,114
ntf-08756,fake,783,174,227
ntf-08757,fake,902,196,283
ntf-08758,fake,918,208,257
ntf-08759,fake,822,167,232
ntf-08760,fake,844,176,241
ntf-08761,fake,730,149,221
ntf-08762,fake,642,141,192
ntf-08763,fake,448,84,134
ntf-08764,fake,830,172,254
ntf-08765,fake,912,182,268
ntf-08766,fake,732,151,235
ntf-08767,fake,919,179,275
ntf-08768,fake,812,161,236
ntf-08769,fake,817,167,204
ntf-08770,fake,714,150,223
ntf-08771,fake,893,181,270
ntf-08772,fake,514,111,160
ntf-08773,fake,824,178,199
ntf-08774,fake,917,194,293
ntf-08775,fake,1084,225,305
ntf-08776,fake,710,147,196
ntf-08777,fake,706,142,189
ntf-08778,fake,616,111,178
ntf-08779,fake,362,70,128
ntf-08780,fake,1182,234,323
ntf-08781,fake,675,138,172
ntf-08782,fake,703,159,195
ntf-08783,fake,776,162,234
ntf-08784,fake,718,153,182
ntf-08785,fake,651,139,181
ntf-08786,fake,440,90,126
ntf-08787,fake,700,144,197
ntf-08788,fake,836,176,230
ntf-08789,fake,517,103,150
ntf-08790,fake,564,113,161
ntf-08791,fake,844,176,248
ntf-08792,fake,629,133,200
ntf-08793,fake,657,136,204
ntf-08794,fake,813,166,231
ntf-08795,fake,692,137,184
ntf-08796,fake,836,166,238
ntf-08797,fake,777,164,198
ntf-08798,fake,665,133,205
ntf-08799,fake,803,164,218
ntf-08800,fake,618,137,165
ntf-08801,fake,732,164,206
ntf-08802,fake,508,99,187
ntf-08803,fake,700,150,203
ntf-08804,fake,857,174,254
ntf-08805,fake,768,151,199
ntf-08806,fake,723,151,247
ntf-08807,fake,906,190,232
ntf-08808,fake,793,160,212
ntf-08809,fake,660,143,204
ntf-08810,fake,852,177,235
ntf-08811,fake,586,123,175
ntf-08812,fake,1102,233,295
ntf-08813,fake,1031,230,275
ntf-08814,fake,642,130,200
ntf-08815,fake,923,204,237
ntf-08816,fake,907,191,239
ntf-08817,fake,1127,246,347
ntf-08818,fake,481,84,147
ntf-08819,fake,672,141,179
ntf-08820,fake,853,184,257
ntf-08821,fake,489,93,141
ntf-08822,fake,1366,253,393
ntf-08823,fake,723,153,217
ntf-08824,fake,919,190,256
ntf-08825,fake,1059,228,318
ntf-08826,fake,630,128,200
ntf-08827,fake,675,142,212
ntf-08828,fake,1004,210,276
ntf-08829,fake,1045,210,303
ntf-08830,fake,554,113,126
ntf-08831,fake,673,135,195
ntf-08832,fake,626,118,171
ntf-08833,fake,1082,226,292
ntf-08834,fake,841,180,252
ntf-08835,fake,323,68,115
ntf-08836,fake,719,155,188
ntf-08837,fake,637,127,187
ntf-08838,fake,859,123,279
ntf-08839,fake,484,88,142
ntf-08840,fake,964,204,258
ntf-08841,fake,829,169,257
ntf-08842,fake,775,151,254
ntf-08843,fake,591,127,183
ntf-08844,fake,619,122,165
ntf-08845,fake,681,144,224
ntf-08846,fake,982,204,262
ntf-08847,fake,660,133,203
ntf-08848,fake,678,143,187
ntf-08849,fake,906,191,250
ntf-08850,fake,1097,231,302
ntf-08851,fake,840,163,234
ntf-08852,fake,946,203,278
ntf-08853,fake,637,130,193
ntf-08854,fake,700,144,209
ntf-08855,fake,492,105,153
ntf-08856,fake,820,169,221
ntf-08857,fake,772,154,216
ntf-08858,fake,641,132,189
ntf-08859,fake,832,171,245
ntf-08860,fake,780,176,236
ntf-08861,fake,902,186,241
ntf-08862,fake,883,196,238
ntf-08863,fake,830,187,234
ntf-08864,fake,592,129,184
ntf-08865,fake,722,138,195
ntf-08866,fake,795,181,202
ntf-08867,fake,897,193,253
ntf-08868,fake,606,119,200
ntf-08869,fake,536,114,170
ntf-08870,fake,732,132,211
ntf-08871,fake,873,131,302
ntf-08872,fake,703,150,196
ntf-08873,fake,686,146,184
ntf-08874,fake,559,118,177
ntf-08875,fake,655,137,171
ntf-08876,fake,942,205,263
ntf-08877,fake,1043,196,337
ntf-08878,fake,706,103,226
ntf-08879,fake,1115,232,311
ntf-08880,fake,925,200,288
ntf-08881,fake,689,143,183
ntf-08882,fake,653,142,216
ntf-08883,fake,556,119,160
ntf-08884,fake,1277,278,362
ntf-08885,fake,784,160,234
ntf-08886,fake,338,69,101
ntf-08887,fake,855,178,238
ntf-08888,fake,500,109,139
ntf-08889,fake,664,134,196
ntf-08890,fake,712,144,213
ntf-08891,fake,783,168,196
ntf-08892,fake,643,137,178
ntf-08893,fake,639,136,207
ntf-08894,fake,1030,210,276
ntf-08895,fake,654,129,197
ntf-08896,fake,553,115,190
ntf-08897,fake,632,136,186
ntf-08898,fake,966,203,281
ntf-08899,fake,927,182,303
ntf-08900,fake,270,53,74
ntf-08901,fake,664,130,193
ntf-08902,fake,660,141,196
ntf-08903,fake,434,90,116
ntf-08904,fake,518,104,151
ntf-08905,fake,439,85,109
ntf-08906,fake,674,142,206
ntf-08907,fake,213,44,66
ntf-08908,fake,866,197,224
ntf-08909,fake,1097,223,298
ntf-08910,fake,711,145,201
ntf-08911,fake,1258,252,366
ntf-08912,fake,570,118,146
ntf-08913,fake,703,147,201
ntf-08914,fake,600,126,173
ntf-08915,fake,793,167,232
ntf-08916,fake,769,154,234
ntf-08917,fake,852,186,229
ntf-08918,fake,1279,266,388
ntf-08919,fake,694,145,198
ntf-08920,fake,623,125,182
ntf-08921,fake,794,173,243
ntf-08922,fake,671,135,207
ntf-08923,fake,622,127,184
ntf-08924,fake,691,141,196
ntf-08925,fake,660,142,179
ntf-08926,fake,727,154,211
ntf-08927,fake,1108,241,301
ntf-08928,fake,681,148,174
ntf-08929,fake,207,43,57
ntf-08930,fake,566,128,169
ntf-08931,fake,871,171,248
ntf-08932,fake,790,153,200
ntf-08933,fake,643,135,197
ntf-08934,fake,1256,260,343
ntf-08935,fake,773,160,222
ntf-08936,fake,866,188,244
ntf-08937,fake,800,166,222
ntf-08938,fake,961,211,268
ntf-08939,fake,594,118,181
ntf-08940,fake,879,185,242
ntf-08941,fake,1102,236,301
ntf-08942,fake,562,124,172
ntf-08943,fake,686,148,209
ntf-08944,fake,860,188,260
ntf-08945,fake,543,125,145
ntf-08946,fake,461,95,115
ntf-08947,fake,774,171,212
ntf-08948,fake,559,113,166
ntf-08949,fake,944,210,282
ntf-08950,fake,807,178,248
ntf-08951,fake,717,162,221
ntf-08952,fake,1191,245,354
ntf-08953,fake,966,210,270
ntf-08954,fake,1204,257,334
ntf-08955,fake,453,87,131
ntf-08956,fake,683,146,186
ntf-08957,fake,706,149,190
ntf-08958,fake,783,165,236
ntf-08959,fake,852,180,281
ntf-08960,fake,609,129,198
ntf-08961,fake,631,134,187
ntf-08962,fake,874,177,264
ntf-08963,fake,840,161,227
ntf-08964,fake,878,191,267
ntf-08965,fake,1198,259,344
ntf-08966,fake,691,147,223
ntf-08967,fake,793,173,224
ntf-08968,fake,1116,238,303
ntf-08969,fake,480,94,165
ntf-08970,fake,911,188,274
ntf-08971,fake,959,209,280
ntf-08972,fake,669,148,208
ntf-08973,fake,612,130,165
ntf-08974,fake,777,168,209
ntf-08975,fake,656,132,208
ntf-08976,fake,790,161,260
ntf-08977,fake,1248,251,316
ntf-08978,fake,1195,254,299
ntf-08979,fake,743,152,215
ntf-08980,fake,613,136,173
ntf-08981,fake,1196,267,364
ntf-08982,fake,631,127,170
ntf-08983,fake,533,122,170
ntf-08984,fake,875,183,245
ntf-08985,fake,466,101,143
ntf-08986,fake,1017,218,311
ntf-08987,fake,741,151,203
ntf-08988,fake,607,125,180
ntf-08989,fake,958,205,240
ntf-08990,fake,822,182,212
ntf-08991,fake,898,186,252
ntf-08992,fake,348,73,101
ntf-08993,fake,768,170,203
ntf-08994,fake,1245,264,339
ntf-08995,fake,478,98,136
ntf-08996,fake,424,88,106
ntf-08997,fake,1182,220,380
ntf-08998,fake,611,118,180
ntf-08999,fake,829,177,258
ntf-09000,fake,837,168,265
ntf-09001,fake,630,132,194
ntf-09002,fake,841,186,238
ntf-09003,fake,411,85,135
ntf-09004,fake,723,153,211
ntf-09005,fake,925,197,267
ntf-09006,fake,722,154,217
ntf-09007,fake,989,210,278
ntf-09008,fake,261,58,74
ntf-09009,fake,749,154,222
ntf-09010,fake,1049,234,305
ntf-09011,fake,821,172,212
ntf-09012,fake,873,188,267
ntf-09013,fake,273,62,83
ntf-09014,fake,565,122,168
ntf-09015,fake,1173,226,359
ntf-09016,fake,1202,259,360
ntf-09017,fake,655,134,181
ntf-09018,fake,728,154,203
ntf-09019,fake,653,139,189
ntf-09020,fake,873,183,288
ntf-09021,fake,1036,211,297
ntf-09022,fake,631,137,168
ntf-09023,fake,572,119,171
ntf-09024,fake,1008,214,323
ntf-09025,fake,1063,213,308
ntf-09026,fake,585,127,176
ntf-09027,fake,646,133,182
ntf-09028,fake,1055,239,293
ntf-09029,fake,933,187,307
ntf-09030,fake,750,150,221
ntf-09031,fake,1259,278,361
ntf-09032,fake,408,91,125
ntf-09033,fake,921,189,242
ntf-09034,fake,411,90,110
ntf-09035,fake,282,62,85
ntf-09036,fake,1037,223,332
ntf-09037,fake,712,149,232
ntf-09038,fake,1072,229,307
ntf-09039,fake,880,185,260
ntf-09040,fake,973,206,277
ntf-09041,fake,1130,234,296
ntf-09042,fake,562,123,155
ntf-09043,fake,846,173,280
ntf-09044,fake,757,164,222
ntf-09045,fake,756,160,218
ntf-09046,fake,941,208,262
ntf-09047,fake,722,148,213
ntf-09048,fake,779,171,225
ntf-09049,fake,886,187,261
ntf-09050,fake,751,164,221
ntf-09051,fake,660,144,184
ntf-09052,fake,616,132,181
ntf-09053,fake,667,139,204
ntf-09054,fake,882,187,275
ntf-09055,fake,612,131,185
ntf-09056,fake,782,166,202
ntf-09057,fake,594,133,171
ntf-09058,fake,648,140,195
ntf-09059,fake,363,75,97
ntf-09060,fake,628,139,174
ntf-09061,fake,774,166,240
ntf-09062,fake,723,152,212
ntf-09063,fake,919,206,260
ntf-09064,fake,568,126,169
ntf-09065,fake,531,111,144
ntf-09066,fake,934,205,263
ntf-09067,fake,623,141,186
ntf-09068,fake,605,134,182
ntf-09069,fake,702,150,205
ntf-09070,fake,654,147,181
ntf-09071,fake,842,181,251
ntf-09072,fake,754,154,207
ntf-09073,fake,617,132,194
ntf-09074,fake,849,183,241
ntf-09075,fake,747,166,222
ntf-09076,fake,1236,255,339
ntf-09077,fake,905,189,250
ntf-09078,fake,1620,343,500
ntf-09079,fake,892,186,263
ntf-09080,fake,678,155,197
ntf-09081,fake,661,141,186
ntf-09082,fake,522,111,156
ntf-09083,fake,780,104,268
ntf-09084,fake,949,205,276
ntf-09085,fake,683,149,194
ntf-09086,fake,665,141,208
ntf-09087,fake,661,138,202
ntf-09088,fake,846,185,242
ntf-09089,fake,1014,223,308
ntf-09090,fake,958,206,271
ntf-09091,fake,1031,229,296
ntf-09092,fake,739,160,220
ntf-09093,fake,724,155,178
ntf-09094,fake,511,110,146
ntf-09095,fake,766,166,224
ntf-09096,fake,697,148,183
ntf-09097,fake,528,121,142
ntf-09098,fake,458,94,144
ntf-09099,fake,899,198,244
ntf-09100,fake,923,203,245
ntf-09101,fake,679,153,214
ntf-09102,fake,920,195,240
ntf-09103,fake,582,119,169
ntf-09104,fake,678,132,185
ntf-09105,fake,733,160,213
ntf-09106,fake,680,149,199
ntf-09107,fake,541,118,167
ntf-09108,fake,714,150,186
ntf-09109,fake,673,142,188
ntf-09110,fake,847,176,232
ntf-09111,fake,620,135,189
ntf-09112,fake,810,180,249
ntf-09113,fake,767,162,242
ntf-09114,fake,873,183,230
ntf-09115,fake,615,136,182
ntf-09116,fake,809,172,212
ntf-09117,fake,993,212,301
ntf-09118,fake,941,193,268
ntf-09119,fake,674,139,206
ntf-09120,fake,512,107,177
ntf-09121,fake,692,151,198
ntf-09122,fake,772,156,221
ntf-09123,fake,687,151,203
ntf-09124,fake,508,99,145
ntf-09125,fake,1071,215,308
ntf-09126,fake,628,131,190
ntf-09127,fake,633,137,173
ntf-09128,fake,686,139,200
ntf-09129,fake,737,165,196
ntf-09130,fake,816,172,218
ntf-09131,fake,942,202,252
ntf-09132,fake,789,172,250
ntf-09133,fake,804,174,232
ntf-09134,fake,1043,230,308
ntf-09135,fake,694,143,189
ntf-09136,fake,665,136,190
ntf-09137,fake,569,119,166
ntf-09138,fake,1110,231,328
ntf-09139,fake,671,152,202
ntf-09140,fake,755,160,194
ntf-09141,fake,380,80,106
ntf-09142,fake,903,183,264
ntf-09143,fake,854,185,229
ntf-09144,fake,599,127,154
ntf-09145,fake,586,124,190
ntf-09146,fake,678,141,220
ntf-09147,fake,561,115,185
ntf-09148,fake,1017,206,309
ntf-09149,fake,894,190,276
ntf-09150,fake,863,177,268
ntf-09151,fake,822,169,263
ntf-09152,fake,829,170,224
ntf-09153,fake,611,124,186
ntf-09154,fake,764,169,218
ntf-09155,fake,878,183,229
ntf-09156,fake,807,139,240
ntf-09157,fake,748,155,219
ntf-09158,fake,553,118,153
ntf-09159,fake,620,136,171
ntf-09160,fake,602,124,203
ntf-09161,fake,1213,261,344
ntf-09162,fake,955,200,284
ntf-09163,fake,809,169,249
ntf-09164,fake,1022,219,303
ntf-09165,fake,683,148,174
ntf-09166,fake,1098,231,308
ntf-09167,fake,784,169,218
ntf-09168,fake,659,133,224
ntf-09169,fake,469,104,125
ntf-09170,fake,648,136,179
ntf-09171,fake,529,113,143
ntf-09172,fake,1004,232,292
ntf-09173,fake,593,117,166
ntf-09174,fake,518,111,141
ntf-09175,fake,854,186,285
ntf-09176,fake,1198,247,333
ntf-09177,fake,943,213,248
ntf-09178,fake,518,107,166
ntf-09179,fake,1322,281,358
ntf-09180,fake,567,119,158
ntf-09181,fake,789,155,210
ntf-09182,fake,1268,275,377
ntf-09183,fake,778,166,241
ntf-09184,fake,432,91,120
ntf-09185,fake,220,49,63
ntf-09186,fake,677,135,195
ntf-09187,fake,571,130,155
ntf-09188,fake,338,74,108
ntf-09189,fake,927,190,304
ntf-09190,fake,346,72,96
ntf-09191,fake,607,123,164
ntf-09192,fake,543,110,164
ntf-09193,fake,842,181,238
ntf-09194,fake,770,168,217
ntf-09195,fake,1095,226,331
ntf-09196,fake,582,121,149
ntf-09197,fake,1137,242,352
ntf-09198,fake,418,89,120
ntf-09199,fake,1262,280,337
ntf-09200,fake,786,168,228
ntf-09201,fake,390,80,112
ntf-09202,fake,947,201,251
ntf-09203,fake,791,160,205
ntf-09204,fake,569,118,167
ntf-09205,fake,729,154,199
ntf-09206,fake,934,169,293
ntf-09207,fake,764,192,246
ntf-09208,fake,893,199,258
ntf-09209,fake,844,177,271
ntf-09210,fake,558,115,180
ntf-09211,fake,494,101,137
ntf-09212,fake,1077,176,340
ntf-09213,fake,447,91,133
ntf-09214,fake,928,200,263
ntf-09215,fake,720,151,230
ntf-09216,fake,979,205,292
ntf-09217,fake,978,220,266
ntf-09218,fake,565,118,176
ntf-09219,fake,850,174,250
ntf-09220,fake,328,65,98
ntf-09221,fake,743,158,238
ntf-09222,fake,958,195,312
ntf-09223,fake,1117,235,299
ntf-09224,fake,424,87,116
ntf-09225,fake,386,83,102
ntf-09226,fake,1021,217,340
ntf-09227,fake,565,119,163
ntf-09228,fake,335,69,93
ntf-09229,fake,1036,212,274
ntf-09230,fake,185,38,55
ntf-09231,fake,245,46,73
ntf-09232,fake,931,197,293
ntf-09233,fake,616,128,183
ntf-09234,fake,399,82,117
ntf-09235,fake,997,206,293
ntf-09236,fake,337,71,98
ntf-09237,fake,615,120,183
ntf-09238,fake,588,122,180
ntf-09239,fake,733,152,196
ntf-09240,fake,888,191,237
ntf-09241,fake,738,161,204
ntf-09242,fake,710,153,192
ntf-09243,fake,1196,254,364
ntf-09244,fake,477,99,159
ntf-09245,fake,247,50,82
ntf-09246,fake,664,134,192
ntf-09247,fake,603,132,164
ntf-09248,fake,709,147,221
ntf-09249,fake,601,127,177
ntf-09250,fake,566,119,191
ntf-09251,fake,681,132,206
ntf-09252,fake,619,133,187
ntf-09253,fake,879,178,236
ntf-09254,fake,722,150,206
ntf-09255,fake,640,124,187
ntf-09256,fake,625,115,185
ntf-09257,fake,649,129,182
ntf-09258,fake,1135,234,343
ntf-09259,fake,460,99,135
ntf-09260,fake,679,144,223
ntf-09261,fake,799,163,247
ntf-09262,fake,714,152,220
ntf-09263,fake,685,150,189
ntf-09264,fake,793,176,276
ntf-09265,fake,526,115,157
ntf-09266,fake,338,68,95
ntf-09267,fake,534,115,163
ntf-09268,fake,516,106,164
ntf-09269,fake,675,145,207
ntf-09270,fake,777,163,214
ntf-09271,fake,694,147,209
ntf-09272,fake,593,129,155
ntf-09273,fake,731,154,231
ntf-09274,fake,829,173,271
ntf-09275,fake,484,95,132
ntf-09276,fake,887,176,248
ntf-09277,fake,873,176,247
ntf-09278,fake,670,143,201
ntf-09279,fake,771,156,227
ntf-09280,fake,900,191,246
ntf-09281,fake,566,119,170
ntf-09282,fake,706,141,227
ntf-09283,fake,637,136,188
ntf-09284,fake,685,139,215
ntf-09285,fake,948,198,248
ntf-09286,fake,538,109,141
ntf-09287,fake,595,124,141
ntf-09288,fake,682,141,217
ntf-09289,fake,568,118,183
ntf-09290,fake,709,141,211
ntf-09291,fake,520,106,161
ntf-09292,fake,619,121,201
ntf-09293,fake,760,155,202
ntf-09294,fake,1325,293,330
ntf-09295,fake,341,67,104
ntf-09296,fake,658,142,204
ntf-09297,fake,1021,210,302
ntf-09298,fake,344,71,83
ntf-09299,fake,519,105,140
ntf-09300,fake,423,88,104
ntf-09301,fake,607,129,176
ntf-09302,fake,1010,209,291
ntf-09303,fake,751,144,217
ntf-09304,fake,996,197,286
ntf-09305,fake,594,128,156
ntf-09306,fake,842,182,209
ntf-09307,fake,590,122,168
ntf-09308,fake,864,172,235
ntf-09309,fake,492,101,150
ntf-09310,fake,614,129,184
ntf-09311,fake,523,106,162
ntf-09312,fake,785,170,210
ntf-09313,fake,392,82,103
ntf-09314,fake,625,131,164
ntf-09315,fake,930,199,274
ntf-09316,fake,650,137,191
ntf-09317,fake,554,118,162
ntf-09318,fake,446,83,132
ntf-09319,fake,599,111,180
ntf-09320,fake,603,130,165
ntf-09321,fake,693,152,206
ntf-09322,fake,546,117,181
ntf-09323,fake,812,155,263
ntf-09324,fake,1201,247,355
ntf-09325,fake,627,137,178
ntf-09326,fake,620,132,197
ntf-09327,fake,887,192,285
ntf-09328,fake,479,95,125
ntf-09329,fake,685,151,189
ntf-09330,fake,489,100,134
ntf-09331,fake,540,115,145
ntf-09332,fake,755,164,211
ntf-09333,fake,597,131,175
ntf-09334,fake,596,127,154
ntf-09335,fake,651,139,197
ntf-09336,fake,641,129,170
ntf-09337,fake,623,137,182
ntf-09338,fake,649,137,202
ntf-09339,fake,426,88,130
ntf-09340,fake,546,115,153
ntf-09341,fake,635,138,194
ntf-09342,fake,596,131,193
ntf-09343,fake,839,174,247
ntf-09344,fake,612,119,180
ntf-09345,fake,606,124,180
ntf-09346,fake,214,43,61
ntf-09347,fake,488,106,146
ntf-09348,fake,454,94,131
ntf-09349,fake,912,187,255
ntf-09350,fake,715,147,200
ntf-09351,fake,851,176,237
ntf-09352,fake,1022,215,273
ntf-09353,fake,798,167,216
ntf-09354,fake,583,118,173
ntf-09355,fake,638,139,171
ntf-09356,fake,866,182,245
ntf-09357,fake,757,154,216
ntf-09358,fake,772,161,214
ntf-09359,fake,691,137,187
ntf-09360,fake,1161,236,343
ntf-09361,fake,704,160,203
ntf-09362,fake,880,183,240
ntf-09363,fake,511,94,145
ntf-09364,fake,693,144,195
ntf-09365,fake,538,116,145
ntf-09366,fake,591,130,153
ntf-09367,fake,505,105,165
ntf-09368,fake,628,133,199
ntf-09369,fake,761,158,229
ntf-09370,fake,721,155,230
ntf-09371,fake,843,181,232
ntf-09372,fake,783,166,213
ntf-09373,fake,569,111,175
ntf-09374,fake,658,144,189
ntf-09375,fake,947,192,279
ntf-09376,fake,668,142,211
ntf-09377,fake,633,131,180
ntf-09378,fake,786,172,226
ntf-09379,fake,719,140,225
ntf-09380,fake,740,152,202
ntf-09381,fake,620,122,163
ntf-09382,fake,716,157,198
ntf-09383,fake,499,99,137
ntf-09384,fake,923,190,258
ntf-09385,fake,623,126,207
ntf-09386,fake,670,140,217
ntf-09387,fake,840,181,243
ntf-09388,fake,614,126,170
ntf-09389,fake,786,159,219
ntf-09390,fake,590,122,189
ntf-09391,fake,854,178,263
ntf-09392,fake,712,157,211
ntf-09393,fake,567,115,152
ntf-09394,fake,681,149,209
ntf-09395,fake,419,94,122
ntf-09396,fake,646,128,207
ntf-09397,fake,595,137,171
ntf-09398,fake,497,111,141
ntf-09399,fake,668,139,200
ntf-09400,fake,385,87,107
ntf-09401,fake,482,103,133
ntf-09402,fake,519,108,156
ntf-09403,fake,511,108,160
ntf-09404,fake,681,141,194
ntf-09405,fake,882,186,259
ntf-09406,fake,608,135,179
ntf-09407,fake,770,161,238
ntf-09408,fake,883,189,292
ntf-09409,fake,1020,226,291
ntf-09410,fake,514,106,137
ntf-09411,fake,1216,260,369
ntf-09412,fake,723,147,225
ntf-09413,fake,521,111,179
ntf-09414,fake,575,118,189
ntf-09415,fake,1020,214,288
ntf-09416,fake,850,162,232
ntf-09417,fake,617,139,182
ntf-09418,fake,1153,242,333
ntf-09419,fake,767,169,203
ntf-09420,fake,798,173,226
ntf-09421,fake,1154,241,340
ntf-09422,fake,683,140,215
ntf-09423,fake,702,146,212
ntf-09424,fake,493,107,132
ntf-09425,fake,597,117,177
ntf-09426,fake,412,83,120
ntf-09427,fake,677,134,201
ntf-09428,fake,492,105,142
ntf-09429,fake,818,172,217
ntf-09430,fake,627,135,187
ntf-09431,fake,213,42,73
ntf-09432,fake,1034,227,293
ntf-09433,fake,1177,271,330
ntf-09434,fake,571,121,148
ntf-09435,fake,447,97,135
ntf-09436,fake,754,165,233
ntf-09437,fake,723,151,230
ntf-09438,fake,745,153,235
ntf-09439,fake,700,147,194
ntf-09440,fake,1376,297,378
ntf-09441,fake,659,142,194
ntf-09442,fake,636,130,203
ntf-09443,fake,496,103,151
ntf-09444,fake,570,127,165
ntf-09445,fake,638,129,198
ntf-09446,fake,496,95,156
ntf-09447,fake,1149,234,295
ntf-09448,fake,623,128,193
ntf-09449,fake,674,148,205
ntf-09450,fake,567,120,165
ntf-09451,fake,828,185,230
ntf-09452,fake,563,120,173
ntf-09453,fake,736,147,209
ntf-09454,fake,918,203,244
ntf-09455,fake,700,140,206
ntf-09456,fake,781,165,237
ntf-09457,fake,926,200,266
ntf-09458,fake,1195,259,346
ntf-09459,fake,425,87,119
ntf-09460,fake,538,106,161
ntf-09461,fake,508,98,144
ntf-09462,fake,690,142,229
ntf-09463,fake,896,190,266
ntf-09464,fake,708,155,204
ntf-09465,fake,500,108,145
ntf-09466,fake,546,87,170
ntf-09467,fake,848,186,261
ntf-09468,fake,950,194,256
ntf-09469,fake,779,162,237
ntf-09470,fake,485,98,135
ntf-09471,fake,449,94,118
ntf-09472,fake,579,101,202
ntf-09473,fake,233,50,78
ntf-09474,fake,720,151,197
ntf-09475,fake,835,174,215
ntf-09476,fake,1159,242,313
ntf-09477,fake,1433,306,403
ntf-09478,fake,791,159,237
ntf-09479,fake,574,112,167
ntf-09480,fake,883,189,242
ntf-09481,fake,738,153,206
ntf-09482,fake,825,183,227
ntf-09483,fake,880,190,248
ntf-09484,fake,1406,316,411
ntf-09485,fake,986,216,273
ntf-09486,fake,884,160,285
ntf-09487,fake,1099,233,305
ntf-09488,fake,668,126,204
ntf-09489,fake,983,202,296
ntf-09490,fake,999,210,263
ntf-09491,fake,1189,243,380
ntf-09492,fake,618,102,190
ntf-09493,fake,1523,312,451
ntf-09494,fake,711,145,205
ntf-09495,fake,609,128,182
ntf-09496,fake,584,112,162
ntf-09497,fake,1094,215,345
ntf-09498,fake,1018,198,302
ntf-09499,fake,890,194,264
ntf-09500,fake,763,145,203
ntf-09501,fake,533,112,161
ntf-09502,fake,923,196,252
ntf-09503,fake,1112,228,366
ntf-09504,fake,696,153,198
ntf-09505,fake,570,101,195
ntf-09506,fake,154,34,45
ntf-09507,fake,588,117,181
ntf-09508,fake,545,109,158
ntf-09509,fake,677,152,202
ntf-09510,fake,796,163,220
ntf-09511,fake,358,72,95
ntf-09512,fake,617,128,177
ntf-09513,fake,703,147,219
ntf-09514,fake,681,145,198
ntf-09515,fake,982,211,288
ntf-09516,fake,1024,216,319
ntf-09517,fake,691,146,215
ntf-09518,fake,781,148,245
ntf-09519,fake,619,143,195
ntf-09520,fake,939,195,284
ntf-09521,fake,704,136,241
ntf-09522,fake,624,131,195
ntf-09523,fake,701,123,223
ntf-09524,fake,664,110,208
ntf-09525,fake,935,207,260
ntf-09526,fake,1198,256,357
ntf-09527,fake,850,181,247
ntf-09528,fake,1123,237,334
ntf-09529,fake,841,171,244
ntf-09530,fake,841,188,235
ntf-09531,fake,419,90,127
ntf-09532,fake,385,80,115
ntf-09533,fake,531,114,144
ntf-09534,fake,1209,237,363
ntf-09535,fake,1014,212,313
ntf-09536,fake,648,115,206
ntf-09537,fake,532,107,155
ntf-09538,fake,649,147,171
ntf-09539,fake,577,126,167
ntf-09540,fake,600,120,168
ntf-09541,fake,621,129,170
ntf-09542,fake,698,144,223
ntf-09543,fake,596,97,195
ntf-09544,fake,694,109,243
ntf-09545,fake,819,169,255
ntf-09546,fake,591,121,160
ntf-09547,fake,643,138,176
ntf-09548,fake,914,193,284
ntf-09549,fake,342,68,105
ntf-09550,fake,480,93,152
ntf-09551,fake,631,141,183
ntf-09552,fake,960,206,268
ntf-09553,fake,625,143,175
ntf-09554,fake,1133,241,332
ntf-09555,fake,504,107,154
ntf-09556,fake,731,152,236
ntf-09557,fake,623,128,184
ntf-09558,fake,1267,266,349
ntf-09559,fake,868,188,266
ntf-09560,fake,594,116,175
ntf-09561,fake,846,181,251
ntf-09562,fake,765,159,236
ntf-09563,fake,1233,261,348
ntf-09564,fake,874,188,237
ntf-09565,fake,749,121,260
ntf-09566,fake,683,144,200
ntf-09567,fake,856,181,217
ntf-09568,fake,815,176,203
ntf-09569,fake,689,140,188
ntf-09570,fake,707,153,219
ntf-09571,fake,732,160,202
ntf-09572,fake,688,150,201
ntf-09573,fake,1531,344,436
ntf-09574,fake,988,213,305
ntf-09575,fake,784,158,261
ntf-09576,fake,443,90,126
ntf-09577,real,851,169,226
ntf-09578,real,788,167,211
ntf-09579,real,872,179,243
ntf-09580,real,743,149,206
ntf-09581,real,693,134,200
ntf-09582,real,187,42,48
ntf-09583,real,776,160,223
ntf-09584,real,483,104,144
ntf-09585,real,428,79,106
ntf-09586,real,677,139,188
ntf-09587,real,760,165,226
ntf-09588,real,601,131,182
ntf-09589,real,782,164,242
ntf-09590,real,830,165,229
ntf-09591,real,704,143,192
ntf-09592,real,733,158,214
ntf-09593,real,278,58,86
ntf-09594,real,1276,275,369
ntf-09595,real,632,127,189
ntf-09596,real,738,156,218
ntf-09597,real,538,100,167
ntf-09598,real,788,142,225
ntf-09599,real,1040,223,295
ntf-09600,real,972,207,278
ntf-09601,real,492,104,150
ntf-09602,real,1023,203,291
ntf-09603,real,821,172,219
ntf-09604,real,977,208,285
ntf-09605,real,929,207,271
ntf-09606,real,808,166,221
ntf-09607,real,311,68,86
ntf-09608,real,561,127,157
ntf-09609,real,381,84,115
ntf-09610,real,717,144,197
ntf-09611,real,704,142,187
ntf-09612,real,593,132,162
ntf-09613,real,820,159,228
ntf-09614,real,309,63,89
ntf-09615,real,801,166,246
ntf-09616,real,840,180,247
ntf-09617,real,996,213,285
ntf-09618,real,749,151,211
ntf-09619,real,673,144,186
ntf-09620,real,1168,252,331
ntf-09621,real,610,124,175
ntf-09622,real,775,176,242
ntf-09623,real,967,200,265
ntf-09624,real,914,195,264
ntf-09625,real,529,113,154
ntf-09626,real,388,88,107
ntf-09627,real,762,146,222
ntf-09628,real,1015,215,290
ntf-09629,real,575,116,153
ntf-09630,real,790,161,227
ntf-09631,real,546,114,158
ntf-09632,real,504,99,154
ntf-09633,real,371,77,105
ntf-09634,real,397,81,101
ntf-09635,real,1438,309,413
ntf-09636,real,1127,225,318
ntf-09637,real,412,88,118
ntf-09638,real,546,108,169
ntf-09639,real,561,116,154
ntf-09640,real,356,75,102
ntf-09641,real,727,154,213
ntf-09642,real,685,147,205
ntf-09643,real,578,121,142
ntf-09644,real,808,165,220
ntf-09645,real,777,161,214
ntf-09646,real,1198,255,316
ntf-09647,real,842,179,223
ntf-09648,real,1008,212,292
ntf-09649,real,588,125,168
ntf-09650,real,360,75,98
ntf-09651,real,1052,217,277
ntf-09652,real,673,139,181
ntf-09653,real,1085,230,300
ntf-09654,real,805,168,230
ntf-09655,real,549,115,159
ntf-09656,real,1221,248,391
ntf-09657,real,349,75,95
ntf-09658,real,506,103,133
ntf-09659,real,777,159,224
ntf-09660,real,899,189,246
ntf-09661,real,187,39,59
ntf-09662,real,894,180,268
ntf-09663,real,1114,241,307
ntf-09664,real,820,163,232
ntf-09665,real,862,184,245
ntf-09666,real,871,178,232
ntf-09667,real,1002,208,291
ntf-09668,real,1074,216,311
ntf-09669,real,991,201,310
ntf-09670,real,678,143,216
ntf-09671,real,893,185,271
ntf-09672,real,897,190,275
ntf-09673,real,805,156,252
ntf-09674,real,647,122,189
ntf-09675,real,833,174,218
ntf-09676,real,564,116,157
ntf-09677,real,678,146,208
ntf-09678,real,454,104,125
ntf-09679,real,750,153,198
ntf-09680,real,939,199,283
ntf-09681,real,872,178,250
ntf-09682,real,1241,267,336
ntf-09683,real,986,201,250
ntf-09684,real,712,148,184
ntf-09685,real,313,63,93
ntf-09686,real,888,187,242
ntf-09687,real,716,134,220
ntf-09688,real,508,108,150
ntf-09689,real,570,111,154
ntf-09690,real,731,160,205
ntf-09691,real,792,151,207
ntf-09692,real,692,154,211
ntf-09693,real,234,49,73
ntf-09694,real,923,186,267
ntf-09695,real,786,168,215
ntf-09696,real,691,146,203
ntf-09697,real,816,186,251
ntf-09698,real,683,139,205
ntf-09699,real,943,189,282
ntf-09700,real,846,168,261
ntf-09701,real,740,162,218
ntf-09702,real,399,80,122
ntf-09703,real,1001,211,275
ntf-09704,real,250,51,79
ntf-09705,real,716,153,206
ntf-09706,real,645,143,177
ntf-09707,real,571,116,174
ntf-09708,real,218,50,76
ntf-09709,real,721,146,224
ntf-09710,real,991,197,283
ntf-09711,real,981,194,280
ntf-09712,real,506,112,137
ntf-09713,real,542,113,155
ntf-09714,real,1016,203,285
ntf-09715,real,802,168,231
ntf-09716,real,658,132,186
ntf-09717,real,984,188,284
ntf-09718,real,750,162,196
ntf-09719,real,224,48,62
ntf-09720,real,242,51,71
ntf-09721,real,334,71,98
ntf-09722,real,723,153,196
ntf-09723,real,666,139,195
ntf-09724,real,606,128,179
ntf-09725,real,354,80,97
ntf-09726,real,1416,289,379
ntf-09727,real,1091,223,287
ntf-09728,real,826,174,247
ntf-09729,real,1020,214,286
ntf-09730,real,1091,228,314
ntf-09731,real,876,175,250
ntf-09732,real,922,200,262
ntf-09733,real,1011,217,271
ntf-09734,real,511,112,152
ntf-09735,real,332,69,97
ntf-09736,real,1045,228,304
ntf-09737,real,1184,247,343
ntf-09738,real,720,153,221
ntf-09739,real,1004,213,298
ntf-09740,real,788,163,210
ntf-09741,real,895,187,257
ntf-09742,real,275,60,81
ntf-09743,real,466,94,132
ntf-09744,real,912,192,266
ntf-09745,real,904,196,261
ntf-09746,real,925,187,249
ntf-09747,real,582,122,160
ntf-09748,real,526,114,151
ntf-09749,real,589,113,185
ntf-09750,real,503,99,153
ntf-09751,real,992,210,264
ntf-09752,real,369,80,114
ntf-09753,real,848,173,227
ntf-09754,real,481,106,147
ntf-09755,real,545,120,151
ntf-09756,real,199,46,61
ntf-09757,real,486,96,126
ntf-09758,real,289,57,89
ntf-09759,real,745,157,202
ntf-09760,real,784,156,217
ntf-09761,real,460,99,133
ntf-09762,real,665,144,188
ntf-09763,real,798,164,227
ntf-09764,real,590,121,181
ntf-09765,real,526,108,155
ntf-09766,real,485,106,117
ntf-09767,real,659,139,186
ntf-09768,real,559,116,171
ntf-09769,real,720,155,189
ntf-09770,real,690,144,203
ntf-09771,real,269,56,76
ntf-09772,real,425,95,128
ntf-09773,real,954,195,264
ntf-09774,real,475,98,125
ntf-09775,real,531,111,161
ntf-09776,real,296,64,84
ntf-09777,real,477,104,132
ntf-09778,real,226,44,67
ntf-09779,real,754,163,217
ntf-09780,real,942,200,277
ntf-09781,real,719,138,195
ntf-09782,real,878,188,274
ntf-09783,real,610,131,177
ntf-09784,real,873,177,238
ntf-09785,real,898,192,232
ntf-09786,real,602,125,182
ntf-09787,real,307,65,88
ntf-09788,real,410,93,118
ntf-09789,real,703,149,198
ntf-09790,real,727,138,218
ntf-09791,real,713,147,205
ntf-09792,real,438,88,107
ntf-09793,real,822,165,236
ntf-09794,real,727,151,219
ntf-09795,real,731,141,209
ntf-09796,real,767,164,255
ntf-09797,real,760,172,230
ntf-09798,real,698,145,223
ntf-09799,real,231,48,76
ntf-09800,real,782,151,220
ntf-09801,real,931,180,276
ntf-09802,real,608,126,182
ntf-09803,real,547,117,154
ntf-09804,real,847,175,242
ntf-09805,real,537,112,171
ntf-09806,real,260,56,81
ntf-09807,real,594,131,169
ntf-09808,real,953,194,287
ntf-09809,real,784,153,214
ntf-09810,real,550,119,157
ntf-09811,real,809,178,237
ntf-09812,real,815,173,243
ntf-09813,real,402,81,111
ntf-09814,real,390,78,119
ntf-09815,real,358,77,109
ntf-09816,real,472,102,130
ntf-09817,real,663,149,206
ntf-09818,real,657,145,190
ntf-09819,real,965,206,276
ntf-09820,real,733,155,212
ntf-09821,real,827,172,215
ntf-09822,real,1344,298,347
ntf-09823,real,507,106,149
ntf-09824,real,636,148,180
ntf-09825,real,577,118,160
ntf-09826,real,503,108,137
ntf-09827,real,611,131,179
ntf-09828,real,750,155,201
ntf-09829,real,382,84,115
ntf-09830,real,513,106,142
ntf-09831,real,520,98,141
ntf-09832,real,846,174,239
ntf-09833,real,311,67,98
ntf-09834,real,807,166,252
ntf-09835,real,626,135,189
ntf-09836,real,766,163,225
ntf-09837,real,492,101,143
ntf-09838,real,471,103,137
ntf-09839,real,489,104,134
ntf-09840,real,656,134,199
ntf-09841,real,686,144,184
ntf-09842,real,1068,202,277
ntf-09843,real,765,170,222
ntf-09844,real,541,114,147
ntf-09845,real,996,221,263
ntf-09846,real,901,192,268
ntf-09847,real,743,157,217
ntf-09848,real,621,131,177
ntf-09849,real,517,110,150
ntf-09850,real,433,90,121
ntf-09851,real,851,185,242
ntf-09852,real,1180,225,343
ntf-09853,real,1271,267,349
ntf-09854,real,796,151,219
ntf-09855,real,705,155,200
ntf-09856,real,855,182,227
ntf-09857,real,1200,259,330
ntf-09858,real,1078,188,335
ntf-09859,real,966,197,249
ntf-09860,real,942,182,251
ntf-09861,real,815,153,245
ntf-09862,real,751,158,226
ntf-09863,real,658,143,186
ntf-09864,real,956,190,269
ntf-09865,real,891,191,222
ntf-09866,real,925,197,220
ntf-09867,real,469,93,143
ntf-09868,real,511,109,152
ntf-09869,real,298,62,88
ntf-09870,real,1023,220,308
ntf-09871,real,597,124,190
ntf-09872,real,740,144,218
ntf-09873,real,745,142,221
ntf-09874,real,1204,255,339
ntf-09875,real,823,175,225
ntf-09876,real,962,209,270
ntf-09877,real,460,97,147
ntf-09878,real,758,165,220
ntf-09879,real,511,92,171
ntf-09880,real,868,176,221
ntf-09881,real,722,158,209
ntf-09882,real,720,152,226
ntf-09883,real,617,134,197
ntf-09884,real,626,142,186
ntf-09885,real,819,177,251
ntf-09886,real,543,113,161
ntf-09887,real,783,164,234
ntf-09888,real,624,139,188
ntf-09889,real,833,173,219
ntf-09890,real,1087,236,331
ntf-09891,real,691,146,215
ntf-09892,real,823,181,239
ntf-09893,real,967,208,316
ntf-09894,real,1324,277,326
ntf-09895,real,665,141,207
ntf-09896,real,595,127,162
ntf-09897,real,612,125,194
ntf-09898,real,652,135,196
ntf-09899,real,856,171,263
ntf-09900,real,1154,248,328
ntf-09901,real,1047,226,317
ntf-09902,real,582,114,181
ntf-09903,real,1025,225,285
ntf-09904,real,666,145,180
ntf-09905,real,974,215,285
ntf-09906,real,685,136,204
ntf-09907,real,1050,231,302
ntf-09908,real,867,188,241
ntf-09909,real,610,132,191
ntf-09910,real,810,178,231
ntf-09911,real,538,115,173
ntf-09912,real,894,191,242
ntf-09913,real,448,87,132
ntf-09914,real,767,164,227
ntf-09915,real,1149,244,339
ntf-09916,real,406,74,137
ntf-09917,real,488,94,146
ntf-09918,real,822,177,248
ntf-09919,real,664,145,190
ntf-09920,real,546,116,144
ntf-09921,real,726,145,224
ntf-09922,real,1088,227,335
ntf-09923,real,927,197,281
ntf-09924,real,640,141,183
ntf-09925,real,620,131,198
ntf-09926,real,823,184,239
ntf-09927,real,635,133,182
ntf-09928,real,711,149,194
ntf-09929,real,872,181,244
ntf-09930,real,724,144,214
ntf-09931,real,589,122,161
ntf-09932,real,663,139,205
ntf-09933,real,347,69,81
ntf-09934,real,319,69,94
ntf-09935,real,361,81,103
ntf-09936,real,582,128,161
ntf-09937,real,324,71,95
ntf-09938,real,306,67,90
ntf-09939,real,351,80,102
ntf-09940,real,374,80,121
ntf-09941,real,330,65,94
ntf-09942,real,504,108,152
ntf-09943,real,684,145,196
ntf-09944,real,496,104,138
ntf-09945,real,301,64,84
ntf-09946,real,534,100,141
ntf-09947,real,764,160,210
ntf-09948,real,839,174,215
ntf-09949,real,1104,238,329
ntf-09950,real,1192,250,349
ntf-09951,real,704,149,196
ntf-09952,real,757,158,208
ntf-09953,real,755,166,213
ntf-09954,real,993,220,261
ntf-09955,real,845,176,222
ntf-09956,real,645,135,197
ntf-09957,real,483,105,133
ntf-09958,real,777,171,210
ntf-09959,real,1159,244,338
ntf-09960,real,570,129,169
ntf-09961,real,788,166,208
ntf-09962,real,881,194,250
ntf-09963,real,698,149,197
ntf-09964,real,711,156,203
ntf-09965,real,716,145,172
ntf-09966,real,924,207,268
ntf-09967,real,467,102,124
ntf-09968,real,666,131,176
ntf-09969,real,681,154,189
ntf-09970,real,883,189,238
ntf-09971,real,880,183,238
ntf-09972,real,728,157,217
ntf-09973,real,846,181,225
ntf-09974,real,719,166,210
ntf-09975,real,850,183,234
ntf-09976,real,1054,216,285
ntf-09977,real,595,124,180
ntf-09978,real,590,124,174
ntf-09979,real,624,135,179
ntf-09980,real,926,201,247
ntf-09981,real,826,176,228
ntf-09982,real,589,121,168
ntf-09983,real,624,136,178
ntf-09984,real,404,86,109
ntf-09985,real,663,144,200
ntf-09986,real,705,148,208
ntf-09987,real,547,116,154
ntf-09988,real,602,131,166
ntf-09989,real,646,144,168
ntf-09990,real,919,194,240
ntf-09991,real,512,101,137
ntf-09992,real,541,120,148
ntf-09993,real,872,204,261
ntf-09994,real,1308,278,351
ntf-09995,real,590,121,171
ntf-09996,real,498,102,146
ntf-09997,real,538,114,147
ntf-09998,real,737,150,196
ntf-09999,real,688,146,187
ntf-10000,real,663,140,198
ntf-10001,real,764,159,213
ntf-10002,real,717,145,211
ntf-10003,real,435,97,118
ntf-10004,real,1311,263,343
ntf-10005,real,765,170,207
ntf-10006,real,789,178,208
ntf-10007,real,1405,307,389
ntf-10008,real,1190,258,351
ntf-10009,real,319,70,91
ntf-10010,real,906,183,245
ntf-10011,real,778,161,235
ntf-10012,real,1270,266,359
ntf-10013,real,823,178,247
ntf-10014,real,454,93,137
ntf-10015,real,604,139,166
ntf-10016,real,429,94,118
ntf-10017,real,810,180,219
ntf-10018,real,472,102,138
ntf-10019,real,979,199,280
ntf-10020,real,674,135,193
ntf-10021,real,671,131,165
ntf-10022,real,581,111,172
ntf-10023,real,723,158,214
ntf-10024,real,636,145,209
ntf-10025,real,875,191,239
ntf-10026,real,242,53,66
ntf-10027,real,291,62,83
ntf-10028,real,471,103,143
ntf-10029,real,512,108,151
ntf-10030,real,619,132,179
ntf-10031,real,711,150,194
ntf-10032,real,868,177,242
ntf-10033,real,568,122,160
ntf-10034,real,666,135,192
ntf-10035,real,336,70,95
ntf-10036,real,581,122,154
ntf-10037,real,831,174,229
ntf-10038,real,815,178,233
ntf-10039,real,679,148,186
ntf-10040,real,1157,251,329
ntf-10041,real,569,123,154
ntf-10042,real,731,141,209
ntf-10043,real,855,191,262
ntf-10044,real,535,116,132
ntf-10045,real,606,130,172
ntf-10046,real,896,178,258
ntf-10047,real,337,68,90
ntf-10048,real,231,51,66
ntf-10049,real,480,108,134
ntf-10050,real,963,204,275
ntf-10051,real,263,52,75
ntf-10052,real,480,98,152
ntf-10053,real,497,111,144
ntf-10054,real,432,94,128
ntf-10055,real,384,82,100
ntf-10056,real,624,127,184
ntf-10057,real,448,95,137
ntf-10058,real,591,126,170
ntf-10059,real,698,157,198
ntf-10060,real,1121,247,307
ntf-10061,real,1014,229,290
ntf-10062,real,653,140,206
ntf-10063,real,747,161,212
ntf-10064,real,740,148,211
ntf-10065,real,1012,209,310
ntf-10066,real,454,101,127
ntf-10067,real,995,222,279
ntf-10068,real,1293,284,374
ntf-10069,real,884,190,228
ntf-10070,real,398,87,123
ntf-10071,real,356,74,101
ntf-10072,real,684,143,191
ntf-10073,real,245,51,72
ntf-10074,real,292,56,96
ntf-10075,real,299,64,84
ntf-10076,real,247,50,78
ntf-10077,real,221,46,64
ntf-10078,real,962,203,265
ntf-10079,real,281,58,86
ntf-10080,real,316,60,90
ntf-10081,real,607,133,183
ntf-10082,real,618,132,183
ntf-10083,real,739,153,211
ntf-10084,real,525,113,137
ntf-10085,real,507,116,143
ntf-10086,real,534,113,149
ntf-10087,real,236,53,65
ntf-10088,real,595,122,177
ntf-10089,real,573,126,173
ntf-10090,real,733,159,198
ntf-10091,real,458,98,137
ntf-10092,real,457,94,125
ntf-10093,real,590,126,178
ntf-10094,real,744,159,198
ntf-10095,real,622,134,173
ntf-10096,real,251,56,77
ntf-10097,real,810,182,245
ntf-10098,real,327,74,101
ntf-10099,real,680,146,188
ntf-10100,real,638,144,180
ntf-10101,real,187,42,62
ntf-10102,real,391,78,108
ntf-10103,real,365,70,109
ntf-10104,real,762,170,202
ntf-10105,real,263,58,80
ntf-10106,real,390,81,120
ntf-10107,real,996,210,302
ntf-10108,real,342,76,98
ntf-10109,real,314,66,90
ntf-10110,real,346,78,111
ntf-10111,real,275,59,76
ntf-10112,real,354,66,108
ntf-10113,real,377,74,109
ntf-10114,real,382,86,104
ntf-10115,real,431,87,125
ntf-10116,real,850,178,263
ntf-10117,real,316,64,89
ntf-10118,real,292,56,91
ntf-10119,real,778,161,235
ntf-10120,real,632,135,192
ntf-10121,real,283,64,80
ntf-10122,real,290,63,89
ntf-10123,real,623,130,155
ntf-10124,real,378,81,105
ntf-10125,real,320,61,98
ntf-10126,real,748,154,217
ntf-10127,real,480,99,136
ntf-10128,real,374,77,108
ntf-10129,real,351,79,119
ntf-10130,real,269,58,83
ntf-10131,real,877,184,249
ntf-10132,real,263,59,75
ntf-10133,real,402,75,107
ntf-10134,real,562,120,158
ntf-10135,real,260,55,73
ntf-10136,real,277,61,80
ntf-10137,real,329,68,99
ntf-10138,real,312,69,83
ntf-10139,real,368,84,111
ntf-10140,real,394,81,119
ntf-10141,real,332,73,97
ntf-10142,real,267,60,77
ntf-10143,real,350,70,106
ntf-10144,real,297,67,89
ntf-10145,real,526,120,152
ntf-10146,real,357,79,111
ntf-10147,real,944,196,274
ntf-10148,real,590,128,185
ntf-10149,real,279,60,87
ntf-10150,real,364,79,111
ntf-10151,real,811,155,244
ntf-10152,real,640,138,162
ntf-10153,real,617,120,188
ntf-10154,real,258,55,78
ntf-10155,real,848,180,245
ntf-10156,real,158,34,43
ntf-10157,real,847,180,261
ntf-10158,real,372,79,109
ntf-10159,real,376,78,106
ntf-10160,real,594,116,181
ntf-10161,real,366,64,111
ntf-10162,real,380,74,115
ntf-10163,real,1035,217,287
ntf-10164,real,387,87,117
ntf-10165,real,356,75,101
ntf-10166,real,730,157,212
ntf-10167,real,894,194,254
ntf-10168,real,370,79,115
ntf-10169,real,605,125,173
ntf-10170,real,832,173,207
ntf-10171,real,503,112,152
ntf-10172,real,613,129,160
ntf-10173,real,915,192,235
ntf-10174,real,976,187,272
ntf-10175,real,329,68,103
ntf-10176,real,882,187,256
ntf-10177,real,660,142,178
ntf-10178,real,629,134,179
ntf-10179,real,658,131,211
ntf-10180,real,993,199,257
ntf-10181,real,710,157,205
ntf-10182,real,616,134,184
ntf-10183,real,383,81,106
ntf-10184,real,471,95,128
ntf-10185,real,315,64,86
ntf-10186,real,476,107,158
ntf-10187,real,489,99,137
ntf-10188,real,375,83,110
ntf-10189,real,936,201,266
ntf-10190,real,794,157,202
ntf-10191,real,665,146,196
ntf-10192,real,369,79,103
ntf-10193,real,943,213,273
ntf-10194,real,249,49,69
ntf-10195,real,331,70,94
ntf-10196,real,328,69,97
ntf-10197,real,730,155,216
ntf-10198,real,821,184,243
ntf-10199,real,327,71,91
ntf-10200,real,302,60,90
ntf-10201,real,319,68,91
ntf-10202,real,913,174,266
ntf-10203,real,705,145,209
ntf-10204,real,786,171,230
ntf-10205,real,630,143,171
ntf-10206,real,327,67,84
ntf-10207,real,615,128,181
ntf-10208,real,673,142,174
ntf-10209,real,563,120,146
ntf-10210,real,878,182,246
ntf-10211,real,733,145,219
ntf-10212,real,730,147,221
ntf-10213,real,458,102,142
ntf-10214,real,270,58,82
ntf-10215,real,354,76,111
ntf-10216,real,302,64,83
ntf-10217,real,284,58,91
ntf-10218,real,665,137,158
ntf-10219,real,337,75,101
ntf-10220,real,309,71,98
ntf-10221,real,280,58,81
ntf-10222,real,727,163,207
ntf-10223,real,293,59,83
ntf-10224,real,270,56,84
ntf-10225,real,471,105,137
ntf-10226,real,364,79,108
ntf-10227,real,399,87,107
ntf-10228,real,260,54,82
ntf-10229,real,316,64,99
ntf-10230,real,307,61,90
ntf-10231,real,290,61,93
ntf-10232,real,314,69,98
ntf-10233,real,341,68,96
ntf-10234,real,258,55,77
ntf-10235,real,787,167,225
ntf-10236,real,815,180,237
ntf-10237,real,352,67,91
ntf-10238,real,712,149,203
ntf-10239,real,360,75,105
ntf-10240,real,321,67,107
ntf-10241,real,272,60,81
ntf-10242,real,347,73,108
ntf-10243,real,332,79,95
ntf-10244,real,644,140,164
ntf-10245,real,369,78,113
ntf-10246,real,277,60,85
ntf-10247,real,407,83,124
ntf-10248,real,380,79,116
ntf-10249,real,291,63,81
ntf-10250,real,356,74,112
ntf-10251,real,355,72,85
ntf-10252,real,1282,266,383
ntf-10253,real,856,191,257
ntf-10254,real,481,109,139
ntf-10255,real,296,65,84
ntf-10256,real,371,77,110
ntf-10257,real,302,69,95
ntf-10258,real,318,68,99
ntf-10259,real,383,85,113
ntf-10260,real,356,72,101
ntf-10261,real,329,63,109
ntf-10262,real,304,66,82
ntf-10263,real,394,84,111
ntf-10264,real,359,82,111
ntf-10265,real,329,72,94
ntf-10266,real,339,70,104
ntf-10267,real,705,140,203
ntf-10268,real,486,103,147
ntf-10269,real,996,218,309
ntf-10270,real,1004,227,282
ntf-10271,real,394,83,114
ntf-10272,real,349,79,104
ntf-10273,real,384,81,113
ntf-10274,real,357,78,103
ntf-10275,real,342,75,97
ntf-10276,real,318,73,94
ntf-10277,real,356,78,105
ntf-10278,real,371,77,99
ntf-10279,real,316,72,102
ntf-10280,real,336,65,91
ntf-10281,real,300,60,91
ntf-10282,real,316,61,89
ntf-10283,real,380,76,106
ntf-10284,real,338,67,92
ntf-10285,real,351,76,104
ntf-10286,real,559,108,156
ntf-10287,real,348,79,114
ntf-10288,real,402,90,123
ntf-10289,real,387,82,110
ntf-10290,real,1691,380,500
ntf-10291,real,309,67,89
ntf-10292,real,399,89,111
ntf-10293,real,364,78,99
ntf-10294,real,1063,248,314
ntf-10295,real,325,72,92
ntf-10296,real,279,61,84
ntf-10297,real,335,61,105
ntf-10298,real,276,54,78
ntf-10299,real,285,62,91
ntf-10300,real,413,88,125
ntf-10301,real,372,77,97
ntf-10302,real,750,146,207
ntf-10303,real,668,143,200
ntf-10304,real,378,80,110
ntf-10305,real,439,95,130
ntf-10306,real,376,82,112
ntf-10307,real,314,70,100
ntf-10308,real,870,192,265
ntf-10309,real,613,127,171
ntf-10310,real,369,82,107
ntf-10311,real,302,63,80
ntf-10312,real,875,173,258
ntf-10313,real,355,77,101
ntf-10314,real,317,71,98
ntf-10315,real,321,63,94
ntf-10316,real,293,58,81
ntf-10317,real,289,58,82
ntf-10318,real,251,53,79
ntf-10319,real,786,167,227
ntf-10320,real,354,73,112
ntf-10321,real,305,68,91
ntf-10322,real,570,116,153
ntf-10323,real,815,160,243
ntf-10324,real,423,86,130
ntf-10325,real,305,63,89
ntf-10326,real,319,69,87
ntf-10327,real,308,63,91
ntf-10328,real,333,70,102
ntf-10329,real,717,147,211
ntf-10330,real,333,71,88
ntf-10331,real,280,60,81
ntf-10332,real,373,78,117
ntf-10333,real,321,66,97
ntf-10334,real,271,56,80
ntf-10335,real,334,67,91
ntf-10336,real,291,65,82
ntf-10337,real,501,108,141
ntf-10338,real,321,64,100
ntf-10339,real,357,76,103
ntf-10340,real,1002,209,275
ntf-10341,real,755,158,200
ntf-10342,real,962,199,251
ntf-10343,real,329,69,90
ntf-10344,real,328,69,88
ntf-10345,real,267,55,89
ntf-10346,real,431,90,134
ntf-10347,real,242,56,75
ntf-10348,real,273,60,80
ntf-10349,real,314,67,100
ntf-10350,real,415,88,121
ntf-10351,real,518,107,157
ntf-10352,real,621,124,183
ntf-10353,real,907,192,270
ntf-10354,real,320,65,94
ntf-10355,real,273,60,95
ntf-10356,real,385,80,113
ntf-10357,real,375,78,101
ntf-10358,real,615,115,197
ntf-10359,real,307,62,98
ntf-10360,real,312,63,95
ntf-10361,real,387,83,120
ntf-10362,real,861,179,240
ntf-10363,real,354,77,107
ntf-10364,real,613,127,182
ntf-10365,real,330,72,100
ntf-10366,real,369,75,98
ntf-10367,real,370,78,105
ntf-10368,real,324,69,97
ntf-10369,real,363,70,98
ntf-10370,real,369,79,104
ntf-10371,real,335,75,96
ntf-10372,real,630,137,170
ntf-10373,real,393,85,111
ntf-10374,real,323,68,93
ntf-10375,real,315,61,88
ntf-10376,real,387,78,119
ntf-10377,real,299,66,85
ntf-10378,real,241,53,79
ntf-10379,real,351,70,97
ntf-10380,real,809,175,232
ntf-10381,real,202,42,60
ntf-10382,real,390,90,111
ntf-10383,real,261,50,80
ntf-10384,real,357,76,104
ntf-10385,real,529,114,160
ntf-10386,real,378,79,121
ntf-10387,real,337,68,101
ntf-10388,real,367,77,104
ntf-10389,real,256,58,78
ntf-10390,real,355,72,95
ntf-10391,real,367,77,108
ntf-10392,real,267,59,76
ntf-10393,real,207,43,68
ntf-10394,real,739,166,214
ntf-10395,real,299,66,85
ntf-10396,real,273,62,75
ntf-10397,real,358,77,102
ntf-10398,real,306,69,89
ntf-10399,real,767,155,222
ntf-10400,real,274,63,81
ntf-10401,real,256,51,76
ntf-10402,real,370,78,117
ntf-10403,real,355,74,109
ntf-10404,real,342,72,96
ntf-10405,real,259,60,73
ntf-10406,real,275,61,83
ntf-10407,real,329,67,95
ntf-10408,real,403,87,129
ntf-10409,real,394,82,117
ntf-10410,real,499,104,139
ntf-10411,real,336,63,97
ntf-10412,real,310,62,93
ntf-10413,real,220,43,63
ntf-10414,real,275,61,77
ntf-10415,real,367,77,106
ntf-10416,real,344,66,103
ntf-10417,real,545,115,160
ntf-10418,real,840,189,256
ntf-10419,real,268,58,88
ntf-10420,real,436,99,110
ntf-10421,real,822,176,270
ntf-10422,real,404,89,118
ntf-10423,real,291,57,92
ntf-10424,real,346,68,90
ntf-10425,real,476,95,128
ntf-10426,real,727,146,186
ntf-10427,real,487,96,140
ntf-10428,real,361,74,102
ntf-10429,real,433,96,136
ntf-10430,real,1046,222,288
ntf-10431,real,348,80,112
ntf-10432,real,365,77,101
ntf-10433,real,349,71,108
ntf-10434,real,479,108,141
ntf-10435,real,427,93,124
ntf-10436,real,264,56,75
ntf-10437,real,277,57,82
ntf-10438,real,298,72,95
ntf-10439,real,344,67,108
ntf-10440,real,405,86,115
ntf-10441,real,336,75,100
ntf-10442,real,282,56,77
ntf-10443,real,403,89,118
ntf-10444,real,316,65,94
ntf-10445,real,323,70,90
ntf-10446,real,395,91,122
ntf-10447,real,376,83,117
ntf-10448,real,340,80,102
ntf-10449,real,375,78,109
ntf-10450,real,427,98,137
ntf-10451,real,263,52,85
ntf-10452,real,283,59,78
ntf-10453,real,242,51,74
ntf-10454,real,376,81,107
ntf-10455,real,583,125,165
ntf-10456,real,620,133,179
ntf-10457,real,362,68,108
ntf-10458,real,389,81,106
ntf-10459,real,371,80,102
ntf-10460,real,660,140,209
ntf-10461,real,303,69,90
ntf-10462,real,282,63,76
ntf-10463,real,404,88,116
ntf-10464,real,323,69,96
ntf-10465,real,277,65,82
ntf-10466,real,341,74,113
ntf-10467,real,268,59,98
ntf-10468,real,298,70,90
ntf-10469,real,434,95,122
ntf-10470,real,252,56,79
ntf-10471,real,318,69,94
ntf-10472,real,353,77,107
ntf-10473,real,385,86,116
ntf-10474,real,350,73,106
ntf-10475,real,324,67,109
ntf-10476,real,238,49,75
ntf-10477,real,363,79,102
ntf-10478,real,404,89,132
ntf-10479,real,850,175,222
ntf-10480,real,449,93,146
ntf-10481,real,548,121,164
ntf-10482,real,618,122,174
ntf-10483,real,836,179,255
ntf-10484,real,324,63,88
ntf-10485,real,435,91,128
ntf-10486,real,422,91,124
ntf-10487,real,349,66,90
ntf-10488,real,835,182,244
ntf-10489,real,296,64,82
ntf-10490,real,298,67,88
ntf-10491,real,380,84,104
ntf-10492,real,269,52,80
ntf-10493,real,319,70,90
ntf-10494,real,332,73,103
ntf-10495,real,365,83,111
ntf-10496,real,760,161,203
ntf-10497,real,344,62,119
ntf-10498,real,292,60,90
ntf-10499,real,191,39,61
ntf-10500,real,275,59,81
ntf-10501,real,298,60,90
ntf-10502,real,405,85,112
ntf-10503,real,374,81,118
ntf-10504,real,375,77,104
ntf-10505,real,307,69,84
ntf-10506,real,347,77,96
ntf-10507,real,391,79,119
ntf-10508,real,402,84,121
ntf-10509,real,575,118,175
ntf-10510,real,345,82,96
ntf-10511,real,373,84,114
ntf-10512,real,330,69,95
ntf-10513,real,820,177,230
ntf-10514,real,308,67,99
ntf-10515,real,321,66,90
ntf-10516,real,391,81,112
ntf-10517,real,374,73,117
ntf-10518,real,405,82,135
ntf-10519,real,311,61,97
ntf-10520,real,495,105,133
ntf-10521,real,337,64,117
ntf-10522,real,311,71,94
ntf-10523,real,268,60,80
ntf-10524,real,1188,264,319
ntf-10525,real,382,76,111
ntf-10526,real,783,157,219
ntf-10527,real,695,150,217
ntf-10528,real,329,72,104
ntf-10529,real,469,99,137
ntf-10530,real,278,54,82
ntf-10531,real,234,48,78
ntf-10532,real,257,55,70
ntf-10533,real,361,73,100
ntf-10534,real,368,85,114
ntf-10535,real,777,163,230
ntf-10536,real,298,65,96
ntf-10537,real,321,67,86
ntf-10538,real,411,84,121
ntf-10539,real,255,54,77
ntf-10540,real,427,87,140
ntf-10541,real,298,70,81
ntf-10542,real,330,71,102
ntf-10543,real,981,203,289
ntf-10544,real,405,92,121
ntf-10545,real,409,87,119
ntf-10546,real,377,81,97
ntf-10547,real,448,92,123
ntf-10548,real,638,139,205
ntf-10549,real,346,76,94
ntf-10550,real,336,80,100
ntf-10551,real,309,56,103
ntf-10552,real,604,136,164
ntf-10553,real,303,65,97
ntf-10554,real,361,68,87
ntf-10555,real,349,72,93
ntf-10556,real,457,97,135
ntf-10557,real,397,88,123
ntf-10558,real,325,63,93
ntf-10559,real,314,64,98
ntf-10560,real,365,73,118
ntf-10561,real,445,104,122
ntf-10562,real,364,74,108
ntf-10563,real,260,56,72
ntf-10564,real,357,73,106
ntf-10565,real,417,87,119
ntf-10566,real,235,49,68
ntf-10567,real,1035,216,311
ntf-10568,real,251,50,70
ntf-10569,real,325,67,96
ntf-10570,real,372,76,116
ntf-10571,real,331,66,102
ntf-10572,real,283,55,82
ntf-10573,real,260,53,71
ntf-10574,real,336,71,95
ntf-10575,real,353,81,106
ntf-10576,real,364,75,112
ntf-10577,real,389,89,118
ntf-10578,real,765,166,202
ntf-10579,real,418,88,131
ntf-10580,real,420,90,115
ntf-10581,real,363,71,109
ntf-10582,real,278,60,79
ntf-10583,real,817,175,240
ntf-10584,real,866,183,248
ntf-10585,real,592,118,170
ntf-10586,real,385,79,93
ntf-10587,real,246,49,80
ntf-10588,real,344,79,101
ntf-10589,real,332,72,95
ntf-10590,real,447,102,138
ntf-10591,real,723,152,204
ntf-10592,real,351,77,96
ntf-10593,real,327,71,94
ntf-10594,real,289,64,76
ntf-10595,real,162,36,49
ntf-10596,real,334,66,101
ntf-10597,real,349,74,105
ntf-10598,real,306,68,89
ntf-10599,real,634,133,178
ntf-10600,real,262,59,87
ntf-10601,real,296,60,87
ntf-10602,real,285,54,84
ntf-10603,real,289,54,82
ntf-10604,real,333,61,101
ntf-10605,real,392,77,109
ntf-10606,real,399,78,124
ntf-10607,real,288,60,79
ntf-10608,real,514,114,142
ntf-10609,real,731,148,213
ntf-10610,real,355,81,106
ntf-10611,real,385,91,126
ntf-10612,real,308,72,90
ntf-10613,real,325,65,89
ntf-10614,real,408,88,118
ntf-10615,real,455,97,122
ntf-10616,real,481,105,141
ntf-10617,real,316,65,101
ntf-10618,real,305,66,106
ntf-10619,real,229,54,66
ntf-10620,real,530,123,161
ntf-10621,real,446,94,132
ntf-10622,real,825,166,253
ntf-10623,real,314,61,91
ntf-10624,real,388,83,108
ntf-10625,real,360,76,118
ntf-10626,real,323,73,88
ntf-10627,real,1076,237,290
ntf-10628,real,767,165,227
ntf-10629,real,1200,248,336
ntf-10630,real,296,58,91
ntf-10631,real,370,79,117
ntf-10632,real,401,88,111
ntf-10633,real,259,59,82
ntf-10634,real,204,44,56
ntf-10635,real,414,87,120
ntf-10636,real,384,78,110
ntf-10637,real,308,65,91
ntf-10638,real,376,73,111
ntf-10639,real,310,66,84
ntf-10640,real,301,63,86
ntf-10641,real,408,84,116
ntf-10642,real,748,159,198
ntf-10643,real,302,63,84
ntf-10644,real,365,72,107
ntf-10645,real,378,80,120
ntf-10646,real,152,31,47
ntf-10647,real,366,71,112
ntf-10648,real,356,78,105
ntf-10649,real,363,79,107
ntf-10650,real,225,50,71
ntf-10651,real,303,62,82
ntf-10652,real,594,128,154
ntf-10653,real,455,101,133
ntf-10654,real,411,95,116
ntf-10655,real,335,73,103
ntf-10656,real,510,108,159
ntf-10657,real,244,49,77
ntf-10658,real,368,82,107
ntf-10659,real,399,87,108
ntf-10660,real,366,78,106
ntf-10661,real,308,67,89
ntf-10662,real,179,40,52
ntf-10663,real,387,83,107
ntf-10664,real,311,61,90
ntf-10665,real,352,75,99
ntf-10666,real,439,91,124
ntf-10667,real,473,92,153
ntf-10668,real,508,114,141
ntf-10669,real,156,34,45
ntf-10670,real,224,49,68
ntf-10671,real,372,84,105
ntf-10672,real,407,81,125
ntf-10673,real,497,108,136
ntf-10674,real,257,57,76
ntf-10675,real,336,74,97
ntf-10676,real,368,76,107
ntf-10677,real,346,76,99
ntf-10678,real,370,81,103
ntf-10679,real,671,141,189
ntf-10680,real,1025,206,287
ntf-10681,real,285,59,77
ntf-10682,real,373,82,106
ntf-10683,real,378,81,106
ntf-10684,real,387,84,113
ntf-10685,real,193,41,65
ntf-10686,real,364,80,112
ntf-10687,real,282,60,77
ntf-10688,real,192,41,62
ntf-10689,real,1265,255,360
ntf-10690,real,367,80,98
ntf-10691,real,292,60,85
ntf-10692,real,288,63,84
ntf-10693,real,1046,237,297
ntf-10694,real,833,186,247
ntf-10695,real,501,108,154
ntf-10696,real,295,59,85
ntf-10697,real,253,49,71
ntf-10698,real,940,199,255
ntf-10699,real,334,70,100
ntf-10700,real,266,53,77
ntf-10701,real,375,80,103
ntf-10702,real,335,70,94
ntf-10703,real,895,187,250
ntf-10704,real,613,124,156
ntf-10705,real,1226,258,357
ntf-10706,real,602,124,158
ntf-10707,real,884,193,253
ntf-10708,real,1048,223,298
ntf-10709,real,686,151,202
ntf-10710,real,1135,251,311
ntf-10711,real,449,99,128
ntf-10712,real,337,76,94
ntf-10713,real,237,50,70
ntf-10714,real,938,202,249
ntf-10715,real,630,126,167
ntf-10716,real,394,76,131
ntf-10717,real,272,56,82
ntf-10718,real,365,75,109
ntf-10719,real,416,83,119
ntf-10720,real,651,135,196
ntf-10721,real,1257,246,361
ntf-10722,real,326,71,97
ntf-10723,real,315,67,96
ntf-10724,real,345,73,102
ntf-10725,real,170,37,51
ntf-10726,real,519,104,167
ntf-10727,real,893,188,233
ntf-10728,real,903,162,280
ntf-10729,real,466,91,144
ntf-10730,real,249,57,71
ntf-10731,real,392,83,113
ntf-10732,real,311,59,91
ntf-10733,real,326,65,106
ntf-10734,real,1099,229,353
ntf-10735,real,268,61,86
ntf-10736,real,409,86,118
ntf-10737,real,414,87,117
ntf-10738,real,949,199,292
ntf-10739,real,404,90,126
ntf-10740,real,283,54,82
ntf-10741,real,296,67,88
ntf-10742,real,273,55,83
ntf-10743,real,290,58,83
ntf-10744,real,718,154,217
ntf-10745,real,356,76,106
ntf-10746,real,427,82,127
ntf-10747,real,916,191,258
ntf-10748,real,247,56,75
ntf-10749,real,405,86,112
ntf-10750,real,416,91,122
ntf-10751,real,900,193,254
ntf-10752,real,1076,230,314
ntf-10753,real,649,143,181
ntf-10754,real,613,126,170
ntf-10755,real,870,189,234
ntf-10756,real,684,147,180
ntf-10757,real,731,161,219
ntf-10758,real,618,134,183
ntf-10759,real,524,112,148
ntf-10760,real,379,78,106
ntf-10761,real,438,93,129
ntf-10762,real,484,104,139
ntf-10763,real,254,56,69
ntf-10764,real,935,201,249
ntf-10765,real,248,54,71
ntf-10766,real,300,64,90
ntf-10767,real,309,70,87
ntf-10768,real,394,76,115
ntf-10769,real,222,44,68
ntf-10770,real,319,72,86
ntf-10771,real,1114,226,319
ntf-10772,real,359,80,112
ntf-10773,real,322,68,89
ntf-10774,real,249,54,76
ntf-10775,real,312,63,97
ntf-10776,real,319,69,90
ntf-10777,real,427,91,119
ntf-10778,real,194,40,57
ntf-10779,real,158,35,47
ntf-10780,real,948,193,269
ntf-10781,real,412,87,120
ntf-10782,real,328,69,98
ntf-10783,real,333,79,97
ntf-10784,real,408,87,120
ntf-10785,real,699,146,212
ntf-10786,real,911,186,262
ntf-10787,real,892,179,257
ntf-10788,real,258,46,80
ntf-10789,real,287,51,90
ntf-10790,real,281,57,86
ntf-10791,real,339,69,98
ntf-10792,real,320,69,98
ntf-10793,real,349,74,104
ntf-10794,real,1064,226,294
ntf-10795,real,286,63,79
ntf-10796,real,329,65,105
ntf-10797,real,303,61,91
ntf-10798,real,590,104,213
ntf-10799,real,646,136,172
ntf-10800,real,836,166,249
ntf-10801,real,727,153,193
ntf-10802,real,241,50,76
ntf-10803,real,388,78,104
ntf-10804,real,494,96,150
ntf-10805,real,569,122,148
ntf-10806,real,656,143,179
ntf-10807,real,361,77,104
ntf-10808,real,356,80,104
ntf-10809,real,327,69,97
ntf-10810,real,812,173,242
ntf-10811,real,337,72,94
ntf-10812,real,278,61,84
ntf-10813,real,181,39,53
ntf-10814,real,331,69,110
ntf-10815,real,680,140,187
ntf-10816,real,365,77,101
ntf-10817,real,382,83,114
ntf-10818,real,556,120,156
ntf-10819,real,281,59,85
ntf-10820,real,360,76,104
ntf-10821,real,305,66,96
ntf-10822,real,1042,220,290
ntf-10823,real,250,51,79
ntf-10824,real,318,65,99
ntf-10825,real,328,70,105
ntf-10826,real,275,58,90
ntf-10827,real,698,144,187
ntf-10828,real,290,61,89
ntf-10829,real,331,72,103
ntf-10830,real,1062,226,313
ntf-10831,real,346,72,96
ntf-10832,real,300,59,90
ntf-10833,real,244,49,79
ntf-10834,real,597,120,168
ntf-10835,real,251,54,69
ntf-10836,real,319,68,95
ntf-10837,real,383,87,106
ntf-10838,real,354,76,107
ntf-10839,real,620,129,177
ntf-10840,real,1256,290,359
ntf-10841,real,607,128,192
ntf-10842,real,375,79,99
ntf-10843,real,279,61,85
ntf-10844,real,287,60,76
ntf-10845,real,493,101,143
ntf-10846,real,216,48,68
ntf-10847,real,329,68,90
ntf-10848,real,298,60,92
ntf-10849,real,621,127,165
ntf-10850,real,643,129,175
ntf-10851,real,477,106,136
ntf-10852,real,381,76,112
ntf-10853,real,345,72,99
ntf-10854,real,398,87,106
ntf-10855,real,540,116,143
ntf-10856,real,311,62,90
ntf-10857,real,346,76,104
ntf-10858,real,302,62,88
ntf-10859,real,323,64,97
ntf-10860,real,561,121,148
ntf-10861,real,369,77,108
ntf-10862,real,323,65,99
ntf-10863,real,333,70,98
ntf-10864,real,342,70,100
ntf-10865,real,355,72,106
ntf-10866,real,313,66,97
ntf-10867,real,631,132,194
ntf-10868,real,1265,251,372
ntf-10869,real,289,62,87
ntf-10870,real,1021,200,327
ntf-10871,real,304,56,95
ntf-10872,real,378,72,114
ntf-10873,real,379,72,126
ntf-10874,real,878,186,248
ntf-10875,real,384,80,107
ntf-10876,real,299,53,96
ntf-10877,real,319,59,96
ntf-10878,real,557,110,143
ntf-10879,real,795,167,205
ntf-10880,real,913,195,226
ntf-10881,real,661,142,174
ntf-10882,real,605,126,159
ntf-10883,real,898,185,230
ntf-10884,real,369,77,102
ntf-10885,real,335,71,111
ntf-10886,real,693,146,202
ntf-10887,real,385,81,122
ntf-10888,real,331,73,94
ntf-10889,real,846,179,252
ntf-10890,real,666,149,195
ntf-10891,real,355,73,102
ntf-10892,real,330,69,86
ntf-10893,real,394,84,127
ntf-10894,real,295,61,86
ntf-10895,real,338,69,93
ntf-10896,real,242,54,73
ntf-10897,real,1000,210,287
ntf-10898,real,301,65,89
ntf-10899,real,308,65,98
ntf-10900,real,320,71,97
ntf-10901,real,604,130,198
ntf-10902,real,570,112,150
ntf-10903,real,575,133,173
ntf-10904,real,903,196,251
ntf-10905,real,439,91,114
ntf-10906,real,458,98,137
ntf-10907,real,531,110,147
ntf-10908,real,844,181,252
ntf-10909,real,503,108,139
ntf-10910,real,699,158,203
ntf-10911,real,457,96,140
ntf-10912,real,318,68,102
ntf-10913,real,276,57,82
ntf-10914,real,262,52,85
ntf-10915,real,707,144,217
ntf-10916,real,318,72,94
ntf-10917,real,217,46,71
ntf-10918,real,606,125,173
ntf-10919,real,685,146,205
ntf-10920,real,641,126,177
ntf-10921,real,199,43,63
ntf-10922,real,255,51,76
ntf-10923,real,282,59,82
ntf-10924,real,393,80,113
ntf-10925,real,838,183,245
ntf-10926,real,623,133,188
ntf-10927,real,354,75,106
ntf-10928,real,301,62,92
ntf-10929,real,581,122,183
ntf-10930,real,563,116,182
ntf-10931,real,877,188,276
ntf-10932,real,357,78,109
ntf-10933,real,808,169,223
ntf-10934,real,594,124,157
ntf-10935,real,748,154,215
ntf-10936,real,604,129,165
ntf-10937,real,1173,256,329
ntf-10938,real,634,141,182
ntf-10939,real,994,207,291
ntf-10940,real,253,51,74
ntf-10941,real,312,65,93
ntf-10942,real,286,64,81
ntf-10943,real,361,80,117
ntf-10944,real,888,157,265
ntf-10945,real,440,101,137
ntf-10946,real,709,141,203
ntf-10947,real,767,153,235
ntf-10948,real,518,113,164
ntf-10949,real,353,73,115
ntf-10950,real,376,73,114
ntf-10951,real,431,94,127
ntf-10952,real,224,43,72
ntf-10953,real,726,152,199
ntf-10954,real,425,91,129
ntf-10955,real,298,61,89
ntf-10956,real,413,95,117
ntf-10957,real,395,72,130
ntf-10958,real,619,124,186
ntf-10959,real,314,65,98
ntf-10960,real,254,51,78
ntf-10961,real,373,71,127
ntf-10962,real,313,69,88
ntf-10963,real,1017,210,264
ntf-10964,real,238,53,69
ntf-10965,real,988,212,267
ntf-10966,real,378,79,123
ntf-10967,real,287,59,85
ntf-10968,real,246,52,78
ntf-10969,real,791,162,216
ntf-10970,real,663,138,207
ntf-10971,real,609,125,179
ntf-10972,real,309,65,85
ntf-10973,real,291,63,78
ntf-10974,real,375,79,109
ntf-10975,real,302,63,84
ntf-10976,real,271,63,82
ntf-10977,real,305,63,95
ntf-10978,real,255,50,86
ntf-10979,real,191,37,65
ntf-10980,real,321,65,106
ntf-10981,real,186,37,58
ntf-10982,real,284,55,90
ntf-10983,real,303,59,100
ntf-10984,real,285,60,81
ntf-10985,real,296,60,90
ntf-10986,real,482,107,144
ntf-10987,real,436,94,127
ntf-10988,real,390,81,123
ntf-10989,real,319,68,94
ntf-10990,real,347,78,103
ntf-10991,real,766,152,221
ntf-10992,real,1117,231,297
ntf-10993,real,588,126,156
ntf-10994,real,282,62,79
ntf-10995,real,396,82,118
ntf-10996,real,359,81,110
ntf-10997,real,323,68,102
ntf-10998,real,637,131,171
ntf-10999,real,657,138,194
ntf-11000,real,344,75,103
ntf-11001,real,753,152,195
ntf-11002,real,397,90,134
ntf-11003,real,550,108,155
ntf-11004,real,1491,303,404
ntf-11005,real,207,44,63
ntf-11006,real,280,62,84
ntf-11007,real,394,91,116
ntf-11008,real,598,128,180
ntf-11009,real,692,148,213
ntf-11010,real,379,82,105
ntf-11011,real,412,90,119
ntf-11012,real,304,65,88
ntf-11013,real,815,167,252
ntf-11014,real,303,68,84
ntf-11015,real,345,72,106
ntf-11016,real,353,73,116
ntf-11017,real,226,46,71
ntf-11018,real,1400,282,404
ntf-11019,real,384,78,121
ntf-11020,real,449,100,137
ntf-11021,real,424,84,125
ntf-11022,real,222,47,74
ntf-11023,real,706,148,202
ntf-11024,real,477,104,147
ntf-11025,real,397,80,115
ntf-11026,real,351,77,93
ntf-11027,real,443,90,143
ntf-11028,real,315,70,94
ntf-11029,real,283,57,87
ntf-11030,real,272,53,79
ntf-11031,real,323,70,90
ntf-11032,real,411,88,115
ntf-11033,real,367,75,105
ntf-11034,real,333,74,107
ntf-11035,real,343,78,98
ntf-11036,real,289,61,85
ntf-11037,real,301,67,86
ntf-11038,real,766,155,207
ntf-11039,real,347,68,98
ntf-11040,real,368,82,110
ntf-11041,real,385,80,110
ntf-11042,real,367,82,115
ntf-11043,real,550,125,166
ntf-11044,real,366,79,98
ntf-11045,real,322,67,100
ntf-11046,real,348,73,99
ntf-11047,real,699,150,182
ntf-11048,real,674,138,190
ntf-11049,real,382,81,108
ntf-11050,real,359,82,95
ntf-11051,real,353,70,111
ntf-11052,real,260,47,77
ntf-11053,real,244,56,81
ntf-11054,real,658,139,187
ntf-11055,real,394,89,113
ntf-11056,real,271,60,78
ntf-11057,real,465,95,122
ntf-11058,real,872,173,244
ntf-11059,real,803,171,244
ntf-11060,real,402,87,118
ntf-11061,real,399,81,129
ntf-11062,real,758,158,217
ntf-11063,real,334,72,87
ntf-11064,real,276,58,93
ntf-11065,real,310,68,87
ntf-11066,real,360,74,101
ntf-11067,real,534,109,150
ntf-11068,real,284,61,91
ntf-11069,real,336,75,104
ntf-11070,real,275,58,83
ntf-11071,real,302,65,99
ntf-11072,real,776,164,213
ntf-11073,real,337,68,89
ntf-11074,real,831,169,262
ntf-11075,real,840,167,220
ntf-11076,real,503,110,154
ntf-11077,real,643,136,197
ntf-11078,real,1316,285,373
ntf-11079,real,1129,233,316
ntf-11080,real,393,77,122
ntf-11081,real,319,67,108
ntf-11082,real,396,75,127
ntf-11083,real,372,81,112
ntf-11084,real,389,79,110
ntf-11085,real,433,89,136
ntf-11086,real,412,90,124
ntf-11087,real,455,87,135
ntf-11088,real,350,69,110
ntf-11089,real,296,65,88
ntf-11090,real,253,53,93
ntf-11091,real,390,78,110
ntf-11092,real,870,186,259
ntf-11093,real,978,217,287
ntf-11094,real,275,59,86
ntf-11095,real,291,63,83
ntf-11096,real,308,67,95
ntf-11097,real,372,81,101
ntf-11098,real,817,172,234
ntf-11099,real,1135,242,324
ntf-11100,real,728,165,222
ntf-11101,real,233,50,70
ntf-11102,real,348,68,98
ntf-11103,real,354,76,104
ntf-11104,real,333,69,101
ntf-11105,real,489,103,144
ntf-11106,real,232,51,73
ntf-11107,real,331,74,92
ntf-11108,real,303,64,91
ntf-11109,real,512,112,149
ntf-11110,real,505,108,133
ntf-11111,real,301,65,86
ntf-11112,real,354,73,100
ntf-11113,real,277,57,88
ntf-11114,real,228,45,79
ntf-11115,real,1493,308,392
ntf-11116,real,317,71,95
ntf-11117,real,268,61,77
ntf-11118,real,373,72,101
ntf-11119,real,270,60,77
ntf-11120,real,1074,214,291
ntf-11121,real,382,80,116
ntf-11122,real,906,191,285
ntf-11123,real,259,54,78
ntf-11124,real,340,72,91
ntf-11125,real,416,90,128
ntf-11126,real,281,60,92
ntf-11127,real,742,161,200
ntf-11128,real,258,55,77
ntf-11129,real,318,69,91
ntf-11130,real,331,73,97
ntf-11131,real,354,71,98
ntf-11132,real,828,165,250
ntf-11133,real,795,166,219
ntf-11134,real,291,66,92
ntf-11135,real,285,62,90
ntf-11136,real,335,71,101
ntf-11137,real,329,71,103
ntf-11138,real,887,198,261
ntf-11139,real,318,68,90
ntf-11140,real,380,74,103
ntf-11141,real,415,93,132
ntf-11142,real,256,51,75
ntf-11143,real,342,72,100
ntf-11144,real,362,79,114
ntf-11145,real,319,70,108
ntf-11146,real,741,157,204
ntf-11147,real,972,217,297
ntf-11148,real,360,78,95
ntf-11149,real,338,66,94
ntf-11150,real,450,89,137
ntf-11151,real,199,44,62
ntf-11152,real,755,161,213
ntf-11153,real,585,119,172
ntf-11154,real,937,194,262
ntf-11155,real,485,102,139
ntf-11156,real,261,55,81
ntf-11157,real,308,62,85
ntf-11158,real,372,79,114
ntf-11159,real,461,100,124
ntf-11160,real,354,80,96
ntf-11161,real,249,53,81
ntf-11162,real,469,101,127
ntf-11163,real,476,98,149
ntf-11164,real,301,63,83
ntf-11165,real,318,66,103
ntf-11166,real,466,100,131
ntf-11167,real,538,116,185
ntf-11168,real,416,82,124
ntf-11169,real,224,50,68
ntf-11170,real,277,64,80
ntf-11171,real,312,66,91
ntf-11172,real,348,73,108
ntf-11173,real,792,167,228
ntf-11174,real,215,44,68
ntf-11175,real,711,152,189
ntf-11176,real,334,67,97
ntf-11177,real,295,64,88
ntf-11178,real,462,96,138
ntf-11179,real,688,151,181
ntf-11180,real,936,192,274
ntf-11181,real,625,130,171
ntf-11182,real,373,79,98
ntf-11183,real,442,91,114
ntf-11184,real,437,90,145
ntf-11185,real,275,61,77
ntf-11186,real,523,95,183
ntf-11187,real,662,139,204
ntf-11188,real,227,50,73
ntf-11189,real,609,121,182
ntf-11190,real,452,94,114
ntf-11191,real,629,127,179
ntf-11192,real,368,79,102
ntf-11193,real,639,132,181
ntf-11194,real,1025,222,272
ntf-11195,real,818,166,210
ntf-11196,real,974,207,264
ntf-11197,real,586,128,191
ntf-11198,real,480,100,157
ntf-11199,real,472,99,133
ntf-11200,real,576,121,149
ntf-11201,real,509,92,152
ntf-11202,real,518,107,172
ntf-11203,real,612,122,194
ntf-11204,real,326,72,97
ntf-11205,real,667,133,184
ntf-11206,real,450,91,133
ntf-11207,real,816,174,235
ntf-11208,real,422,84,117
ntf-11209,real,439,93,131
ntf-11210,real,357,79,118
ntf-11211,real,626,124,171
ntf-11212,real,254,50,82
ntf-11213,real,238,52,74
ntf-11214,real,464,101,123
ntf-11215,real,961,199,265
ntf-11216,real,255,56,70
ntf-11217,real,284,60,80
ntf-11218,real,541,113,155
ntf-11219,real,952,194,280
ntf-11220,real,893,183,266
ntf-11221,real,623,125,177
ntf-11222,real,830,172,232
ntf-11223,real,273,54,88
ntf-11224,real,558,113,156
ntf-11225,real,682,159,190
ntf-11226,real,678,130,225
ntf-11227,real,608,123,176
ntf-11228,real,238,47,66
ntf-11229,real,838,175,228
ntf-11230,real,578,118,152
ntf-11231,real,668,142,178
ntf-11232,real,542,110,136
ntf-11233,real,636,130,197
ntf-11234,real,288,58,66
ntf-11235,real,1098,217,313
ntf-11236,real,823,173,230
ntf-11237,real,527,112,148
ntf-11238,real,593,124,195
ntf-11239,real,879,179,266
ntf-11240,real,279,57,85
ntf-11241,real,370,83,110
ntf-11242,real,360,78,113
ntf-11243,real,397,77,126
ntf-11244,real,857,190,248
ntf-11245,real,681,156,194
ntf-11246,real,679,146,190
ntf-11247,real,772,162,224
ntf-11248,real,691,144,200
ntf-11249,real,545,120,163
ntf-11250,real,527,102,144
ntf-11251,real,715,160,187
ntf-11252,real,712,154,208
ntf-11253,real,679,136,211
ntf-11254,real,322,70,86
ntf-11255,real,487,94,159
ntf-11256,real,778,153,222
ntf-11257,real,816,178,237
ntf-11258,real,672,138,211
ntf-11259,real,770,170,213
ntf-11260,real,731,145,219
ntf-11261,real,437,93,133
ntf-11262,real,757,151,204
ntf-11263,real,537,109,164
ntf-11264,real,849,186,255
ntf-11265,real,990,208,279
ntf-11266,real,771,152,232
ntf-11267,real,312,70,102
ntf-11268,real,610,132,173
ntf-11269,real,671,133,197
ntf-11270,real,678,130,181
ntf-11271,real,869,167,255
ntf-11272,real,814,168,238
ntf-11273,real,436,90,116
ntf-11274,real,239,39,75
ntf-11275,real,868,194,226
ntf-11276,real,1104,218,316
ntf-11277,real,263,53,80
ntf-11278,real,637,131,175
ntf-11279,real,434,88,131
ntf-11280,real,526,114,169
ntf-11281,real,354,80,108
ntf-11282,real,603,127,185
ntf-11283,real,604,129,162
ntf-11284,real,492,97,158
ntf-11285,real,506,112,146
ntf-11286,real,402,87,103
ntf-11287,real,723,152,218
ntf-11288,real,673,137,204
ntf-11289,real,338,77,100
ntf-11290,real,319,54,108
ntf-11291,real,1091,228,362
ntf-11292,real,338,68,97
ntf-11293,real,311,64,96
ntf-11294,real,507,104,141
ntf-11295,real,325,69,103
ntf-11296,real,944,165,284
ntf-11297,real,446,96,141
ntf-11298,real,308,66,95
ntf-11299,real,291,58,88
ntf-11300,real,332,71,96
ntf-11301,real,976,217,268
ntf-11302,real,800,169,225
ntf-11303,real,520,108,148
ntf-11304,real,491,103,128
ntf-11305,real,304,63,86
ntf-11306,real,813,166,250
ntf-11307,real,664,141,207
ntf-11308,real,893,182,287
ntf-11309,real,751,156,242
ntf-11310,real,1207,262,338
ntf-11311,real,241,49,72
ntf-11312,real,482,104,141
ntf-11313,real,993,200,282
ntf-11314,real,260,47,80
ntf-11315,real,815,182,233
ntf-11316,real,1082,233,304
ntf-11317,real,699,136,203
ntf-11318,real,1099,235,327
ntf-11319,real,1042,208,312
ntf-11320,real,696,146,226
ntf-11321,real,947,189,252
ntf-11322,real,380,82,110
ntf-11323,real,380,83,108
ntf-11324,real,415,80,118
ntf-11325,real,689,137,195
ntf-11326,real,374,70,128
ntf-11327,real,361,75,109
ntf-11328,real,565,116,161
ntf-11329,real,780,164,251
ntf-11330,real,509,112,126
ntf-11331,real,862,173,246
ntf-11332,real,687,140,211
ntf-11333,real,781,159,206
ntf-11334,real,578,117,150
ntf-11335,real,364,76,113
ntf-11336,real,480,103,150
ntf-11337,real,481,106,136
ntf-11338,real,247,53,66
ntf-11339,real,249,51,74
ntf-11340,real,296,67,80
ntf-11341,real,293,68,87
ntf-11342,real,541,120,142
ntf-11343,real,490,103,143
ntf-11344,real,490,95,155
ntf-11345,real,527,111,150
ntf-11346,real,963,192,297
ntf-11347,real,874,182,248
ntf-11348,real,504,102,159
ntf-11349,real,760,159,230
ntf-11350,real,658,136,188
ntf-11351,real,475,104,130
ntf-11352,real,577,126,176
ntf-11353,real,507,103,148
ntf-11354,real,267,55,67
ntf-11355,real,382,83,111
ntf-11356,real,1196,255,361
ntf-11357,real,780,162,209
ntf-11358,real,199,42,60
ntf-11359,real,894,178,275
ntf-11360,real,358,79,116
ntf-11361,real,611,127,182
ntf-11362,real,336,75,100
ntf-11363,real,621,132,180
ntf-11364,real,628,134,178
ntf-11365,real,997,217,266
ntf-11366,real,961,214,270
ntf-11367,real,502,105,152
ntf-11368,real,318,72,92
ntf-11369,real,1320,295,404
ntf-11370,real,858,176,245
ntf-11371,real,852,185,252
ntf-11372,real,924,182,280
ntf-11373,real,1022,225,276
ntf-11374,real,901,204,273
ntf-11375,real,206,44,67
ntf-11376,real,285,60,77
ntf-11377,real,882,181,243
ntf-11378,real,271,58,78
ntf-11379,real,734,151,229
ntf-11380,real,434,94,114
ntf-11381,real,237,48,77
ntf-11382,real,417,87,118
ntf-11383,real,308,62,93
ntf-11384,real,326,71,90
ntf-11385,real,285,62,84
ntf-11386,real,290,53,84
ntf-11387,real,866,191,238
ntf-11388,real,733,146,209
ntf-11389,real,397,82,103
ntf-11390,real,451,87,127
ntf-11391,real,212,43,64
ntf-11392,real,498,105,147
ntf-11393,real,503,105,157
ntf-11394,real,836,172,236
ntf-11395,real,340,74,92
ntf-11396,real,284,59,90
ntf-11397,real,303,68,84
ntf-11398,real,414,78,121
ntf-11399,real,494,115,143
ntf-11400,real,241,53,71
ntf-11401,real,243,49,74
ntf-11402,real,251,53,79
ntf-11403,real,1172,248,332
ntf-11404,real,1096,226,292
ntf-11405,real,384,89,106
ntf-11406,real,371,85,102
ntf-11407,real,604,135,164
ntf-11408,real,553,122,154
ntf-11409,real,329,67,111
ntf-11410,real,395,87,118
ntf-11411,real,433,100,126
ntf-11412,real,704,151,201
ntf-11413,real,622,139,170
ntf-11414,real,414,86,127
ntf-11415,real,622,145,170
ntf-11416,real,906,194,264
ntf-11417,real,418,90,109
ntf-11418,real,207,44,64
ntf-11419,real,325,77,96
ntf-11420,real,515,111,144
ntf-11421,real,559,119,171
ntf-11422,real,251,50,69
ntf-11423,real,359,76,96
ntf-11424,real,397,85,127
ntf-11425,real,943,205,270
ntf-11426,real,504,109,141
ntf-11427,real,425,88,131
ntf-11428,real,746,150,232
ntf-11429,real,297,65,84
ntf-11430,real,387,88,99
ntf-11431,real,640,142,179
ntf-11432,real,613,135,172
ntf-11433,real,388,83,126
ntf-11434,real,605,120,176
ntf-11435,real,633,132,204
ntf-11436,real,1016,218,286
ntf-11437,real,841,167,248
ntf-11438,fake,916,195,267
ntf-11439,fake,880,186,258
ntf-11440,fake,559,114,136
ntf-11441,fake,629,127,189
ntf-11442,fake,824,183,239
ntf-11443,fake,627,127,171
ntf-11444,fake,757,160,232
ntf-11445,fake,731,156,230
ntf-11446,fake,878,175,266
ntf-11447,fake,427,88,116
ntf-11448,fake,725,155,217
ntf-11449,fake,900,198,260
ntf-11450,fake,1283,265,330
ntf-11451,fake,706,147,226
ntf-11452,fake,656,133,169
ntf-11453,fake,1374,269,384
ntf-11454,fake,1074,211,265
ntf-11455,fake,1374,284,420
ntf-11456,fake,1335,263,392
ntf-11457,fake,799,169,253
ntf-11458,fake,877,192,273
ntf-11459,fake,808,157,218
ntf-11460,fake,190,39,60
ntf-11461,fake,1073,213,309
ntf-11462,fake,874,170,265
ntf-11463,fake,661,139,211
ntf-11464,fake,473,96,129
ntf-11465,fake,574,125,160
ntf-11466,fake,299,70,92
ntf-11467,fake,1155,241,321
ntf-11468,fake,725,154,194
ntf-11469,fake,331,67,93
ntf-11470,fake,953,200,268
ntf-11471,fake,737,146,217
ntf-11472,fake,663,142,188
ntf-11473,fake,853,168,266
ntf-11474,fake,336,60,106
ntf-11475,fake,741,160,201
ntf-11476,fake,328,70,100
ntf-11477,fake,1066,225,332
ntf-11478,fake,832,167,245
ntf-11479,fake,729,145,223
ntf-11480,fake,441,79,141
ntf-11481,fake,241,47,72
ntf-11482,fake,702,142,199
ntf-11483,fake,272,58,73
ntf-11484,fake,1050,218,311
ntf-11485,fake,616,123,181
ntf-11486,fake,586,123,179
ntf-11487,fake,998,192,306
ntf-11488,fake,701,148,212
ntf-11489,fake,853,168,256
ntf-11490,fake,388,82,112
ntf-11491,fake,450,92,140
ntf-11492,fake,411,83,121
ntf-11493,fake,1210,253,340
ntf-11494,fake,878,169,236
ntf-11495,fake,287,57,91
ntf-11496,fake,1106,225,352
ntf-11497,fake,657,137,209
ntf-11498,fake,1003,208,317
ntf-11499,fake,623,129,187
ntf-11500,fake,495,106,136
ntf-11501,fake,892,184,281
ntf-11502,fake,876,169,286
ntf-11503,fake,831,166,248
ntf-11504,fake,618,120,166
ntf-11505,fake,907,189,283
ntf-11506,fake,666,139,209
ntf-11507,fake,674,123,229
ntf-11508,fake,817,168,248
ntf-11509,fake,598,131,192
ntf-11510,fake,780,153,241
ntf-11511,fake,630,102,190
ntf-11512,fake,754,149,212
ntf-11513,fake,1021,201,300
ntf-11514,fake,348,70,96
ntf-11515,fake,652,127,174
ntf-11516,fake,935,189,292
ntf-11517,fake,410,86,117
ntf-11518,fake,746,153,226
ntf-11519,fake,272,59,83
ntf-11520,fake,1015,198,262
ntf-11521,fake,830,150,301
ntf-11522,fake,365,77,112
ntf-11523,fake,316,67,99
ntf-11524,fake,864,174,259
ntf-11525,fake,869,180,272
ntf-11526,fake,899,159,307
ntf-11527,fake,978,208,265
ntf-11528,fake,1153,221,354
ntf-11529,fake,284,55,89
ntf-11530,fake,269,55,77
ntf-11531,fake,426,85,115
ntf-11532,fake,736,155,199
ntf-11533,fake,849,167,258
ntf-11534,fake,807,166,257
ntf-11535,fake,927,192,261
ntf-11536,fake,673,144,185
ntf-11537,fake,865,167,295
ntf-11538,fake,743,156,205
ntf-11539,fake,1057,219,278
ntf-11540,fake,958,194,295
ntf-11541,fake,964,198,278
ntf-11542,fake,898,176,267
ntf-11543,fake,919,186,293
ntf-11544,fake,761,159,228
ntf-11545,fake,872,173,293
ntf-11546,fake,270,57,77
ntf-11547,fake,340,64,100
ntf-11548,fake,180,38,57
ntf-11549,fake,575,119,149
ntf-11550,fake,416,81,130
ntf-11551,fake,209,38,65
ntf-11552,fake,254,52,74
ntf-11553,fake,822,166,253
ntf-11554,fake,297,54,88
ntf-11555,fake,636,128,194
ntf-11556,fake,826,163,249
ntf-11557,fake,1191,250,329
ntf-11558,fake,989,191,316
ntf-11559,fake,804,167,230
ntf-11560,fake,686,143,197
ntf-11561,fake,432,83,127
ntf-11562,fake,604,130,157
ntf-11563,fake,652,143,179
ntf-11564,fake,321,62,96
ntf-11565,fake,381,75,116
ntf-11566,fake,335,71,100
ntf-11567,fake,311,64,99
ntf-11568,fake,515,97,182
ntf-11569,fake,590,113,190
ntf-11570,fake,581,118,182
ntf-11571,fake,290,58,87
ntf-11572,fake,896,181,236
ntf-11573,fake,930,194,271
ntf-11574,fake,892,180,273
ntf-11575,fake,963,201,284
ntf-11576,fake,315,62,98
ntf-11577,fake,625,118,165
ntf-11578,fake,315,64,89
ntf-11579,fake,222,42,59
ntf-11580,fake,897,175,282
ntf-11581,fake,291,53,87
ntf-11582,fake,480,101,140
ntf-11583,fake,541,111,167
ntf-11584,fake,1083,209,322
ntf-11585,fake,697,140,191
ntf-11586,fake,938,187,289
ntf-11587,fake,823,167,264
ntf-11588,fake,1249,274,376
ntf-11589,fake,771,171,238
ntf-11590,fake,340,64,93
ntf-11591,fake,667,135,178
ntf-11592,fake,752,146,203
ntf-11593,fake,386,84,99
ntf-11594,fake,639,133,178
ntf-11595,fake,761,150,249
ntf-11596,fake,520,115,157
ntf-11597,fake,1061,219,326
ntf-11598,fake,990,203,294
ntf-11599,fake,412,87,106
ntf-11600,fake,461,93,130
ntf-11601,fake,358,78,105
ntf-11602,fake,269,63,84
ntf-11603,fake,697,144,195
ntf-11604,fake,306,53,105
ntf-11605,fake,1081,214,315
ntf-11606,fake,672,128,195
ntf-11607,fake,639,142,192
ntf-11608,fake,1190,239,349
ntf-11609,fake,643,138,184
ntf-11610,fake,668,143,186
ntf-11611,fake,337,67,94
ntf-11612,fake,278,60,80
ntf-11613,fake,656,130,206
ntf-11614,fake,1062,213,276
ntf-11615,fake,299,61,91
ntf-11616,fake,511,95,147
ntf-11617,fake,801,176,245
ntf-11618,fake,702,145,206
ntf-11619,fake,949,189,283
ntf-11620,fake,850,175,259
ntf-11621,fake,544,109,154
ntf-11622,fake,679,141,186
ntf-11623,fake,608,121,202
ntf-11624,fake,579,112,168
ntf-11625,fake,578,116,187
ntf-11626,fake,740,151,214
ntf-11627,fake,626,137,162
ntf-11628,fake,583,119,161
ntf-11629,fake,751,152,242
ntf-11630,fake,301,67,98
ntf-11631,fake,799,157,242
ntf-11632,fake,714,140,233
ntf-11633,fake,1088,236,313
ntf-11634,fake,394,82,116
ntf-11635,fake,601,131,174
ntf-11636,fake,542,111,153
ntf-11637,fake,905,196,271
ntf-11638,fake,473,99,147
ntf-11639,fake,456,84,135
ntf-11640,fake,432,81,138
ntf-11641,fake,847,177,270
ntf-11642,fake,847,169,245
ntf-11643,fake,562,106,145
ntf-11644,fake,301,66,86
ntf-11645,fake,821,170,235
ntf-11646,fake,683,130,191
ntf-11647,fake,282,58,92
ntf-11648,fake,609,128,192
ntf-11649,fake,587,125,184
ntf-11650,fake,749,157,225
ntf-11651,fake,440,94,135
ntf-11652,fake,771,169,231
ntf-11653,fake,668,143,191
ntf-11654,fake,752,154,228
ntf-11655,fake,644,132,195
ntf-11656,fake,844,164,220
ntf-11657,fake,306,58,91
ntf-11658,fake,1242,257,324
ntf-11659,fake,584,123,189
ntf-11660,fake,561,115,173
ntf-11661,fake,659,136,197
ntf-11662,fake,431,94,113
ntf-11663,fake,798,157,245
ntf-11664,fake,632,135,188
ntf-11665,fake,686,141,211
ntf-11666,fake,890,189,248
ntf-11667,fake,557,113,152
ntf-11668,fake,632,142,191
ntf-11669,fake,705,157,192
ntf-11670,fake,907,192,285
ntf-11671,fake,265,48,70
ntf-11672,fake,713,148,208
ntf-11673,fake,768,175,229
ntf-11674,fake,649,137,193
ntf-11675,fake,587,127,177
ntf-11676,fake,475,99,127
ntf-11677,fake,611,129,180
ntf-11678,fake,627,134,206
ntf-11679,fake,638,136,189
ntf-11680,fake,657,146,196
ntf-11681,fake,742,148,227
ntf-11682,fake,985,209,274
ntf-11683,fake,458,100,130
ntf-11684,fake,498,91,166
ntf-11685,fake,638,137,190
ntf-11686,fake,485,108,133
ntf-11687,fake,417,83,140
ntf-11688,fake,850,181,258
ntf-11689,fake,276,56,89
ntf-11690,fake,689,144,219
ntf-11691,fake,2280,459,629
ntf-11692,fake,712,154,221
ntf-11693,fake,643,136,178
ntf-11694,fake,425,91,110
ntf-11695,fake,960,192,302
ntf-11696,fake,370,75,99
ntf-11697,fake,923,181,269
ntf-11698,fake,997,207,287
ntf-11699,fake,833,177,242
ntf-11700,fake,832,164,233
ntf-11701,fake,770,171,221
ntf-11702,fake,975,198,310
ntf-11703,fake,668,137,214
ntf-11704,fake,787,159,243
ntf-11705,fake,546,116,146
ntf-11706,fake,519,98,146
ntf-11707,fake,773,170,223
ntf-11708,fake,604,125,188
ntf-11709,fake,423,87,108
ntf-11710,fake,871,182,269
ntf-11711,fake,666,126,185
ntf-11712,fake,773,162,230
ntf-11713,fake,786,160,220
ntf-11714,fake,636,132,200
ntf-11715,fake,472,100,131
ntf-11716,fake,703,142,208
ntf-11717,fake,1079,230,292
ntf-11718,fake,638,131,194
ntf-11719,fake,213,43,67
ntf-11720,fake,665,128,190
ntf-11721,fake,622,133,196
ntf-11722,fake,773,163,225
ntf-11723,fake,627,136,183
ntf-11724,fake,653,132,160
ntf-11725,fake,544,109,176
ntf-11726,fake,610,129,186
ntf-11727,fake,641,123,210
ntf-11728,fake,771,159,222
ntf-11729,fake,688,148,212
ntf-11730,fake,706,139,212
ntf-11731,fake,571,113,166
ntf-11732,fake,659,119,211
ntf-11733,fake,659,136,209
ntf-11734,fake,979,185,252
ntf-11735,fake,673,144,193
ntf-11736,fake,736,157,227
ntf-11737,fake,766,129,229
ntf-11738,fake,670,134,227
ntf-11739,fake,692,142,203
ntf-11740,fake,551,115,167
ntf-11741,fake,636,128,208
ntf-11742,fake,416,81,103
ntf-11743,fake,674,140,186
ntf-11744,fake,498,99,159
ntf-11745,fake,913,196,250
ntf-11746,fake,624,122,178
ntf-11747,fake,779,167,242
ntf-11748,fake,802,169,240
ntf-11749,fake,478,103,145
ntf-11750,fake,1231,247,361
ntf-11751,fake,559,120,163
ntf-11752,fake,505,105,143
ntf-11753,fake,560,118,170
ntf-11754,fake,285,62,78
ntf-11755,fake,539,111,170
ntf-11756,fake,618,131,195
ntf-11757,fake,612,128,191
ntf-11758,fake,411,81,131
ntf-11759,fake,749,148,228
ntf-11760,fake,395,79,110
ntf-11761,fake,705,149,202
ntf-11762,fake,783,168,232
ntf-11763,fake,1063,219,297
ntf-11764,fake,1083,229,275
ntf-11765,fake,651,133,197
ntf-11766,fake,401,84,113
ntf-11767,fake,646,135,194
ntf-11768,fake,998,208,287
ntf-11769,fake,776,161,229
ntf-11770,fake,435,91,127
ntf-11771,fake,587,131,174
ntf-11772,fake,494,92,131
ntf-11773,fake,692,144,186
ntf-11774,fake,594,120,184
ntf-11775,fake,1060,230,328
ntf-11776,fake,574,113,175
ntf-11777,fake,930,177,244
ntf-11778,fake,215,43,57
ntf-11779,fake,358,72,107
ntf-11780,fake,720,142,236
ntf-11781,fake,471,95,121
ntf-11782,fake,613,121,176
ntf-11783,fake,940,188,259
ntf-11784,fake,769,157,231
ntf-11785,fake,720,151,211
ntf-11786,fake,1268,263,358
ntf-11787,fake,1164,220,352
ntf-11788,fake,1389,298,389
ntf-11789,fake,609,131,195
ntf-11790,fake,698,151,201
ntf-11791,fake,593,121,179
ntf-11792,fake,513,107,149
ntf-11793,fake,713,145,231
ntf-11794,fake,1206,244,342
ntf-11795,fake,1160,244,309
ntf-11796,fake,267,57,80
ntf-11797,fake,732,155,215
ntf-11798,fake,520,107,168
ntf-11799,fake,659,134,204
ntf-11800,fake,775,161,248
ntf-11801,fake,625,130,185
ntf-11802,fake,594,129,176
ntf-11803,fake,640,129,188
ntf-11804,fake,527,110,155
ntf-11805,fake,787,172,219
ntf-11806,fake,1242,253,392
ntf-11807,fake,939,168,280
ntf-11808,fake,888,182,284
ntf-11809,fake,707,141,226
ntf-11810,fake,417,88,119
ntf-11811,fake,1222,251,349
ntf-11812,fake,1081,218,342
ntf-11813,fake,275,61,86
ntf-11814,fake,374,78,108
ntf-11815,fake,668,144,213
ntf-11816,fake,873,174,253
ntf-11817,fake,485,103,154
ntf-11818,fake,698,142,215
ntf-11819,fake,508,105,142
ntf-11820,fake,918,190,276
ntf-11821,fake,709,145,217
ntf-11822,fake,695,139,199
ntf-11823,fake,688,149,193
ntf-11824,fake,736,149,226
ntf-11825,fake,511,99,130
ntf-11826,fake,704,145,220
ntf-11827,fake,1358,273,427
ntf-11828,fake,757,151,220
ntf-11829,fake,1032,221,287
ntf-11830,fake,200,34,71
ntf-11831,fake,667,142,206
ntf-11832,fake,551,123,144
ntf-11833,fake,1544,328,466
ntf-11834,fake,696,145,196
ntf-11835,fake,823,160,231
ntf-11836,fake,723,147,232
ntf-11837,fake,788,163,237
ntf-11838,fake,676,143,209
ntf-11839,fake,539,110,180
ntf-11840,fake,195,38,50
ntf-11841,fake,807,170,238
ntf-11842,fake,679,142,184
ntf-11843,fake,599,127,209
ntf-11844,fake,336,63,109
ntf-11845,fake,871,166,251
ntf-11846,fake,482,97,148
ntf-11847,fake,671,136,201
ntf-11848,fake,927,208,275
ntf-11849,fake,685,138,211
ntf-11850,fake,680,136,213
ntf-11851,fake,322,69,98
ntf-11852,fake,726,147,202
ntf-11853,fake,382,75,107
ntf-11854,fake,659,135,195
ntf-11855,fake,827,162,253
ntf-11856,fake,826,171,253
ntf-11857,fake,325,61,87
ntf-11858,fake,772,160,238
ntf-11859,fake,593,128,176
ntf-11860,fake,626,133,191
ntf-11861,fake,683,147,200
ntf-11862,fake,540,116,166
ntf-11863,fake,548,115,167
ntf-11864,fake,632,130,191
ntf-11865,fake,711,153,204
ntf-11866,fake,622,124,173
ntf-11867,fake,743,157,235
ntf-11868,fake,604,118,184
ntf-11869,fake,736,148,201
ntf-11870,fake,656,133,207
ntf-11871,fake,695,149,223
ntf-11872,fake,871,181,247
ntf-11873,fake,575,122,168
ntf-11874,fake,567,118,171
ntf-11875,fake,490,103,142
ntf-11876,fake,759,170,220
ntf-11877,fake,899,188,251
ntf-11878,fake,468,96,131
ntf-11879,fake,762,150,210
ntf-11880,fake,856,180,258
ntf-11881,fake,671,136,174
ntf-11882,fake,827,182,259
ntf-11883,fake,591,116,195
ntf-11884,fake,731,151,219
ntf-11885,fake,1059,221,326
ntf-11886,fake,331,64,111
ntf-11887,fake,734,154,229
ntf-11888,fake,587,123,162
ntf-11889,fake,473,103,148
ntf-11890,fake,947,202,235
ntf-11891,fake,647,129,176
ntf-11892,fake,703,145,232
ntf-11893,fake,439,89,126
ntf-11894,fake,871,147,279
ntf-11895,fake,1072,227,271
ntf-11896,fake,668,138,168
ntf-11897,fake,516,102,163
ntf-11898,fake,1194,240,330
ntf-11899,fake,353,79,99
ntf-11900,fake,547,113,157
ntf-11901,fake,1101,231,310
ntf-11902,fake,682,141,208
ntf-11903,fake,697,133,209
ntf-11904,fake,711,142,222
ntf-11905,fake,594,120,168
ntf-11906,fake,584,123,190
ntf-11907,fake,388,81,132
ntf-11908,fake,676,135,225
ntf-11909,fake,677,135,171
ntf-11910,fake,734,153,225
ntf-11911,fake,702,146,227
ntf-11912,fake,772,156,214
ntf-11913,fake,588,120,178
ntf-11914,fake,592,129,178
ntf-11915,fake,676,148,201
ntf-11916,fake,658,138,209
ntf-11917,fake,660,140,186
ntf-11918,fake,652,148,193
ntf-11919,fake,713,159,186
ntf-11920,fake,678,138,198
ntf-11921,fake,727,156,204
ntf-11922,fake,423,87,119
ntf-11923,fake,757,158,234
ntf-11924,fake,478,108,147
ntf-11925,fake,729,160,218
ntf-11926,fake,529,107,147
ntf-11927,fake,444,94,136
ntf-11928,fake,622,121,172
ntf-11929,fake,603,125,183
ntf-11930,fake,538,115,156
ntf-11931,fake,733,145,232
ntf-11932,fake,642,131,197
ntf-11933,fake,483,100,124
ntf-11934,fake,826,162,216
ntf-11935,fake,830,172,250
ntf-11936,fake,615,130,169
ntf-11937,fake,511,106,147
ntf-11938,fake,842,173,254
ntf-11939,fake,493,98,163
ntf-11940,fake,691,146,216
ntf-11941,fake,697,146,209
ntf-11942,fake,580,109,170
ntf-11943,fake,401,86,122
ntf-11944,fake,675,143,199
ntf-11945,fake,1014,213,308
ntf-11946,fake,1064,226,310
ntf-11947,fake,700,147,196
ntf-11948,fake,713,149,203
ntf-11949,fake,502,103,156
ntf-11950,fake,580,126,180
ntf-11951,fake,750,159,232
ntf-11952,fake,536,110,158
ntf-11953,fake,1505,320,437
ntf-11954,fake,669,146,189
ntf-11955,fake,931,195,266
ntf-11956,fake,427,88,109
ntf-11957,fake,512,107,158
ntf-11958,fake,530,110,158
ntf-11959,fake,760,162,234
ntf-11960,fake,601,128,156
ntf-11961,fake,788,164,234
ntf-11962,fake,446,93,135
ntf-11963,fake,1031,217,266
ntf-11964,fake,940,202,240
ntf-11965,fake,793,174,238
ntf-11966,fake,618,121,179
ntf-11967,fake,590,119,165
ntf-11968,fake,1028,218,264
ntf-11969,fake,661,140,198
ntf-11970,fake,694,140,227
ntf-11971,fake,1233,224,368
ntf-11972,fake,895,187,270
ntf-11973,fake,850,183,233
ntf-11974,fake,334,69,93
ntf-11975,fake,570,126,168
ntf-11976,fake,356,74,105
ntf-11977,fake,631,136,194
ntf-11978,fake,729,149,239
ntf-11979,fake,923,191,242
ntf-11980,fake,1311,277,345
ntf-11981,fake,639,132,173
ntf-11982,fake,993,201,284
ntf-11983,fake,377,74,97
ntf-11984,fake,741,159,235
ntf-11985,fake,549,117,170
ntf-11986,fake,626,127,182
ntf-11987,fake,916,188,259
ntf-11988,fake,830,162,202
ntf-11989,fake,595,122,179
ntf-11990,fake,726,154,207
ntf-11991,fake,493,103,138
ntf-11992,fake,648,139,178
ntf-11993,fake,841,177,223
ntf-11994,fake,706,156,190
ntf-11995,fake,717,159,190
ntf-11996,fake,1007,223,311
ntf-11997,fake,713,163,198
ntf-11998,fake,767,157,212
ntf-11999,fake,741,150,193
ntf-12000,fake,997,206,246
ntf-12001,fake,834,177,212
ntf-12002,fake,1024,223,286
ntf-12003,fake,1122,226,316
ntf-12004,fake,812,166,213
ntf-12005,fake,765,173,211
ntf-12006,fake,739,152,193
ntf-12007,fake,516,110,146
ntf-12008,fake,530,107,127
ntf-12009,fake,936,191,238
ntf-12010,fake,422,86,109
ntf-12011,fake,813,169,206
ntf-12012,fake,319,63,86
ntf-12013,fake,1604,339,394
ntf-12014,fake,779,164,195
ntf-12015,fake,813,168,253
ntf-12016,fake,654,140,188
ntf-12017,fake,698,142,190
ntf-12018,fake,314,65,87
ntf-12019,fake,1236,264,327
ntf-12020,fake,556,116,177
ntf-12021,fake,269,53,70
ntf-12022,fake,644,131,179
ntf-12023,fake,686,148,208
ntf-12024,fake,630,133,185
ntf-12025,fake,634,99,190
ntf-12026,fake,635,129,169
ntf-12027,fake,811,177,247
ntf-12028,fake,1086,225,300
ntf-12029,fake,632,130,200
ntf-12030,fake,886,178,238
ntf-12031,fake,797,161,244
ntf-12032,fake,985,195,288
ntf-12033,fake,786,156,195
ntf-12034,fake,784,172,253
ntf-12035,fake,732,158,235
ntf-12036,fake,532,109,136
ntf-12037,fake,645,141,211
ntf-12038,fake,1009,202,287
ntf-12039,fake,768,164,226
ntf-12040,fake,594,120,176
ntf-12041,fake,762,144,181
ntf-12042,fake,499,97,156
ntf-12043,fake,916,189,229
ntf-12044,fake,330,71,109
ntf-12045,fake,663,130,181
ntf-12046,fake,343,59,96
ntf-12047,fake,1233,266,319
ntf-12048,fake,860,185,252
ntf-12049,fake,560,116,175
ntf-12050,fake,904,172,235
ntf-12051,fake,1088,223,295
ntf-12052,fake,572,118,186
ntf-12053,fake,715,146,220
ntf-12054,fake,1075,225,306
ntf-12055,fake,780,174,233
ntf-12056,fake,756,145,234
ntf-12057,fake,583,116,182
ntf-12058,fake,469,96,143
ntf-12059,fake,1143,223,286
ntf-12060,fake,624,132,183
ntf-12061,fake,559,111,156
ntf-12062,fake,854,182,269
ntf-12063,fake,292,62,84
ntf-12064,fake,1223,251,332
ntf-12065,fake,582,117,171
ntf-12066,fake,829,168,236
ntf-12067,fake,508,108,162
ntf-12068,fake,688,157,192
ntf-12069,fake,795,173,215
ntf-12070,fake,708,147,215
ntf-12071,fake,615,132,190
ntf-12072,fake,662,138,194
ntf-12073,fake,1036,212,265
ntf-12074,fake,916,193,262
ntf-12075,fake,868,179,256
ntf-12076,fake,565,118,165
ntf-12077,fake,759,156,210
ntf-12078,fake,247,42,78
ntf-12079,fake,643,126,197
ntf-12080,fake,373,74,113
ntf-12081,fake,689,145,200
ntf-12082,fake,660,139,190
ntf-12083,fake,1052,230,317
ntf-12084,fake,722,152,206
ntf-12085,fake,781,170,225
ntf-12086,fake,765,159,212
ntf-12087,fake,672,129,199
ntf-12088,fake,239,50,70
ntf-12089,fake,671,143,220
ntf-12090,fake,747,158,226
ntf-12091,fake,980,205,279
ntf-12092,fake,440,91,124
ntf-12093,fake,972,172,316
ntf-12094,fake,814,173,261
ntf-12095,fake,498,110,135
ntf-12096,fake,484,102,140
ntf-12097,fake,230,49,74
ntf-12098,fake,639,141,175
ntf-12099,fake,526,111,162
ntf-12100,fake,562,113,170
ntf-12101,fake,657,141,179
ntf-12102,fake,397,80,135
ntf-12103,fake,666,148,194
ntf-12104,fake,1264,276,387
ntf-12105,fake,788,170,232
ntf-12106,fake,272,59,78
ntf-12107,fake,2360,508,615
ntf-12108,fake,696,153,214
ntf-12109,fake,1085,229,296
ntf-12110,fake,447,94,128
ntf-12111,fake,277,59,79
ntf-12112,fake,768,162,235
ntf-12113,fake,657,136,190
ntf-12114,fake,752,160,235
ntf-12115,fake,613,124,174
ntf-12116,fake,819,173,257
ntf-12117,fake,865,187,229
ntf-12118,fake,1147,244,319
ntf-12119,fake,844,186,264
ntf-12120,fake,1082,239,312
ntf-12121,fake,846,176,284
ntf-12122,fake,703,145,203
ntf-12123,fake,650,138,196
ntf-12124,fake,944,206,306
ntf-12125,fake,734,154,217
ntf-12126,fake,931,196,263
ntf-12127,fake,1244,278,325
ntf-12128,fake,730,156,183
ntf-12129,fake,1003,215,290
ntf-12130,fake,552,121,168
ntf-12131,fake,717,158,202
ntf-12132,fake,342,73,100
ntf-12133,fake,265,55,81
ntf-12134,fake,556,114,169
ntf-12135,fake,740,149,193
ntf-12136,fake,793,142,257
ntf-12137,fake,1131,247,314
ntf-12138,fake,459,98,139
ntf-12139,fake,949,207,279
ntf-12140,fake,580,116,143
ntf-12141,fake,649,137,210
ntf-12142,fake,1191,268,341
ntf-12143,fake,747,153,229
ntf-12144,fake,796,169,231
ntf-12145,fake,1501,312,461
ntf-12146,fake,912,195,272
ntf-12147,fake,740,151,223
ntf-12148,fake,748,154,233
ntf-12149,fake,755,164,235
ntf-12150,fake,695,148,209
ntf-12151,fake,764,170,220
ntf-12152,fake,589,130,159
ntf-12153,fake,715,150,217
ntf-12154,fake,671,139,209
ntf-12155,fake,653,138,200
ntf-12156,fake,618,134,191
ntf-12157,fake,657,146,185
ntf-12158,fake,515,105,137
ntf-12159,fake,833,173,236
ntf-12160,fake,387,80,119
ntf-12161,fake,599,129,170
ntf-12162,fake,1064,241,303
ntf-12163,fake,709,150,215
ntf-12164,fake,539,114,157
ntf-12165,fake,492,102,135
ntf-12166,fake,790,172,221
ntf-12167,fake,1237,256,340
ntf-12168,fake,1137,244,313
ntf-12169,fake,777,164,213
ntf-12170,fake,821,176,246
ntf-12171,fake,803,169,245
ntf-12172,fake,649,139,211
ntf-12173,fake,712,152,210
ntf-12174,fake,926,195,279
ntf-12175,fake,773,156,219
ntf-12176,fake,352,73,97
ntf-12177,fake,735,160,227
ntf-12178,fake,1074,230,293
ntf-12179,fake,908,191,255
ntf-12180,fake,623,129,193
ntf-12181,fake,801,150,241
ntf-12182,fake,716,154,210
ntf-12183,fake,762,137,222
ntf-12184,fake,491,105,143
ntf-12185,fake,751,162,240
ntf-12186,fake,706,146,218
ntf-12187,fake,306,65,89
ntf-12188,fake,577,125,167
ntf-12189,fake,693,149,198
ntf-12190,fake,552,100,172
ntf-12191,fake,377,77,103
ntf-12192,fake,790,164,236
ntf-12193,fake,847,193,243
ntf-12194,fake,567,120,170
ntf-12195,fake,731,163,220
ntf-12196,fake,680,136,186
ntf-12197,fake,741,167,222
ntf-12198,fake,925,185,246
ntf-12199,fake,988,214,289
ntf-12200,fake,196,39,55
ntf-12201,fake,1546,335,469
ntf-12202,fake,789,163,206
ntf-12203,fake,812,167,244
ntf-12204,fake,659,144,177
ntf-12205,fake,892,195,239
ntf-12206,fake,688,158,205
ntf-12207,fake,774,165,243
ntf-12208,fake,524,112,140
ntf-12209,fake,627,135,166
ntf-12210,fake,649,140,200
ntf-12211,fake,241,50,71
ntf-12212,fake,964,219,286
ntf-12213,fake,213,43,70
ntf-12214,fake,282,55,75
ntf-12215,fake,582,122,165
ntf-12216,fake,1341,296,351
ntf-12217,fake,1159,256,337
ntf-12218,fake,878,194,227
ntf-12219,fake,854,183,252
ntf-12220,fake,876,194,249
ntf-12221,fake,751,171,228
ntf-12222,fake,508,106,155
ntf-12223,fake,862,179,259
ntf-12224,fake,984,218,277
ntf-12225,fake,914,194,277
ntf-12226,fake,588,101,191
ntf-12227,fake,728,158,220
ntf-12228,fake,751,158,204
ntf-12229,fake,373,75,122
ntf-12230,fake,687,147,222
ntf-12231,fake,656,142,206
ntf-12232,fake,911,140,294
ntf-12233,fake,704,146,209
ntf-12234,fake,288,45,100
ntf-12235,fake,738,160,209
ntf-12236,fake,809,160,189
ntf-12237,fake,1262,272,376
ntf-12238,fake,759,158,233
ntf-12239,fake,615,138,180
ntf-12240,fake,733,151,191
ntf-12241,fake,784,161,183
ntf-12242,fake,476,98,140
ntf-12243,fake,695,145,168
ntf-12244,fake,670,139,195
ntf-12245,fake,721,151,218
ntf-12246,fake,865,180,253
ntf-12247,fake,755,165,244
ntf-12248,fake,801,179,228
ntf-12249,fake,540,105,185
ntf-12250,fake,1136,236,328
ntf-12251,fake,825,169,249
ntf-12252,fake,773,164,253
ntf-12253,fake,864,181,228
ntf-12254,fake,773,172,213
ntf-12255,fake,1013,202,279
ntf-12256,fake,788,160,191
ntf-12257,fake,698,149,204
ntf-12258,fake,584,130,159
ntf-12259,fake,646,130,195
ntf-12260,fake,742,157,235
ntf-12261,fake,739,160,232
ntf-12262,fake,827,154,244
ntf-12263,fake,623,129,203
ntf-12264,fake,600,120,171
ntf-12265,fake,676,142,195
ntf-12266,fake,848,183,215
ntf-12267,fake,636,138,199
ntf-12268,fake,756,150,228
ntf-12269,fake,771,149,219
ntf-12270,fake,868,192,242
ntf-12271,fake,626,135,168
ntf-12272,fake,780,166,223
ntf-12273,fake,792,164,204
ntf-12274,fake,745,147,205
ntf-12275,fake,713,159,197
ntf-12276,fake,489,103,150
ntf-12277,fake,527,116,167
ntf-12278,fake,624,130,192
ntf-12279,fake,599,126,160
ntf-12280,fake,768,153,180
ntf-12281,fake,754,167,192
ntf-12282,fake,470,99,147
ntf-12283,fake,348,75,99
ntf-12284,fake,963,204,276
ntf-12285,fake,655,152,177
ntf-12286,fake,940,199,297
ntf-12287,fake,535,90,178
ntf-12288,fake,578,94,188
ntf-12289,fake,701,153,194
ntf-12290,fake,681,140,198
ntf-12291,fake,494,106,138
ntf-12292,fake,251,50,72
ntf-12293,fake,588,114,167
ntf-12294,fake,611,129,192
ntf-12295,fake,677,141,216
ntf-12296,fake,999,221,264
ntf-12297,fake,371,76,106
ntf-12298,fake,566,122,171
ntf-12299,fake,1025,225,275
ntf-12300,fake,744,160,234
ntf-12301,fake,860,173,217
ntf-12302,fake,714,152,209
ntf-12303,fake,930,199,279
ntf-12304,fake,806,182,210
ntf-12305,fake,618,130,180
ntf-12306,fake,763,156,240
ntf-12307,fake,589,125,180
ntf-12308,fake,630,130,169
ntf-12309,fake,442,92,103
ntf-12310,fake,615,130,220
ntf-12311,fake,1158,255,320
ntf-12312,fake,1568,340,395
ntf-12313,fake,611,125,191
ntf-12314,fake,634,132,189
ntf-12315,fake,569,123,171
ntf-12316,fake,1016,210,264
ntf-12317,fake,893,182,232
ntf-12318,fake,597,124,181
ntf-12319,fake,1096,239,317
ntf-12320,fake,884,188,235
ntf-12321,fake,1001,215,299
ntf-12322,fake,191,45,57
ntf-12323,fake,720,148,218
ntf-12324,fake,826,166,255
ntf-12325,fake,729,151,220
ntf-12326,fake,922,198,267
ntf-12327,fake,887,180,254
ntf-12328,fake,884,184,247
ntf-12329,fake,536,112,150
ntf-12330,fake,729,144,207
ntf-12331,fake,723,152,192
ntf-12332,fake,575,112,189
ntf-12333,fake,566,113,172
ntf-12334,fake,443,93,131
ntf-12335,fake,544,108,168
ntf-12336,fake,207,37,64
ntf-12337,fake,1121,238,329
ntf-12338,fake,883,193,260
ntf-12339,fake,857,188,261
ntf-12340,fake,936,199,229
ntf-12341,fake,271,56,87
ntf-12342,fake,534,108,151
ntf-12343,fake,210,41,64
ntf-12344,fake,813,168,213
ntf-12345,fake,981,212,283
ntf-12346,fake,795,162,230
ntf-12347,fake,841,138,265
ntf-12348,fake,746,160,220
ntf-12349,fake,768,171,230
ntf-12350,fake,640,139,190
ntf-12351,fake,622,141,175
ntf-12352,fake,946,199,280
ntf-12353,fake,849,185,260
ntf-12354,fake,656,143,193
ntf-12355,fake,648,135,189
ntf-12356,fake,1056,215,306
ntf-12357,fake,697,145,196
ntf-12358,fake,623,129,192
ntf-12359,fake,643,127,179
ntf-12360,fake,597,128,166
ntf-12361,fake,524,106,143
ntf-12362,fake,645,124,181
ntf-12363,fake,274,58,80
ntf-12364,fake,622,121,173
ntf-12365,fake,924,194,266
ntf-12366,fake,1060,215,297
ntf-12367,fake,704,155,184
ntf-12368,fake,782,155,260
ntf-12369,fake,627,125,197
ntf-12370,fake,749,161,219
ntf-12371,fake,802,168,234
ntf-12372,fake,167,33,53
ntf-12373,fake,808,185,237
ntf-12374,fake,1354,275,365
ntf-12375,fake,1147,239,297
ntf-12376,fake,850,148,287
ntf-12377,fake,459,98,127
ntf-12378,fake,523,105,144
ntf-12379,fake,725,156,183
ntf-12380,fake,721,154,213
ntf-12381,fake,834,181,262
ntf-12382,fake,1221,258,356
ntf-12383,fake,845,182,251
ntf-12384,fake,787,175,210
ntf-12385,fake,749,162,229
ntf-12386,fake,468,95,136
ntf-12387,fake,732,151,204
ntf-12388,fake,727,155,220
ntf-12389,fake,708,155,198
ntf-12390,fake,778,166,216
ntf-12391,fake,863,185,238
ntf-12392,fake,586,82,199
ntf-12393,fake,659,103,217
ntf-12394,fake,835,180,233
ntf-12395,fake,806,183,222
ntf-12396,fake,697,137,213
ntf-12397,fake,637,133,186
ntf-12398,fake,869,181,249
ntf-12399,fake,1045,220,277
ntf-12400,fake,499,96,157
ntf-12401,fake,768,169,218
ntf-12402,fake,745,158,238
ntf-12403,fake,841,168,249
ntf-12404,fake,819,175,247
ntf-12405,fake,237,42,82
ntf-12406,fake,1109,236,305
ntf-12407,fake,1032,219,278
ntf-12408,fake,602,100,206
ntf-12409,fake,782,126,243
ntf-12410,fake,546,109,165
ntf-12411,fake,827,182,238
ntf-12412,fake,761,157,194
ntf-12413,fake,620,133,181
ntf-12414,fake,751,152,228
ntf-12415,fake,890,191,255
ntf-12416,fake,755,151,216
ntf-12417,fake,786,178,247
ntf-12418,fake,1066,224,304
ntf-12419,fake,705,153,220
ntf-12420,fake,838,179,256
ntf-12421,fake,1260,268,325
ntf-12422,fake,931,199,279
ntf-12423,fake,1091,230,286
ntf-12424,fake,641,126,201
ntf-12425,fake,653,143,163
ntf-12426,fake,646,132,202
ntf-12427,fake,649,133,192
ntf-12428,fake,1083,228,299
ntf-12429,fake,611,123,158
ntf-12430,fake,635,131,166
ntf-12431,fake,1025,217,278
ntf-12432,fake,606,131,199
ntf-12433,fake,758,159,218
ntf-12434,fake,535,114,162
ntf-12435,fake,850,186,240
ntf-12436,fake,773,167,227
ntf-12437,fake,983,210,275
ntf-12438,fake,670,135,216
ntf-12439,fake,1065,217,322
ntf-12440,fake,641,132,216
ntf-12441,fake,651,90,219
ntf-12442,fake,516,97,152
ntf-12443,fake,864,202,234
ntf-12444,fake,939,194,273
ntf-12445,fake,621,125,151
ntf-12446,fake,595,127,191
ntf-12447,fake,1049,222,323
ntf-12448,fake,696,146,222
ntf-12449,fake,711,154,188
ntf-12450,fake,621,130,192
ntf-12451,fake,256,54,81
ntf-12452,fake,847,180,270
ntf-12453,fake,691,145,205
ntf-12454,fake,709,148,227
ntf-12455,fake,890,196,261
ntf-12456,fake,292,62,96
ntf-12457,fake,583,126,155
ntf-12458,fake,667,138,179
ntf-12459,fake,648,128,224
ntf-12460,fake,1538,310,436
ntf-12461,fake,1456,310,399
ntf-12462,fake,544,106,165
ntf-12463,fake,739,163,212
ntf-12464,fake,1019,201,296
ntf-12465,fake,663,130,216
ntf-12466,fake,1201,257,349
ntf-12467,fake,1135,231,316
ntf-12468,fake,963,189,272
ntf-12469,fake,554,113,168
ntf-12470,fake,835,179,244
ntf-12471,fake,709,146,190
ntf-12472,fake,857,193,231
ntf-12473,fake,426,89,122
ntf-12474,fake,583,124,195
ntf-12475,fake,745,149,219
ntf-12476,fake,819,163,239
ntf-12477,fake,768,152,204
ntf-12478,fake,1022,212,312
ntf-12479,fake,775,175,207
ntf-12480,fake,710,145,196
ntf-12481,fake,696,149,201
ntf-12482,fake,1271,272,340
ntf-12483,fake,664,134,189
ntf-12484,fake,853,171,247
ntf-12485,fake,581,114,168
ntf-12486,fake,826,167,258
ntf-12487,fake,660,134,189
ntf-12488,fake,622,107,189
ntf-12489,fake,714,140,203
ntf-12490,fake,484,97,130
ntf-12491,fake,1176,236,336
ntf-12492,fake,833,171,237
ntf-12493,fake,642,131,183
ntf-12494,fake,769,161,250
ntf-12495,fake,497,104,150
ntf-12496,fake,663,138,196
ntf-12497,fake,778,154,215
ntf-12498,fake,637,127,182
ntf-12499,fake,913,178,302
ntf-12500,fake,713,147,197
ntf-12501,fake,708,149,211
ntf-12502,fake,862,179,237
ntf-12503,fake,1734,371,492
ntf-12504,fake,812,179,265
ntf-12505,fake,709,146,224
ntf-12506,fake,850,170,233
ntf-12507,fake,1649,361,434
ntf-12508,fake,504,101,142
ntf-12509,fake,729,155,180
ntf-12510,fake,644,129,192
ntf-12511,fake,760,114,260
ntf-12512,fake,717,147,203
ntf-12513,fake,749,154,228
ntf-12514,fake,852,190,233
ntf-12515,fake,665,131,214
ntf-12516,fake,809,163,237
ntf-12517,fake,986,207,275
ntf-12518,fake,674,137,198
ntf-12519,fake,713,147,212
ntf-12520,fake,778,142,243
ntf-12521,fake,797,170,234
ntf-12522,fake,907,185,263
ntf-12523,fake,636,138,199
ntf-12524,fake,192,39,59
ntf-12525,fake,636,135,185
ntf-12526,fake,894,194,253
ntf-12527,fake,699,147,219
ntf-12528,fake,470,94,146
ntf-12529,fake,604,131,182
ntf-12530,fake,613,129,178
ntf-12531,fake,762,163,231
ntf-12532,fake,680,128,182
ntf-12533,fake,827,171,261
ntf-12534,fake,626,131,187
ntf-12535,fake,568,123,168
ntf-12536,fake,848,172,241
ntf-12537,fake,597,130,175
ntf-12538,fake,803,175,241
ntf-12539,fake,977,210,281
ntf-12540,fake,876,187,267
ntf-12541,fake,858,189,250
ntf-12542,fake,1463,288,450
ntf-12543,fake,658,140,201
ntf-12544,fake,939,166,292
ntf-12545,fake,633,130,180
ntf-12546,fake,512,102,160
ntf-12547,fake,734,152,218
ntf-12548,fake,931,190,282
ntf-12549,fake,538,116,158
ntf-12550,fake,809,179,236
ntf-12551,fake,979,220,309
ntf-12552,fake,1202,263,370
ntf-12553,fake,663,135,205
ntf-12554,fake,929,194,265
ntf-12555,fake,597,132,190
ntf-12556,fake,710,151,200
ntf-12557,fake,576,124,170
ntf-12558,fake,1008,210,281
ntf-12559,fake,963,208,270
ntf-12560,fake,851,188,225
ntf-12561,fake,503,101,153
ntf-12562,fake,953,199,277
ntf-12563,fake,827,172,235
ntf-12564,fake,849,168,247
ntf-12565,fake,1155,233,344
ntf-12566,fake,1357,286,384
ntf-12567,fake,786,151,227
ntf-12568,fake,810,162,249
ntf-12569,fake,787,149,232
ntf-12570,fake,957,194,282
ntf-12571,fake,440,103,133
ntf-12572,fake,533,120,155
ntf-12573,fake,596,121,169
ntf-12574,fake,613,95,193
ntf-12575,fake,694,139,208
ntf-12576,fake,990,215,289
ntf-12577,fake,888,182,275
ntf-12578,fake,962,211,294
ntf-12579,fake,624,132,208
ntf-12580,fake,765,164,232
ntf-12581,fake,169,35,51
ntf-12582,fake,1377,286,402
ntf-12583,fake,762,164,199
ntf-12584,fake,771,115,236
ntf-12585,fake,796,170,221
ntf-12586,fake,620,136,153
ntf-12587,fake,753,162,225
ntf-12588,fake,964,208,267
ntf-12589,fake,1002,195,282
ntf-12590,fake,1190,248,334
ntf-12591,fake,646,112,213
ntf-12592,fake,838,164,254
ntf-12593,fake,1073,232,291
ntf-12594,fake,663,149,179
ntf-12595,fake,819,180,231
ntf-12596,fake,586,120,157
ntf-12597,fake,433,90,111
ntf-12598,fake,809,167,225
ntf-12599,fake,1282,262,348
ntf-12600,fake,586,117,178
ntf-12601,fake,655,146,192
ntf-12602,fake,185,36,52
ntf-12603,fake,198,41,59
ntf-12604,fake,733,161,204
ntf-12605,fake,866,189,250
ntf-12606,fake,782,157,211
ntf-12607,fake,747,156,235
ntf-12608,fake,707,154,185
ntf-12609,fake,928,187,278
ntf-12610,fake,711,143,201
ntf-12611,fake,650,145,173
ntf-12612,fake,723,143,185
ntf-12613,fake,991,207,283
ntf-12614,fake,841,177,234
ntf-12615,fake,949,194,282
ntf-12616,fake,841,176,234
ntf-12617,fake,620,128,187
ntf-12618,fake,771,153,205
ntf-12619,fake,740,155,189
ntf-12620,fake,804,182,215
ntf-12621,fake,551,118,184
ntf-12622,fake,888,188,227
ntf-12623,fake,683,146,189
ntf-12624,fake,1276,255,355
ntf-12625,fake,980,205,286
ntf-12626,fake,913,206,251
ntf-12627,fake,268,58,77
ntf-12628,fake,988,208,282
ntf-12629,fake,560,117,168
ntf-12630,fake,814,169,214
ntf-12631,fake,720,146,207
ntf-12632,fake,761,157,211
ntf-12633,fake,613,134,176
ntf-12634,fake,823,186,227
ntf-12635,fake,721,142,212
ntf-12636,fake,608,120,170
ntf-12637,fake,1016,211,297
ntf-12638,fake,246,47,89
ntf-12639,fake,781,169,221
ntf-12640,fake,1086,235,314
ntf-12641,fake,694,152,183
ntf-12642,fake,555,121,166
ntf-12643,fake,1007,214,284
ntf-12644,fake,974,205,291
ntf-12645,fake,846,177,231
ntf-12646,fake,771,162,218
ntf-12647,fake,806,172,253
ntf-12648,fake,754,163,230
ntf-12649,fake,626,136,197
ntf-12650,fake,912,188,246
ntf-12651,fake,922,197,252
ntf-12652,fake,846,192,256
ntf-12653,fake,768,126,246
ntf-12654,fake,764,154,226
ntf-12655,fake,783,163,207
ntf-12656,fake,998,220,295
ntf-12657,fake,1063,236,284
ntf-12658,fake,892,179,249
ntf-12659,fake,279,52,75
ntf-12660,fake,218,44,61
ntf-12661,fake,740,124,226
ntf-12662,fake,934,199,258
ntf-12663,fake,619,129,197
ntf-12664,fake,675,149,193
ntf-12665,fake,573,121,160
ntf-12666,fake,1083,230,328
ntf-12667,fake,201,43,60
ntf-12668,fake,704,154,208
ntf-12669,fake,694,141,220
ntf-12670,fake,672,135,210
ntf-12671,fake,195,40,61
ntf-12672,fake,844,168,253
ntf-12673,fake,565,117,174
ntf-12674,fake,584,120,182
ntf-12675,fake,926,178,261
ntf-12676,fake,851,176,248
ntf-12677,fake,609,125,195
ntf-12678,fake,820,167,232
ntf-12679,fake,842,170,259
ntf-12680,fake,343,76,103
ntf-12681,fake,837,182,222
ntf-12682,fake,647,135,192
ntf-12683,fake,596,121,174
ntf-12684,fake,596,125,192
ntf-12685,fake,871,175,244
ntf-12686,fake,1436,309,382
ntf-12687,fake,982,215,271
ntf-12688,fake,945,140,336
ntf-12689,fake,653,143,189
ntf-12690,fake,811,163,218
ntf-12691,fake,399,81,108
ntf-12692,fake,968,216,272
ntf-12693,fake,943,211,275
ntf-12694,fake,746,130,253
ntf-12695,fake,601,118,166
ntf-12696,fake,715,132,237
ntf-12697,fake,581,125,172
ntf-12698,fake,893,201,259
ntf-12699,fake,882,194,233
ntf-12700,fake,877,182,251
ntf-12701,fake,732,163,199
ntf-12702,fake,714,159,195
ntf-12703,fake,627,134,186
ntf-12704,fake,932,205,295
ntf-12705,fake,878,173,246
ntf-12706,fake,578,124,161
ntf-12707,fake,755,147,211
ntf-12708,fake,571,122,175
ntf-12709,fake,646,132,205
ntf-12710,fake,904,192,289
ntf-12711,fake,584,127,167
ntf-12712,fake,901,197,288
ntf-12713,fake,829,170,227
ntf-12714,fake,785,167,217
ntf-12715,fake,1371,302,381
ntf-12716,fake,770,161,209
ntf-12717,fake,1109,223,314
ntf-12718,fake,744,153,196
ntf-12719,fake,586,126,183
ntf-12720,fake,310,63,85
ntf-12721,fake,581,126,184
ntf-12722,fake,949,203,262
ntf-12723,fake,745,158,233
ntf-12724,fake,620,117,194
ntf-12725,fake,561,123,166
ntf-12726,fake,932,204,244
ntf-12727,fake,847,193,235
ntf-12728,fake,964,195,277
ntf-12729,fake,885,184,254
ntf-12730,fake,885,179,256
ntf-12731,fake,1061,231,312
ntf-12732,fake,670,142,187
ntf-12733,fake,973,206,284
ntf-12734,fake,686,141,197
ntf-12735,fake,964,194,266
ntf-12736,fake,856,188,262
ntf-12737,fake,627,140,194
ntf-12738,fake,680,130,221
ntf-12739,fake,883,181,252
ntf-12740,fake,649,133,176
ntf-12741,fake,706,146,210
ntf-12742,fake,537,116,163
ntf-12743,fake,558,116,161
ntf-12744,fake,965,197,285
ntf-12745,fake,738,166,214
ntf-12746,fake,744,158,221
ntf-12747,fake,1038,214,279
ntf-12748,fake,968,195,278
ntf-12749,fake,715,160,212
ntf-12750,fake,377,80,107
ntf-12751,fake,891,185,269
ntf-12752,fake,445,88,124
ntf-12753,fake,1042,218,277
ntf-12754,fake,581,125,172
ntf-12755,fake,435,86,112
ntf-12756,fake,708,153,210
ntf-12757,fake,521,107,164
ntf-12758,fake,518,115,159
ntf-12759,fake,858,175,259
ntf-12760,fake,718,156,224
ntf-12761,fake,962,207,255
ntf-12762,fake,1002,210,283
ntf-12763,fake,989,209,268
ntf-12764,fake,612,128,176
ntf-12765,fake,600,120,187
ntf-12766,fake,679,127,223
ntf-12767,fake,626,137,197
ntf-12768,fake,629,131,162
ntf-12769,fake,815,176,239
ntf-12770,fake,800,179,238
ntf-12771,fake,730,157,209
ntf-12772,fake,591,131,180
ntf-12773,fake,912,188,273
ntf-12774,fake,1351,284,384
ntf-12775,fake,889,181,227
ntf-12776,fake,731,163,220
ntf-12777,fake,760,167,222
ntf-12778,fake,846,175,250
ntf-12779,fake,874,191,256
ntf-12780,fake,444,95,135
ntf-12781,fake,785,163,213
ntf-12782,fake,945,207,267
ntf-12783,fake,890,191,264
ntf-12784,fake,805,182,226
ntf-12785,fake,1135,237,301
ntf-12786,fake,847,183,240
ntf-12787,fake,594,125,183
ntf-12788,fake,545,117,170
ntf-12789,fake,694,147,207
ntf-12790,fake,672,146,178
ntf-12791,fake,1111,240,321
ntf-12792,fake,789,166,249
ntf-12793,fake,894,208,276
ntf-12794,fake,333,72,95
ntf-12795,fake,611,129,187
ntf-12796,fake,874,184,250
ntf-12797,fake,516,108,152
ntf-12798,fake,759,151,221
ntf-12799,fake,450,104,129
ntf-12800,fake,525,116,148
ntf-12801,fake,529,115,163
ntf-12802,fake,691,140,216
ntf-12803,fake,1164,205,340
ntf-12804,fake,492,105,157
ntf-12805,fake,899,187,265
ntf-12806,fake,644,144,201
ntf-12807,fake,822,178,219
ntf-12808,fake,813,180,219
ntf-12809,fake,746,155,229
ntf-12810,fake,485,109,132
ntf-12811,fake,669,142,186
ntf-12812,fake,800,163,215
ntf-12813,fake,638,138,205
ntf-12814,fake,563,108,170
ntf-12815,fake,405,85,115
ntf-12816,fake,1028,221,305
ntf-12817,fake,520,117,134
ntf-12818,fake,666,144,191
ntf-12819,fake,714,156,203
ntf-12820,fake,472,94,133
ntf-12821,fake,288,64,90
ntf-12822,fake,610,131,186
ntf-12823,fake,631,126,203
ntf-12824,fake,1315,281,367
ntf-12825,fake,786,152,217
ntf-12826,fake,536,115,157
ntf-12827,fake,511,106,142
ntf-12828,fake,559,123,145
ntf-12829,fake,591,122,173
ntf-12830,fake,538,115,166
ntf-12831,fake,650,142,185
ntf-12832,fake,784,164,253
ntf-12833,fake,562,119,166
ntf-12834,fake,673,130,188
ntf-12835,fake,644,129,173
ntf-12836,fake,418,85,133
ntf-12837,fake,827,180,249
ntf-12838,fake,694,145,190
ntf-12839,fake,380,87,101
ntf-12840,fake,645,137,194
ntf-12841,fake,778,171,236
ntf-12842,fake,791,174,242
ntf-12843,fake,678,141,202
ntf-12844,fake,584,121,183
ntf-12845,fake,539,111,170
ntf-12846,fake,753,160,228
ntf-12847,fake,933,194,271
ntf-12848,fake,923,177,266
ntf-12849,fake,1142,245,342
ntf-12850,fake,604,128,178
ntf-12851,fake,674,141,190
ntf-12852,fake,359,70,113
ntf-12853,fake,778,177,230
ntf-12854,fake,638,135,194
ntf-12855,fake,621,138,192
ntf-12856,fake,999,201,296
ntf-12857,fake,754,167,206
ntf-12858,fake,575,121,175
ntf-12859,fake,648,145,192
ntf-12860,fake,917,188,255
ntf-12861,fake,621,127,170
ntf-12862,fake,606,135,175
ntf-12863,fake,494,105,148
ntf-12864,fake,687,144,205
ntf-12865,fake,664,144,193
ntf-12866,fake,769,168,197
ntf-12867,fake,1005,213,301
ntf-12868,fake,932,184,278
ntf-12869,fake,794,179,216
ntf-12870,fake,653,142,195
ntf-12871,fake,670,133,205
ntf-12872,fake,700,154,205
ntf-12873,fake,578,119,181
ntf-12874,fake,499,109,143
ntf-12875,fake,599,126,170
ntf-12876,fake,684,143,199
ntf-12877,fake,674,137,200
ntf-12878,fake,665,144,178
ntf-12879,fake,849,194,246
ntf-12880,fake,703,151,211
ntf-12881,fake,728,164,229
ntf-12882,fake,793,183,219
ntf-12883,fake,655,138,199
ntf-12884,fake,636,131,183
ntf-12885,fake,918,192,244
ntf-12886,fake,668,154,183
ntf-12887,fake,1001,219,271
ntf-12888,fake,628,137,196
ntf-12889,fake,649,135,198
ntf-12890,fake,964,207,279
ntf-12891,fake,676,146,208
ntf-12892,fake,1287,267,364
ntf-12893,fake,706,147,215
ntf-12894,fake,726,147,217
ntf-12895,fake,692,143,199
ntf-12896,fake,836,180,221
ntf-12897,fake,628,121,188
ntf-12898,fake,508,117,144
ntf-12899,fake,564,117,175
ntf-12900,fake,994,205,284
ntf-12901,fake,732,154,233
ntf-12902,fake,544,116,167
ntf-12903,fake,608,125,175
ntf-12904,fake,663,130,155
ntf-12905,fake,850,172,253
ntf-12906,fake,832,165,224
ntf-12907,fake,762,169,215
ntf-12908,fake,511,107,161
ntf-12909,fake,527,105,126
ntf-12910,fake,888,185,262
ntf-12911,fake,512,108,147
ntf-12912,fake,599,123,177
ntf-12913,fake,808,165,253
ntf-12914,fake,416,81,136
ntf-12915,fake,483,103,142
ntf-12916,fake,563,116,171
ntf-12917,fake,756,149,208
ntf-12918,fake,475,99,156
ntf-12919,fake,657,136,191
ntf-12920,fake,903,196,239
ntf-12921,fake,404,94,110
ntf-12922,fake,675,136,176
ntf-12923,fake,840,181,237
ntf-12924,fake,684,148,197
ntf-12925,fake,795,116,266
ntf-12926,fake,498,112,140
ntf-12927,fake,571,120,161
ntf-12928,fake,726,156,208
ntf-12929,fake,433,93,113
ntf-12930,fake,611,140,178
ntf-12931,fake,552,130,158
ntf-12932,fake,538,115,166
ntf-12933,fake,606,138,178
ntf-12934,fake,521,78,176
ntf-12935,fake,699,153,209
ntf-12936,fake,794,173,237
ntf-12937,fake,609,121,190
ntf-12938,fake,633,147,182
ntf-12939,fake,787,176,222
ntf-12940,fake,1054,225,319
ntf-12941,fake,1097,236,313
ntf-12942,fake,938,188,269
ntf-12943,fake,671,146,188
ntf-12944,fake,627,133,181
ntf-12945,fake,1072,222,316
ntf-12946,fake,734,155,226
ntf-12947,fake,842,177,199
ntf-12948,fake,690,152,199
ntf-12949,fake,570,124,171
ntf-12950,fake,532,112,166
ntf-12951,fake,1083,218,309
ntf-12952,fake,976,205,315
ntf-12953,fake,584,130,168
ntf-12954,fake,822,171,252
ntf-12955,fake,672,140,180
ntf-12956,fake,411,90,122
ntf-12957,fake,614,139,190
ntf-12958,fake,1096,242,312
ntf-12959,fake,501,105,145
ntf-12960,fake,649,136,197
ntf-12961,fake,519,111,156
ntf-12962,fake,554,123,172
ntf-12963,fake,619,132,189
ntf-12964,fake,835,173,241
ntf-12965,fake,980,207,277
ntf-12966,fake,545,113,158
ntf-12967,fake,953,207,302
ntf-12968,fake,535,117,171
ntf-12969,fake,509,104,147
ntf-12970,fake,691,147,206
ntf-12971,fake,586,105,178
ntf-12972,fake,601,113,160
ntf-12973,fake,1010,212,273
ntf-12974,fake,701,151,209
ntf-12975,fake,411,78,118
ntf-12976,fake,501,62,194
ntf-12977,fake,697,162,204
ntf-12978,fake,540,108,181
ntf-12979,fake,520,111,158
ntf-12980,fake,965,195,267
ntf-12981,fake,427,82,140
ntf-12982,fake,1396,309,396
ntf-12983,fake,755,155,214
ntf-12984,fake,817,182,233
ntf-12985,fake,660,138,203
ntf-12986,fake,654,140,197
ntf-12987,fake,731,160,205
ntf-12988,fake,541,109,164
ntf-12989,fake,637,137,192
ntf-12990,fake,598,127,178
ntf-12991,fake,794,174,243
ntf-12992,fake,754,178,212
ntf-12993,fake,564,111,154
ntf-12994,fake,872,191,258
ntf-12995,fake,630,128,194
ntf-12996,fake,943,208,261
ntf-12997,fake,798,176,244
ntf-12998,fake,1367,299,391
ntf-12999,fake,551,112,164
ntf-13000,fake,476,92,127
ntf-13001,fake,565,124,177
ntf-13002,fake,734,136,214
ntf-13003,fake,806,175,238
ntf-13004,fake,544,124,171
ntf-13005,fake,707,134,217
ntf-13006,fake,253,46,75
ntf-13007,fake,473,95,136
ntf-13008,fake,493,94,158
ntf-13009,fake,790,142,249
ntf-13010,fake,722,146,173
ntf-13011,fake,968,201,255
ntf-13012,fake,578,120,169
ntf-13013,fake,1358,285,421
ntf-13014,fake,729,156,221
ntf-13015,fake,467,102,122
ntf-13016,fake,611,132,188
ntf-13017,fake,676,141,186
ntf-13018,fake,532,116,166
ntf-13019,fake,665,139,190
ntf-13020,fake,568,113,166
ntf-13021,fake,815,172,231
ntf-13022,fake,456,95,148
ntf-13023,fake,700,141,198
ntf-13024,fake,236,47,72
ntf-13025,fake,179,35,52
ntf-13026,fake,656,143,187
ntf-13027,fake,217,44,65
ntf-13028,fake,685,149,207
ntf-13029,fake,229,42,60
ntf-13030,fake,862,172,272
ntf-13031,fake,590,114,193
ntf-13032,fake,518,110,169
ntf-13033,fake,613,125,183
ntf-13034,fake,698,150,218
ntf-13035,fake,964,214,259
ntf-13036,fake,659,136,194
ntf-13037,fake,616,130,181
ntf-13038,fake,845,191,242
ntf-13039,fake,565,114,172
ntf-13040,fake,797,171,239
ntf-13041,fake,519,117,141
ntf-13042,fake,575,125,177
ntf-13043,fake,411,83,113
ntf-13044,fake,505,91,168
ntf-13045,fake,373,71,124
ntf-13046,fake,554,118,160
ntf-13047,fake,596,126,182
ntf-13048,fake,558,118,159
ntf-13049,fake,747,158,228
ntf-13050,fake,431,97,127
ntf-13051,fake,789,167,228
ntf-13052,fake,566,121,169
ntf-13053,fake,758,154,236
ntf-13054,fake,643,134,203
ntf-13055,fake,831,180,243
ntf-13056,fake,658,141,206
ntf-13057,fake,638,127,194
ntf-13058,fake,629,129,180
ntf-13059,fake,772,161,217
ntf-13060,fake,712,142,203
ntf-13061,fake,771,161,239
ntf-13062,fake,555,115,176
ntf-13063,fake,555,121,151
ntf-13064,fake,721,152,216
ntf-13065,fake,831,181,239
ntf-13066,fake,904,192,251
ntf-13067,fake,681,140,213
ntf-13068,fake,631,130,172
ntf-13069,fake,645,138,179
ntf-13070,fake,512,102,148
ntf-13071,fake,784,177,233
ntf-13072,fake,722,161,199
ntf-13073,fake,637,139,187
ntf-13074,fake,1036,225,303
ntf-13075,fake,382,84,102
ntf-13076,fake,514,107,152
ntf-13077,fake,850,155,260
ntf-13078,fake,898,197,251
ntf-13079,fake,506,111,168
ntf-13080,fake,637,140,191
ntf-13081,fake,804,180,237
ntf-13082,fake,755,160,225
ntf-13083,fake,570,122,174
ntf-13084,fake,792,169,225
ntf-13085,fake,477,99,143
ntf-13086,fake,439,99,133
ntf-13087,fake,693,147,209
ntf-13088,fake,730,161,201
ntf-13089,fake,836,167,240
ntf-13090,fake,963,217,249
ntf-13091,fake,656,139,196
ntf-13092,fake,559,118,165
ntf-13093,fake,586,134,176
ntf-13094,fake,502,104,162
ntf-13095,fake,901,199,255
ntf-13096,fake,636,136,184
ntf-13097,fake,609,131,191
ntf-13098,fake,490,109,141
ntf-13099,fake,710,150,204
ntf-13100,fake,765,165,230
ntf-13101,fake,1012,209,266
ntf-13102,fake,635,130,181
ntf-13103,fake,791,165,225
ntf-13104,fake,263,50,76
ntf-13105,fake,523,110,156
ntf-13106,fake,664,136,203
ntf-13107,fake,507,114,146
ntf-13108,fake,613,135,177
ntf-13109,fake,533,115,153
ntf-13110,fake,681,140,193
ntf-13111,fake,759,157,239
ntf-13112,fake,636,138,171
ntf-13113,fake,509,104,152
ntf-13114,fake,751,161,224
ntf-13115,fake,644,135,179
ntf-13116,fake,766,164,210
ntf-13117,fake,301,53,95
ntf-13118,fake,751,152,213
ntf-13119,fake,702,162,208
ntf-13120,fake,612,130,178
ntf-13121,fake,491,100,142
ntf-13122,fake,567,119,164
ntf-13123,fake,669,146,190
ntf-13124,fake,1179,244,312
ntf-13125,fake,572,113,182
ntf-13126,fake,654,145,174
ntf-13127,fake,613,132,186
ntf-13128,fake,402,68,138
ntf-13129,fake,528,109,159
ntf-13130,fake,591,131,181
ntf-13131,fake,558,115,166
ntf-13132,fake,750,157,226
ntf-13133,fake,562,128,176
ntf-13134,fake,734,154,205
ntf-13135,fake,536,107,150
ntf-13136,fake,609,90,206
ntf-13137,fake,614,117,174
ntf-13138,fake,875,201,236
ntf-13139,fake,497,103,152
ntf-13140,fake,576,125,177
ntf-13141,fake,479,68,157
ntf-13142,fake,587,127,167
ntf-13143,fake,752,157,214
ntf-13144,fake,656,140,182
ntf-13145,fake,688,145,211
ntf-13146,fake,995,209,289
ntf-13147,fake,671,136,195
ntf-13148,fake,658,135,185
ntf-13149,fake,576,118,185
ntf-13150,fake,422,90,106
ntf-13151,fake,634,130,191
ntf-13152,fake,837,177,230
ntf-13153,fake,505,106,159
ntf-13154,fake,685,146,209
ntf-13155,fake,564,122,164
ntf-13156,fake,761,163,217
ntf-13157,fake,825,163,246
ntf-13158,fake,786,170,218
ntf-13159,fake,631,140,176
ntf-13160,fake,659,145,188
ntf-13161,fake,663,140,191
ntf-13162,fake,669,144,200
ntf-13163,fake,738,163,213
ntf-13164,fake,406,89,110
ntf-13165,fake,524,110,187
ntf-13166,fake,619,130,179
ntf-13167,fake,431,95,130
ntf-13168,fake,686,143,184
ntf-13169,fake,739,160,227
ntf-13170,fake,360,75,105
ntf-13171,fake,476,106,154
ntf-13172,fake,579,120,182
ntf-13173,fake,631,126,193
ntf-13174,fake,772,170,205
ntf-13175,fake,499,98,132
ntf-13176,fake,649,141,189
ntf-13177,fake,679,144,203
ntf-13178,fake,404,64,144
ntf-13179,fake,800,166,253
ntf-13180,fake,508,104,166
ntf-13181,fake,599,122,169
ntf-13182,fake,764,158,228
ntf-13183,fake,820,172,250
ntf-13184,fake,474,96,136
ntf-13185,fake,968,209,280
ntf-13186,fake,814,177,244
ntf-13187,fake,557,118,170
ntf-13188,fake,771,167,227
ntf-13189,fake,434,88,137
ntf-13190,fake,367,74,118
ntf-13191,fake,837,182,225
ntf-13192,fake,435,93,126
ntf-13193,fake,631,132,178
ntf-13194,fake,585,121,177
ntf-13195,fake,766,161,207
ntf-13196,fake,489,99,157
ntf-13197,fake,956,205,254
ntf-13198,fake,598,118,169
ntf-13199,fake,568,95,198
ntf-13200,fake,711,147,201
ntf-13201,fake,1006,211,269
ntf-13202,fake,477,87,144
ntf-13203,fake,587,129,160
ntf-13204,fake,549,123,171
ntf-13205,fake,872,189,263
ntf-13206,fake,443,95,114
ntf-13207,fake,584,118,185
ntf-13208,fake,625,128,181
ntf-13209,fake,485,100,160
ntf-13210,fake,710,155,209
ntf-13211,fake,653,141,193
ntf-13212,fake,454,98,122
ntf-13213,fake,303,61,92
ntf-13214,fake,551,112,172
ntf-13215,fake,615,132,187
ntf-13216,fake,661,139,198
ntf-13217,fake,433,93,135
ntf-13218,fake,744,161,209
ntf-13219,fake,541,109,132
ntf-13220,fake,604,136,171
ntf-13221,fake,878,188,238
ntf-13222,fake,709,156,183
ntf-13223,fake,567,123,172
ntf-13224,fake,653,144,188
ntf-13225,fake,450,98,144
ntf-13226,fake,487,100,136
ntf-13227,fake,758,164,218
ntf-13228,fake,586,80,196
ntf-13229,fake,808,178,228
ntf-13230,fake,894,188,275
ntf-13231,fake,558,113,171
ntf-13232,fake,755,168,235
ntf-13233,fake,900,198,262
ntf-13234,fake,581,120,175
ntf-13235,fake,475,91,142
ntf-13236,fake,883,185,244
ntf-13237,fake,586,120,188
ntf-13238,fake,360,71,105
ntf-13239,fake,724,148,209
ntf-13240,fake,567,119,153
ntf-13241,fake,470,104,131
ntf-13242,fake,456,105,130
ntf-13243,fake,706,148,216
ntf-13244,fake,1019,235,302
ntf-13245,fake,455,92,147
ntf-13246,fake,551,114,160
ntf-13247,fake,339,67,98
ntf-13248,fake,622,124,178
ntf-13249,fake,613,130,185
ntf-13250,fake,798,164,236
ntf-13251,fake,508,108,164
ntf-13252,fake,786,165,214
ntf-13253,fake,669,143,193
ntf-13254,fake,594,129,183
ntf-13255,fake,740,150,202
ntf-13256,fake,394,83,106
ntf-13257,fake,736,160,216
ntf-13258,fake,602,123,182
ntf-13259,fake,683,134,196
ntf-13260,fake,751,128,232
ntf-13261,fake,603,125,178
ntf-13262,fake,580,118,171
ntf-13263,fake,623,128,180
ntf-13264,fake,401,81,119
ntf-13265,fake,772,152,237
ntf-13266,fake,679,150,188
ntf-13267,fake,377,74,117
ntf-13268,fake,650,135,198
ntf-13269,fake,526,112,157
ntf-13270,fake,659,139,225
ntf-13271,fake,475,99,135
ntf-13272,fake,720,145,211
ntf-13273,fake,510,113,155
ntf-13274,fake,638,144,181
ntf-13275,fake,935,202,260
ntf-13276,fake,715,160,206
ntf-13277,fake,626,132,196
ntf-13278,fake,560,120,161
ntf-13279,fake,825,172,240
ntf-13280,fake,801,176,225
ntf-13281,fake,472,93,144
ntf-13282,fake,990,200,280
ntf-13283,fake,488,104,139
ntf-13284,fake,538,111,171
ntf-13285,fake,846,174,231
ntf-13286,fake,586,125,173
ntf-13287,fake,753,160,215
ntf-13288,fake,603,133,174
ntf-13289,fake,577,128,170
ntf-13290,fake,748,158,223
ntf-13291,fake,620,123,195
ntf-13292,fake,899,187,273
ntf-13293,fake,287,57,84
ntf-13294,fake,443,91,139
ntf-13295,fake,822,172,223
ntf-13296,fake,985,204,254
ntf-13297,fake,657,134,207
ntf-13298,fake,855,193,249
ntf-13299,fake,628,135,199
ntf-13300,fake,705,131,213
ntf-13301,fake,612,116,183
ntf-13302,fake,648,131,205
ntf-13303,fake,787,169,247
ntf-13304,fake,605,131,167
ntf-13305,fake,525,109,155
ntf-13306,fake,716,146,214
ntf-13307,fake,578,114,181
ntf-13308,fake,593,130,168
ntf-13309,fake,1136,222,313
ntf-13310,fake,588,124,177
ntf-13311,fake,597,131,180
ntf-13312,fake,410,81,131
ntf-13313,fake,728,153,211
ntf-13314,fake,867,176,270
ntf-13315,fake,712,159,181
ntf-13316,fake,821,171,265
ntf-13317,fake,815,160,259
ntf-13318,fake,692,142,209
ntf-13319,fake,878,187,250
ntf-13320,fake,805,171,219
ntf-13321,fake,880,173,254
ntf-13322,fake,723,154,223
ntf-13323,fake,590,121,185
ntf-13324,fake,309,68,103
ntf-13325,fake,378,79,107
ntf-13326,fake,892,182,226
ntf-13327,fake,551,117,165
ntf-13328,fake,515,97,164
ntf-13329,fake,656,133,187
ntf-13330,fake,551,118,149
ntf-13331,fake,810,166,238
ntf-13332,fake,622,125,197
ntf-13333,fake,1277,276,358
ntf-13334,fake,725,153,215
ntf-13335,fake,434,90,147
ntf-13336,fake,352,72,122
ntf-13337,fake,467,96,131
ntf-13338,fake,510,97,132
ntf-13339,fake,791,164,236
ntf-13340,fake,609,122,188
ntf-13341,fake,481,99,135
ntf-13342,fake,888,179,259
ntf-13343,fake,1067,235,322
ntf-13344,fake,695,138,185
ntf-13345,fake,688,146,213
ntf-13346,fake,584,122,180
ntf-13347,fake,507,104,157
ntf-13348,fake,513,107,153
ntf-13349,fake,807,169,246
ntf-13350,fake,521,105,159
ntf-13351,fake,783,159,234
ntf-13352,fake,757,158,229
ntf-13353,fake,913,200,262
ntf-13354,fake,580,114,167
ntf-13355,fake,246,49,78
ntf-13356,fake,443,99,141
ntf-13357,fake,366,80,105
ntf-13358,fake,538,114,163
ntf-13359,fake,749,156,219
ntf-13360,fake,729,152,223
ntf-13361,fake,693,146,189
ntf-13362,fake,670,152,196
ntf-13363,fake,610,121,190
ntf-13364,fake,638,131,183
ntf-13365,fake,654,137,201
ntf-13366,fake,347,72,110
ntf-13367,fake,489,97,158
ntf-13368,fake,613,136,160
ntf-13369,fake,530,109,173
ntf-13370,fake,485,100,142
ntf-13371,fake,482,105,138
ntf-13372,fake,812,160,208
ntf-13373,fake,671,136,192
ntf-13374,fake,934,185,269
ntf-13375,fake,456,97,133
ntf-13376,fake,562,120,167
ntf-13377,fake,639,135,185
ntf-13378,fake,419,88,114
ntf-13379,fake,587,121,175
ntf-13380,fake,500,108,149
ntf-13381,fake,700,146,209
ntf-13382,fake,828,165,229
ntf-13383,fake,763,165,228
ntf-13384,fake,440,95,115
ntf-13385,fake,782,167,229
ntf-13386,fake,615,127,186
ntf-13387,fake,609,129,177
